-5.149514675140380859e-01,-2.695998735725879669e-02,1.531592130661010742e+00
-5.148249864578247070e-01,-2.631799690425395966e-02,1.531618595123291016e+00
-5.013810396194458008e-01,-2.148699760437011719e-02,1.530961513519287109e+00
-4.539360404014587402e-01,-3.059034235775470734e-03,1.531213998794555664e+00
-3.730000853538513184e-01,2.790297567844390869e-02,1.535252928733825684e+00
-3.463003337383270264e-01,5.197485163807868958e-02,1.540251612663269043e+00
-3.099796772003173828e-01,6.288962811231613159e-02,1.545350790023803711e+00
-2.774397432804107666e-01,5.458948388695716858e-02,1.545025825500488281e+00
-2.687795162200927734e-01,3.217168152332305908e-02,1.539479613304138184e+00
-2.871154546737670898e-01,8.753098547458648682e-03,1.526691079139709473e+00
-3.037360310554504395e-01,-9.139903821051120758e-03,1.519243121147155762e+00
-2.662203311920166016e-01,-2.216915600001811981e-02,1.521992206573486328e+00
-1.752510517835617065e-01,-2.135568670928478241e-02,1.529510378837585449e+00
-7.258667051792144775e-02,-7.873839698731899261e-03,1.537278294563293457e+00
-4.404837731271982193e-03,5.600839387625455856e-03,1.544479489326477051e+00
1.810343377292156219e-02,1.180090755224227905e-02,1.553028345108032227e+00
2.392351627349853516e-02,1.116755791008472443e-02,1.561928153038024902e+00
4.776126146316528320e-02,9.219110012054443359e-03,1.569295287132263184e+00
9.879627823829650879e-02,1.207675691694021225e-02,1.575290560722351074e+00
1.516052782535552979e-01,2.371740713715553284e-02,1.580548405647277832e+00
1.613392233848571777e-01,3.517958894371986389e-02,1.586798548698425293e+00
1.143719479441642761e-01,3.869957104325294495e-02,1.595773100852966309e+00
5.412127450108528137e-02,3.559920936822891235e-02,1.605879545211791992e+00
1.616232097148895264e-02,2.997759170830249786e-02,1.613533139228820801e+00
-8.386885747313499451e-03,2.397770993411540985e-02,1.619613051414489746e+00
-1.878799684345722198e-02,1.851869001984596252e-02,1.625003933906555176e+00
-6.236962508410215378e-03,2.088053710758686066e-02,1.629814743995666504e+00
2.472061477601528168e-02,3.387095034122467041e-02,1.636283159255981445e+00
3.654890507459640503e-02,4.742626473307609558e-02,1.646741867065429688e+00
1.619200571440160275e-03,4.717791825532913208e-02,1.659793972969055176e+00
-4.072818160057067871e-02,3.611873835325241089e-02,1.669685244560241699e+00
-5.948858708143234253e-02,2.015627548098564148e-02,1.676229715347290039e+00
-4.426341131329536438e-02,4.642648622393608093e-03,1.679629564285278320e+00
-1.535790786147117615e-02,-1.257685944437980652e-04,1.679181694984436035e+00
7.992456667125225067e-03,4.183363169431686401e-03,1.676100373268127441e+00
1.085518021136522293e-02,1.304560340940952301e-02,1.671410918235778809e+00
-4.143687430769205093e-03,1.932368427515029907e-02,1.665841698646545410e+00
-2.262188680469989777e-02,2.065056189894676208e-02,1.660534024238586426e+00
-2.788184396922588348e-02,1.730935089290142059e-02,1.656258106231689453e+00
-1.839069090783596039e-02,1.197226345539093018e-02,1.653221011161804199e+00
-2.229311736300587654e-03,5.207872949540615082e-03,1.650728702545166016e+00
8.137513883411884308e-03,-6.481465534307062626e-04,1.648356437683105469e+00
9.877268224954605103e-03,-5.232583731412887573e-03,1.646035790443420410e+00
8.292914368212223053e-03,-7.770720869302749634e-03,1.644776463508605957e+00
8.592402562499046326e-03,-9.043768979609012604e-03,1.645209193229675293e+00
1.083316840231418610e-02,-8.683214895427227020e-03,1.647051572799682617e+00
1.226908247917890549e-02,-8.309053257107734680e-03,1.649005055427551270e+00
1.106078922748565674e-02,-8.525039069354534149e-03,1.650503277778625488e+00
9.190680459141731262e-03,-9.365414269268512726e-03,1.651578068733215332e+00
9.103235788643360138e-03,-9.588307701051235199e-03,1.652678489685058594e+00
1.112388726323843002e-02,-9.319047443568706512e-03,1.653817296028137207e+00
1.271909382194280624e-02,-8.941514417529106140e-03,1.654684782028198242e+00
1.207662746310234070e-02,-9.393477812409400940e-03,1.654941678047180176e+00
1.022709906101226807e-02,-9.827697649598121643e-03,1.654898762702941895e+00
9.590796194970607758e-03,-9.972594678401947021e-03,1.655161023139953613e+00
1.048341114073991776e-02,-9.433966130018234253e-03,1.655876636505126953e+00
1.126270182430744171e-02,-9.623440913856029510e-03,1.656639695167541504e+00
9.876864030957221985e-03,-1.058808621019124985e-02,1.657154321670532227e+00
7.811723742634057999e-03,-1.185280457139015198e-02,1.657602787017822266e+00
6.518931593745946884e-03,-1.206342317163944244e-02,1.658387780189514160e+00
6.535514723509550095e-03,-1.188399456441402435e-02,1.659446358680725098e+00
6.184023339301347733e-03,-1.125162653625011444e-02,1.660493373870849609e+00
4.566356074064970016e-03,-1.156823709607124329e-02,1.661299228668212891e+00
1.935908687300980091e-03,-1.153496559709310532e-02,1.662082910537719727e+00
2.645879285410046577e-04,-1.160329021513462067e-02,1.662853121757507324e+00
-3.650060389190912247e-04,-1.053351070731878281e-02,1.663815498352050781e+00
-7.356204441748559475e-04,-9.851080365478992462e-03,1.664606094360351562e+00
-2.131288638338446617e-03,-8.456964045763015747e-03,1.665364861488342285e+00
-4.172278102487325668e-03,-7.700337097048759460e-03,1.665935039520263672e+00
-5.816806107759475708e-03,-5.975181236863136292e-03,1.666411519050598145e+00
-6.673336029052734375e-03,-4.273677244782447815e-03,1.666896224021911621e+00
-7.032871246337890625e-03,-1.978409709408879280e-03,1.667297959327697754e+00
-7.583395577967166901e-03,-5.979603738524019718e-04,1.667556881904602051e+00
-8.516906760632991791e-03,1.149757765233516693e-03,1.667652606964111328e+00
-9.297473356127738953e-03,1.965758623555302620e-03,1.667680382728576660e+00
-9.525354951620101929e-03,3.459563711658120155e-03,1.667673349380493164e+00
-9.244881570339202881e-03,4.118394572287797928e-03,1.667628288269042969e+00
-9.069823659956455231e-03,5.520550534129142761e-03,1.667518019676208496e+00
-9.029906243085861206e-03,6.059797946363687515e-03,1.667329549789428711e+00
-9.145691990852355957e-03,7.646651472896337509e-03,1.667102217674255371e+00
-8.901312015950679779e-03,8.381076157093048096e-03,1.666840076446533203e+00
-8.376730605959892273e-03,9.406200610101222992e-03,1.666569709777832031e+00
-7.582156453281641006e-03,9.019859135150909424e-03,1.666229367256164551e+00
-6.989960558712482452e-03,8.815067820250988007e-03,1.665853857994079590e+00
-6.318190135061740875e-03,7.607308216392993927e-03,1.665496230125427246e+00
-5.496897269040346146e-03,7.220578379929065704e-03,1.665138363838195801e+00
-4.491900093853473663e-03,6.347506772726774216e-03,1.664798140525817871e+00
-3.611731808632612228e-03,6.471071857959032059e-03,1.664416909217834473e+00
-2.915016142651438713e-03,5.653609056025743484e-03,1.664058923721313477e+00
-2.438914496451616287e-03,5.906584672629833221e-03,1.663680315017700195e+00
-1.829555141739547253e-03,5.682857241481542587e-03,1.663290619850158691e+00
-1.159889041446149349e-03,6.317293271422386169e-03,1.662913203239440918e+00
-4.147090949118137360e-04,5.796497687697410583e-03,1.662538170814514160e+00
5.820972728542983532e-05,5.571312271058559418e-03,1.662155628204345703e+00
5.711832200177013874e-04,4.368618130683898926e-03,1.661775231361389160e+00
1.090123318135738373e-03,3.964504692703485489e-03,1.661457419395446777e+00
1.774996868334710598e-03,2.818526234477758408e-03,1.661193966865539551e+00
2.190315863117575645e-03,2.619502833113074303e-03,1.660982012748718262e+00
2.522242255508899689e-03,1.660740701481699944e-03,1.660791158676147461e+00
2.656857948750257492e-03,1.642899820581078529e-03,1.660644292831420898e+00
2.842732006683945656e-03,6.613472360186278820e-04,1.660553932189941406e+00
2.986685838550329208e-03,6.493937689810991287e-05,1.660511136054992676e+00
3.142533358186483383e-03,-1.508312881924211979e-03,1.660510540008544922e+00
3.164142835885286331e-03,-2.098280237987637520e-03,1.660554647445678711e+00
3.182312939316034317e-03,-3.127296222373843193e-03,1.660665750503540039e+00
3.104416886344552040e-03,-3.110538003966212273e-03,1.660828709602355957e+00
2.887664129957556725e-03,-4.032054450362920761e-03,1.660997033119201660e+00
2.395326737314462662e-03,-4.630085546523332596e-03,1.661179304122924805e+00
1.934214029461145401e-03,-6.037842947989702225e-03,1.661390900611877441e+00
1.639770343899726868e-03,-6.592801306396722794e-03,1.661665081977844238e+00
1.453640055842697620e-03,-7.597839459776878357e-03,1.661965966224670410e+00
1.100245979614555836e-03,-7.579008582979440689e-03,1.662283062934875488e+00
5.120735149830579758e-04,-8.085166104137897491e-03,1.662585377693176270e+00
-2.020206884481012821e-04,-7.321915589272975922e-03,1.662876844406127930e+00
-8.453866466879844666e-04,-7.207704242318868637e-03,1.663155317306518555e+00
-1.447936170734465122e-03,-6.687360350042581558e-03,1.663437128067016602e+00
-2.054057084023952484e-03,-7.565916050225496292e-03,1.663692355155944824e+00
-2.693878952413797379e-03,-8.110159076750278473e-03,1.663936138153076172e+00
-3.051056060940027237e-03,-9.158509783446788788e-03,1.664164423942565918e+00
-3.241287311539053917e-03,-9.324361570179462433e-03,1.664462208747863770e+00
-3.412570105865597725e-03,-9.955980814993381500e-03,1.664737343788146973e+00
-3.847399028018116951e-03,-9.470697492361068726e-03,1.664960026741027832e+00
-4.394510760903358459e-03,-9.370983578264713287e-03,1.665135502815246582e+00
-4.898319486528635025e-03,-8.140616118907928467e-03,1.665300250053405762e+00
-5.221232306212186813e-03,-7.653379812836647034e-03,1.665444731712341309e+00
-5.456402897834777832e-03,-6.808910053223371506e-03,1.665535807609558105e+00
-5.670895799994468689e-03,-7.297119591385126114e-03,1.665581703186035156e+00
-5.877226591110229492e-03,-7.247511297464370728e-03,1.665589094161987305e+00
-5.816013086587190628e-03,-8.178300224244594574e-03,1.665603637695312500e+00
-5.605266429483890533e-03,-8.437268435955047607e-03,1.665624260902404785e+00
-5.362342111766338348e-03,-9.089114144444465637e-03,1.665633440017700195e+00
-5.327232182025909424e-03,-8.334425278007984161e-03,1.665608406066894531e+00
-5.296330433338880539e-03,-8.306785486638545990e-03,1.665574908256530762e+00
-5.271959584206342697e-03,-7.471769116818904877e-03,1.665512084960937500e+00
-5.203065928071737289e-03,-7.189006078988313675e-03,1.665415525436401367e+00
-5.082836840301752090e-03,-6.288140546530485153e-03,1.665296196937561035e+00
-4.839851055294275284e-03,-6.261916365474462509e-03,1.665174722671508789e+00
-4.614189732819795609e-03,-5.796757061034440994e-03,1.665033221244812012e+00
-4.333434160798788071e-03,-6.086464971303939819e-03,1.664867877960205078e+00
-4.087060224264860153e-03,-5.414669867604970932e-03,1.664699196815490723e+00
-3.757693571969866753e-03,-5.394613370299339294e-03,1.664546847343444824e+00
-3.492107149213552475e-03,-4.517416004091501236e-03,1.664388060569763184e+00
-3.238220699131488800e-03,-4.573195707052946091e-03,1.664232611656188965e+00
-3.066736506298184395e-03,-4.028615076094865799e-03,1.664056777954101562e+00
-2.824226161465048790e-03,-4.382093437016010284e-03,1.663902401924133301e+00
-2.517532091587781906e-03,-3.935944754630327225e-03,1.663754940032958984e+00
-2.143744146451354027e-03,-4.171590320765972137e-03,1.663643836975097656e+00
-1.921646762639284134e-03,-3.195544704794883728e-03,1.663533449172973633e+00
-1.772158080711960793e-03,-2.760343020781874657e-03,1.663432478904724121e+00
-1.693538972176611423e-03,-1.720559434033930302e-03,1.663325786590576172e+00
-1.586999511346220970e-03,-1.940321875736117363e-03,1.663221120834350586e+00
-1.538899377919733524e-03,-1.801456557586789131e-03,1.663110971450805664e+00
-1.359842950478196144e-03,-2.914273645728826523e-03,1.663033246994018555e+00
-1.128841191530227661e-03,-3.217963501811027527e-03,1.662993907928466797e+00
-8.350167190656065941e-04,-3.863832680508494377e-03,1.662996649742126465e+00
-6.896136910654604435e-04,-3.094492712989449501e-03,1.663019895553588867e+00
-6.914081750437617302e-04,-2.802586415782570839e-03,1.663049936294555664e+00
-9.071626118384301662e-04,-1.819724100641906261e-03,1.663056373596191406e+00
-1.146454596891999245e-03,-1.659728935919702053e-03,1.663055181503295898e+00
-1.312772161327302456e-03,-1.017495756968855858e-03,1.663061499595642090e+00
-1.313048065640032291e-03,-1.314576365984976292e-03,1.663090825080871582e+00
-1.324437092989683151e-03,-9.540668106637895107e-04,1.663126826286315918e+00
-1.303519820794463158e-03,-1.886690733954310417e-03,1.663168907165527344e+00
-1.387298689223825932e-03,-2.087731612846255302e-03,1.663211464881896973e+00
-1.449123141355812550e-03,-2.997213276103138924e-03,1.663275241851806641e+00
-1.519428216852247715e-03,-2.816333202645182610e-03,1.663362383842468262e+00
-1.524476683698594570e-03,-3.435479244217276573e-03,1.663475871086120605e+00
-1.651355996727943420e-03,-3.121683839708566666e-03,1.663572549819946289e+00
-1.835359958931803703e-03,-3.726066788658499718e-03,1.663660287857055664e+00
-2.060770988464355469e-03,-3.509185975417494774e-03,1.663745760917663574e+00
-2.171614440158009529e-03,-3.767155343666672707e-03,1.663838148117065430e+00
-2.236970467492938042e-03,-3.313674125820398331e-03,1.663920521736145020e+00
-2.287689829245209694e-03,-3.869361244142055511e-03,1.663997173309326172e+00
-2.476503839716315269e-03,-3.779216669499874115e-03,1.664043188095092773e+00
-2.635912038385868073e-03,-4.471723921597003937e-03,1.664082765579223633e+00
-2.713637193664908409e-03,-4.106784705072641373e-03,1.664133429527282715e+00
-2.644137246534228325e-03,-4.651626106351613998e-03,1.664200305938720703e+00
-2.694363007321953773e-03,-4.101078957319259644e-03,1.664241433143615723e+00
-2.826855983585119247e-03,-4.271457903087139130e-03,1.664262652397155762e+00
-3.002745565026998520e-03,-3.672996070235967636e-03,1.664275646209716797e+00
-3.103134222328662872e-03,-3.922580741345882416e-03,1.664288163185119629e+00
-3.201539628207683563e-03,-3.726468188688158989e-03,1.664278507232666016e+00
-3.179989755153656006e-03,-4.555659834295511246e-03,1.664270877838134766e+00
-3.111386904492974281e-03,-4.812178667634725571e-03,1.664271354675292969e+00
-2.973522525280714035e-03,-5.768592935055494308e-03,1.664282560348510742e+00
-2.929190173745155334e-03,-5.610651802271604538e-03,1.664288043975830078e+00
-2.863756380975246429e-03,-6.186814513057470322e-03,1.664298057556152344e+00
-2.862151246517896652e-03,-5.800373852252960205e-03,1.664301514625549316e+00
-2.857703948393464088e-03,-6.170412991195917130e-03,1.664297819137573242e+00
-2.898325910791754723e-03,-5.609691143035888672e-03,1.664281606674194336e+00
-2.873721998184919357e-03,-5.826261825859546661e-03,1.664269447326660156e+00
-2.890389179810881615e-03,-5.016752053052186966e-03,1.664246559143066406e+00
-2.862960100173950195e-03,-5.003235302865505219e-03,1.664216995239257812e+00
-2.864085603505373001e-03,-4.454382695257663727e-03,1.664176821708679199e+00
-2.863096306100487709e-03,-4.898142069578170776e-03,1.664126873016357422e+00
-2.901997650042176247e-03,-4.845165181905031204e-03,1.664066314697265625e+00
-2.764715813100337982e-03,-5.888124927878379822e-03,1.664034843444824219e+00
-2.565798815339803696e-03,-6.200394127517938614e-03,1.664029121398925781e+00
-2.348102396354079247e-03,-7.008642423897981644e-03,1.664033532142639160e+00
-2.287264214828610420e-03,-6.526467856019735336e-03,1.664035558700561523e+00
-2.272917656227946281e-03,-6.443105638027191162e-03,1.664047718048095703e+00
-2.325905719771981239e-03,-5.389254540205001831e-03,1.664050698280334473e+00
-2.413511741906404495e-03,-5.256206262856721878e-03,1.664033532142639160e+00
-2.570027718320488930e-03,-4.647648427635431290e-03,1.663991332054138184e+00
-2.602685475721955299e-03,-5.179264582693576813e-03,1.663952946662902832e+00
-2.526920521631836891e-03,-4.797292873263359070e-03,1.663938164710998535e+00
-2.318907529115676880e-03,-5.462499335408210754e-03,1.663941979408264160e+00
-2.216221997514367104e-03,-5.485413130372762680e-03,1.663940072059631348e+00
-2.193245338276028633e-03,-6.485528312623500824e-03,1.663933992385864258e+00
-2.228897530585527420e-03,-6.574453320354223251e-03,1.663938879966735840e+00
-2.149832900613546371e-03,-7.170152850449085236e-03,1.663978219032287598e+00
-2.062965650111436844e-03,-6.362390704452991486e-03,1.664032816886901855e+00
-2.051864750683307648e-03,-5.818513687700033188e-03,1.664074897766113281e+00
-2.216051332652568817e-03,-4.434418398886919022e-03,1.664082765579223633e+00
-2.484443364664912224e-03,-4.159497562795877457e-03,1.664057850837707520e+00
-2.742951270192861557e-03,-3.521170234307646751e-03,1.664008259773254395e+00
-2.769959624856710434e-03,-3.983946517109870911e-03,1.663975477218627930e+00
-2.623572247102856636e-03,-3.958222456276416779e-03,1.663967132568359375e+00
-2.405238104984164238e-03,-4.876254126429557800e-03,1.663972139358520508e+00
-2.369428984820842743e-03,-4.932341631501913071e-03,1.663972377777099609e+00
-2.382458653301000595e-03,-5.321186967194080353e-03,1.663990855216979980e+00
-2.421082463115453720e-03,-4.731268156319856644e-03,1.664023876190185547e+00
-2.425745595246553421e-03,-4.894361831247806549e-03,1.664060235023498535e+00
-2.499354304745793343e-03,-4.523812327533960342e-03,1.664078354835510254e+00
-2.558754757046699524e-03,-5.166639108210802078e-03,1.664093971252441406e+00
-2.611623611301183701e-03,-4.806875716894865036e-03,1.664105415344238281e+00
-2.536139683797955513e-03,-4.967488814145326614e-03,1.664132833480834961e+00
-2.441629534587264061e-03,-4.362377803772687912e-03,1.664161920547485352e+00
-2.432968234643340111e-03,-4.619215149432420731e-03,1.664172887802124023e+00
-2.635654062032699585e-03,-4.266469273716211319e-03,1.664143204689025879e+00
-2.763249212875962257e-03,-4.870770033448934555e-03,1.664119124412536621e+00
-2.716121729463338852e-03,-4.423988983035087585e-03,1.664128422737121582e+00
-2.530626719817519188e-03,-4.586399067193269730e-03,1.664156794548034668e+00
-2.504631178453564644e-03,-4.341087769716978073e-03,1.664157152175903320e+00
-2.550260629504919052e-03,-5.427215248346328735e-03,1.664140939712524414e+00
-2.668041968718171120e-03,-5.685759708285331726e-03,1.664118051528930664e+00
-2.571206307038664818e-03,-5.852678790688514709e-03,1.664134740829467773e+00
-2.320215106010437012e-03,-4.501722287386655807e-03,1.664190649986267090e+00
-2.201358787715435028e-03,-4.023780580610036850e-03,1.664226889610290527e+00
-2.512597711756825447e-03,-3.713127691298723221e-03,1.664171338081359863e+00
-2.876859856769442558e-03,-4.798720125108957291e-03,1.664084792137145996e+00
-2.948361216112971306e-03,-5.189760588109493256e-03,1.664043664932250977e+00
-2.523934701457619667e-03,-5.898751784116029739e-03,1.664087772369384766e+00
-2.080031903460621834e-03,-5.551993381232023239e-03,1.664149641990661621e+00
-1.978801330551505089e-03,-6.069196853786706924e-03,1.664167761802673340e+00
-2.361111110076308250e-03,-5.796336103230714798e-03,1.664120912551879883e+00
-2.647324698045849800e-03,-5.846741609275341034e-03,1.664094090461730957e+00
-2.553793368861079216e-03,-5.066999699920415878e-03,1.664122462272644043e+00
-2.263910137116909027e-03,-5.136294290423393250e-03,1.664166688919067383e+00
-2.274082740768790245e-03,-4.653620067983865738e-03,1.664150953292846680e+00
-2.478208160027861595e-03,-5.035129375755786896e-03,1.664102077484130859e+00
-2.651442307978868484e-03,-4.320541396737098694e-03,1.664070606231689453e+00
-2.547826850786805153e-03,-4.481955431401729584e-03,1.664078235626220703e+00
-2.437234390527009964e-03,-4.166671540588140488e-03,1.664076805114746094e+00
-2.421084791421890259e-03,-5.002916324883699417e-03,1.664052724838256836e+00
-2.546655479818582535e-03,-5.059924907982349396e-03,1.664022564888000488e+00
-2.521125599741935730e-03,-5.658991169184446335e-03,1.664030432701110840e+00
-2.341724233701825142e-03,-5.221450701355934143e-03,1.664077043533325195e+00
-2.205723663792014122e-03,-5.459533073008060455e-03,1.664115309715270996e+00
-2.349012298509478569e-03,-4.838344641029834747e-03,1.664112925529479980e+00
-2.544515766203403473e-03,-5.055736284703016281e-03,1.664103150367736816e+00
-2.631273353472352028e-03,-4.480905830860137939e-03,1.664109468460083008e+00
-2.545395400375127792e-03,-4.847884178161621094e-03,1.664128661155700684e+00
-2.493291627615690231e-03,-4.720950499176979065e-03,1.664132237434387207e+00
-2.464661374688148499e-03,-5.626105237752199173e-03,1.664132118225097656e+00
-2.472658641636371613e-03,-5.914188921451568604e-03,1.664136290550231934e+00
-2.392435679212212563e-03,-6.613388657569885254e-03,1.664164066314697266e+00
-2.305689733475446701e-03,-5.998546723276376724e-03,1.664207220077514648e+00
-2.257982036098837852e-03,-5.857918411493301392e-03,1.664252042770385742e+00
-2.420754171907901764e-03,-4.662729799747467041e-03,1.664262771606445312e+00
-2.638742793351411819e-03,-4.496716894209384918e-03,1.664247870445251465e+00
-2.791455248370766640e-03,-4.224816337227821350e-03,1.664218664169311523e+00
-2.759950002655386925e-03,-5.179644562304019928e-03,1.664197683334350586e+00
-2.674994524568319321e-03,-5.209151189774274826e-03,1.664184927940368652e+00
-2.482931362465023994e-03,-5.645870696753263474e-03,1.664201974868774414e+00
-2.353179734200239182e-03,-4.934139549732208252e-03,1.664230704307556152e+00
-2.371194539591670036e-03,-5.104253999888896942e-03,1.664238929748535156e+00
-2.614191966131329536e-03,-4.648064728826284409e-03,1.664207696914672852e+00
-2.785983961075544357e-03,-4.903481807559728622e-03,1.664185285568237305e+00
-2.744675846770405769e-03,-4.218277055770158768e-03,1.664196848869323730e+00
-2.554162405431270599e-03,-4.439183976501226425e-03,1.664222836494445801e+00
-2.520533045753836632e-03,-4.336291458457708359e-03,1.664216876029968262e+00
-2.603622153401374817e-03,-5.329351406544446945e-03,1.664188981056213379e+00
-2.659134799614548683e-03,-5.635154899209737778e-03,1.664173007011413574e+00
-2.478025155141949654e-03,-6.603126879781484604e-03,1.664201140403747559e+00
-2.240055473521351814e-03,-6.387952249497175217e-03,1.664250850677490234e+00
-2.115238690748810768e-03,-6.482203025370836258e-03,1.664289355278015137e+00
-2.232291502878069878e-03,-5.347528960555791855e-03,1.664299130439758301e+00
-2.416270319372415543e-03,-5.069226492196321487e-03,1.664294600486755371e+00
-2.608882961794734001e-03,-4.299113526940345764e-03,1.664265871047973633e+00
-2.663243561983108521e-03,-4.672413226217031479e-03,1.664230465888977051e+00
-2.649420173838734627e-03,-4.415660165250301361e-03,1.664197325706481934e+00
-2.520596142858266830e-03,-4.978031851351261139e-03,1.664185166358947754e+00
-2.451766980811953545e-03,-4.635354969650506973e-03,1.664176464080810547e+00
-2.405331004410982132e-03,-4.987506195902824402e-03,1.664167404174804688e+00
-2.464603399857878685e-03,-4.659309051930904388e-03,1.664149403572082520e+00
-2.502578310668468475e-03,-5.031396634876728058e-03,1.664139509201049805e+00
-2.513452433049678802e-03,-4.893731325864791870e-03,1.664134860038757324e+00
-2.446754602715373039e-03,-5.323862191289663315e-03,1.664144873619079590e+00
-2.398778218775987625e-03,-4.949780646711587906e-03,1.664157867431640625e+00
-2.347093774005770683e-03,-5.297095980495214462e-03,1.664173483848571777e+00
-2.387838903814554214e-03,-4.779207520186901093e-03,1.664177656173706055e+00
-2.431198954582214355e-03,-5.067230667918920517e-03,1.664176821708679199e+00
-2.514396095648407936e-03,-4.420260433107614517e-03,1.664168953895568848e+00
-2.498774323612451553e-03,-4.673317074775695801e-03,1.664171576499938965e+00
-2.485478529706597328e-03,-4.259023349732160568e-03,1.664172768592834473e+00
-2.438767580315470695e-03,-5.058194510638713837e-03,1.664170145988464355e+00
-2.489029662683606148e-03,-5.132260732352733612e-03,1.664156794548034668e+00
-2.440957818180322647e-03,-6.014145910739898682e-03,1.664164543151855469e+00
-2.353129675611853600e-03,-5.818555597215890884e-03,1.664191961288452148e+00
-2.233991632238030434e-03,-6.031513679772615433e-03,1.664230465888977051e+00
-2.249465556815266609e-03,-5.218318197876214981e-03,1.664253354072570801e+00
-2.361929276958107948e-03,-5.277785938233137131e-03,1.664258956909179688e+00
-2.548270625993609428e-03,-4.667211323976516724e-03,1.664242506027221680e+00
-2.635339275002479553e-03,-4.975052084773778915e-03,1.664228677749633789e+00
-2.623760374262928963e-03,-4.624199587851762772e-03,1.664223790168762207e+00
-2.509993501007556915e-03,-5.192145705223083496e-03,1.664231061935424805e+00
-2.484665950760245323e-03,-4.992438014596700668e-03,1.664230108261108398e+00
-2.460569143295288086e-03,-5.805375054478645325e-03,1.664231777191162109e+00
-2.497920300811529160e-03,-5.659714341163635254e-03,1.664233446121215820e+00
-2.468870952725410461e-03,-5.998138803988695145e-03,1.664247393608093262e+00
-2.409946173429489136e-03,-5.490951705724000931e-03,1.664273500442504883e+00
-2.381514990702271461e-03,-5.761372391134500504e-03,1.664297461509704590e+00
-2.525610616430640221e-03,-5.344863515347242355e-03,1.664286613464355469e+00
-2.627273090183734894e-03,-5.697071086615324020e-03,1.664273381233215332e+00
-2.598220948129892349e-03,-5.311840679496526718e-03,1.664279341697692871e+00
-2.461778931319713593e-03,-5.558503326028585434e-03,1.664297938346862793e+00
-2.460395451635122299e-03,-4.943357314914464951e-03,1.664292454719543457e+00
-2.513116924092173576e-03,-5.240374244749546051e-03,1.664278745651245117e+00
-2.586895599961280823e-03,-5.130281671881675720e-03,1.664261937141418457e+00
-2.582812914624810219e-03,-5.804677493870258331e-03,1.664251446723937988e+00
-2.558917738497257233e-03,-5.432201083749532700e-03,1.664248943328857422e+00
-2.446233993396162987e-03,-5.692534614354372025e-03,1.664268970489501953e+00
-2.406158251687884331e-03,-4.910855088382959366e-03,1.664286255836486816e+00
-2.466047648340463638e-03,-4.772895947098731995e-03,1.664281606674194336e+00
-2.605472225695848465e-03,-4.339311271905899048e-03,1.664256930351257324e+00
-2.668705070391297340e-03,-5.123552400618791580e-03,1.664237856864929199e+00
-2.701791469007730484e-03,-5.147590301930904388e-03,1.664220213890075684e+00
-2.545364666730165482e-03,-5.742053035646677017e-03,1.664231181144714355e+00
-2.341504674404859543e-03,-5.189976654946804047e-03,1.664265632629394531e+00
-2.248679753392934799e-03,-5.465143825858831406e-03,1.664288878440856934e+00
-2.420012839138507843e-03,-5.317876115441322327e-03,1.664268612861633301e+00
-2.620328450575470924e-03,-5.807123612612485886e-03,1.664245724678039551e+00
-2.659885678440332413e-03,-4.826589487493038177e-03,1.664254546165466309e+00
-2.499032532796263695e-03,-4.294749349355697632e-03,1.664293169975280762e+00
-2.427926752716302872e-03,-3.722851397469639778e-03,1.664299488067626953e+00
-2.584362402558326721e-03,-4.813085775822401047e-03,1.664242386817932129e+00
-2.881980733945965767e-03,-5.507147870957851410e-03,1.664155602455139160e+00
-2.791583538055419922e-03,-6.863196380436420441e-03,1.664142012596130371e+00
-2.321070060133934021e-03,-6.766073871403932571e-03,1.664214968681335449e+00
-1.900612842291593552e-03,-6.887476425617933273e-03,1.664293646812438965e+00
-2.021986525505781174e-03,-5.899691022932529449e-03,1.664304971694946289e+00
-2.416334813460707664e-03,-5.968451965600252151e-03,1.664282798767089844e+00
-2.745414851233363152e-03,-5.453620105981826782e-03,1.664262175559997559e+00
-2.719210926443338394e-03,-5.819905083626508713e-03,1.664269089698791504e+00
-2.516442677006125450e-03,-5.247822962701320648e-03,1.664292216300964355e+00
-2.340451348572969437e-03,-5.383421666920185089e-03,1.664315700531005859e+00
-2.421891549602150917e-03,-4.802763462066650391e-03,1.664304018020629883e+00
-2.595465397462248802e-03,-4.887818358838558197e-03,1.664277672767639160e+00
-2.698600990697741508e-03,-4.570034798234701157e-03,1.664258837699890137e+00
-2.644725609570741653e-03,-5.035577341914176941e-03,1.664260506629943848e+00
-2.575784921646118164e-03,-4.887304268777370453e-03,1.664261937141418457e+00
-2.491436898708343506e-03,-5.522881634533405304e-03,1.664267182350158691e+00
-2.487699966877698898e-03,-5.282708909362554550e-03,1.664269804954528809e+00
-2.460209652781486511e-03,-5.773534066975116730e-03,1.664278507232666016e+00
-2.466203412041068077e-03,-5.365272052586078644e-03,1.664285898208618164e+00
-2.447643317282199860e-03,-5.484260618686676025e-03,1.664297819137573242e+00
-2.471288200467824936e-03,-4.878714680671691895e-03,1.664303660392761230e+00
-2.491761231794953346e-03,-5.197795107960700989e-03,1.664304733276367188e+00
-2.571938792243599892e-03,-4.903115332126617432e-03,1.664291501045227051e+00
-2.573118079453706741e-03,-5.492588970810174942e-03,1.664285063743591309e+00
-2.524713287129998207e-03,-5.472484510391950607e-03,1.664286971092224121e+00
-2.389263594523072243e-03,-6.355177611112594604e-03,1.664301633834838867e+00
-2.323635155335068703e-03,-6.177987903356552124e-03,1.664316296577453613e+00
-2.279277658089995384e-03,-6.429065950214862823e-03,1.664337754249572754e+00
-2.315586898475885391e-03,-5.654398351907730103e-03,1.664353609085083008e+00
-2.358611905947327614e-03,-5.905572324991226196e-03,1.664359211921691895e+00
-2.491647610440850258e-03,-5.345836281776428223e-03,1.664343714714050293e+00
-2.549259224906563759e-03,-5.565225146710872650e-03,1.664330124855041504e+00
-2.527008997276425362e-03,-4.918495658785104752e-03,1.664327025413513184e+00
-2.424631034955382347e-03,-5.399379413574934006e-03,1.664330363273620605e+00
-2.477340400218963623e-03,-5.137743894010782242e-03,1.664308905601501465e+00
-2.521848771721124649e-03,-5.864457692950963974e-03,1.664285540580749512e+00
-2.513845451176166534e-03,-5.648054648190736771e-03,1.664281487464904785e+00
-2.392797730863094330e-03,-6.145714316517114639e-03,1.664297223091125488e+00
-2.329097595065832138e-03,-5.741941276937723160e-03,1.664308905601501465e+00
-2.317623002454638481e-03,-6.308361887931823730e-03,1.664313077926635742e+00
-2.421673154458403587e-03,-6.005733273923397064e-03,1.664303421974182129e+00
-2.454672474414110184e-03,-6.328399293124675751e-03,1.664304852485656738e+00
-2.415493596345186234e-03,-5.808033980429172516e-03,1.664319038391113281e+00
-2.356554381549358368e-03,-5.982798524200916290e-03,1.664334416389465332e+00
-2.470986917614936829e-03,-5.193259101361036301e-03,1.664319276809692383e+00
-2.566119888797402382e-03,-5.330231040716171265e-03,1.664300799369812012e+00
-2.600205829367041588e-03,-4.951757844537496567e-03,1.664289236068725586e+00
-2.521754475310444832e-03,-5.696306005120277405e-03,1.664285778999328613e+00
-2.535474719479680061e-03,-5.455143284052610397e-03,1.664271116256713867e+00
-2.496075117960572243e-03,-5.866519175469875336e-03,1.664273619651794434e+00
-2.433533547446131706e-03,-5.377259105443954468e-03,1.664294362068176270e+00
-2.376472344622015953e-03,-5.749342031776905060e-03,1.664312243461608887e+00
-2.478051697835326195e-03,-5.394627340137958527e-03,1.664302706718444824e+00
-2.541475230827927589e-03,-6.157546304166316986e-03,1.664295792579650879e+00
-2.538097789511084557e-03,-6.091963034123182297e-03,1.664305567741394043e+00
-2.403813647106289864e-03,-6.561272311955690384e-03,1.664334893226623535e+00
-2.328556030988693237e-03,-5.890883039683103561e-03,1.664361238479614258e+00
-2.320342930033802986e-03,-6.126316729933023453e-03,1.664380073547363281e+00
-2.492383588105440140e-03,-5.373264662921428680e-03,1.664371371269226074e+00
-2.623342908918857574e-03,-5.487877409905195236e-03,1.664356827735900879e+00
-2.644070889800786972e-03,-5.192540585994720459e-03,1.664348483085632324e+00
-2.568101976066827774e-03,-5.590474698692560196e-03,1.664348363876342773e+00
-2.549081807956099510e-03,-5.129091441631317139e-03,1.664340853691101074e+00
-2.502714749425649643e-03,-5.605084355920553207e-03,1.664339065551757812e+00
-2.519667148590087891e-03,-5.368172191083431244e-03,1.664333581924438477e+00
-2.514111110940575600e-03,-6.003823596984148026e-03,1.664326667785644531e+00
-2.527707722038030624e-03,-5.640658549964427948e-03,1.664325118064880371e+00
-2.483708783984184265e-03,-5.599604919552803040e-03,1.664344906806945801e+00
-2.504853298887610435e-03,-4.434126429259777069e-03,1.664360284805297852e+00
-2.566838171333074570e-03,-4.176439717411994934e-03,1.664361715316772461e+00
-2.731371670961380005e-03,-3.698455169796943665e-03,1.664334774017333984e+00
-2.832130528986454010e-03,-4.405433312058448792e-03,1.664299607276916504e+00
-2.819801447913050652e-03,-4.761530552059412003e-03,1.664273977279663086e+00
-2.552108839154243469e-03,-6.086882669478654861e-03,1.664296388626098633e+00
-2.302154665812849998e-03,-6.275734864175319672e-03,1.664338946342468262e+00
-2.161934273317456245e-03,-6.835083942860364914e-03,1.664377093315124512e+00
-2.220340073108673096e-03,-6.177004892379045486e-03,1.664404392242431641e+00
-2.333397977054119110e-03,-6.278221495449542999e-03,1.664427995681762695e+00
-2.487137680873274803e-03,-5.229819100350141525e-03,1.664434671401977539e+00
-2.535346429795026779e-03,-5.374911241233348846e-03,1.664433002471923828e+00
-2.568554598838090897e-03,-5.040992517024278641e-03,1.664415001869201660e+00
-2.545190043747425079e-03,-5.683846771717071533e-03,1.664389371871948242e+00
-2.511086873710155487e-03,-5.420794244855642319e-03,1.664366364479064941e+00
-2.384900813922286034e-03,-5.857598967850208282e-03,1.664369225502014160e+00
-2.340677892789244652e-03,-5.180821754038333893e-03,1.664368987083435059e+00
-2.396642696112394333e-03,-4.976560361683368683e-03,1.664355993270874023e+00
-2.560115884989500046e-03,-4.088036250323057175e-03,1.664328217506408691e+00
-2.650493523105978966e-03,-4.448139108717441559e-03,1.664304018020629883e+00
-2.724521793425083160e-03,-4.237837623804807663e-03,1.664271712303161621e+00
-2.626050729304552078e-03,-4.961348604410886765e-03,1.664255738258361816e+00
-2.467005513608455658e-03,-4.771193489432334900e-03,1.664262533187866211e+00
-2.312365453690290451e-03,-5.388550460338592529e-03,1.664279222488403320e+00
-2.361775143072009087e-03,-5.198453553020954132e-03,1.664275527000427246e+00
-2.412645611912012100e-03,-6.023434922099113464e-03,1.664273262023925781e+00
-2.453079447150230408e-03,-5.761348176747560501e-03,1.664282202720642090e+00
-2.365054097026586533e-03,-6.095389369875192642e-03,1.664307475090026855e+00
-2.277487888932228088e-03,-5.490899551659822464e-03,1.664339303970336914e+00
-2.268854994326829910e-03,-5.761933512985706329e-03,1.664358139038085938e+00
-2.408900996670126915e-03,-5.585974082350730896e-03,1.664344429969787598e+00
-2.492779167369008064e-03,-6.169129628688097000e-03,1.664332747459411621e+00
-2.452349755913019180e-03,-5.886850412935018539e-03,1.664341568946838379e+00
-2.303285524249076843e-03,-6.090852431952953339e-03,1.664369225502014160e+00
-2.278358442708849907e-03,-5.382208153605461121e-03,1.664377808570861816e+00
-2.351391594856977463e-03,-5.598981864750385284e-03,1.664366602897644043e+00
-2.511451486498117447e-03,-5.192060954868793488e-03,1.664338946342468262e+00
-2.556867431849241257e-03,-5.666095763444900513e-03,1.664322495460510254e+00
-2.527736593037843704e-03,-5.287143867462873459e-03,1.664318561553955078e+00
-2.423832658678293228e-03,-5.651716608554124832e-03,1.664329171180725098e+00
-2.430111868306994438e-03,-5.159040912985801697e-03,1.664329767227172852e+00
-2.477689180523157120e-03,-5.323344375938177109e-03,1.664325952529907227e+00
-2.543022623285651207e-03,-4.967599175870418549e-03,1.664318919181823730e+00
-2.532730577513575554e-03,-5.647851619869470596e-03,1.664318919181823730e+00
-2.573149511590600014e-03,-5.280473735183477402e-03,1.664313912391662598e+00
-2.514862222597002983e-03,-5.684925243258476257e-03,1.664323806762695312e+00
-2.439493779093027115e-03,-5.304855760186910629e-03,1.664343357086181641e+00
-2.383997896686196327e-03,-5.919819697737693787e-03,1.664353489875793457e+00
-2.459512092173099518e-03,-5.845050793141126633e-03,1.664343476295471191e+00
-2.475310582667589188e-03,-6.621378939598798752e-03,1.664348602294921875e+00
-2.445890568196773529e-03,-6.070861127227544785e-03,1.664370894432067871e+00
-2.353776013478636742e-03,-5.880217533558607101e-03,1.664406061172485352e+00
-2.386857289820909500e-03,-4.961747210472822189e-03,1.664418697357177734e+00
-2.541649853810667992e-03,-5.169942509382963181e-03,1.664399504661560059e+00
-2.804583637043833733e-03,-4.779426846653223038e-03,1.664350748062133789e+00
-2.826493466272950172e-03,-5.306956823915243149e-03,1.664330005645751953e+00
-2.636817516759037971e-03,-5.057175178080797195e-03,1.664344310760498047e+00
-2.395827090367674828e-03,-5.711428355425596237e-03,1.664365053176879883e+00
-2.406219253316521645e-03,-5.581597331911325455e-03,1.664358973503112793e+00
-2.479865914210677147e-03,-6.695137824863195419e-03,1.664350867271423340e+00
-2.536321757361292839e-03,-6.945915520191192627e-03,1.664356827735900879e+00
-2.423546509817242622e-03,-7.505365181714296341e-03,1.664388298988342285e+00
-2.275014063343405724e-03,-6.793573498725891113e-03,1.664434552192687988e+00
-2.193411113694310188e-03,-6.672682240605354309e-03,1.664481282234191895e+00
-2.392421243712306023e-03,-5.845298990607261658e-03,1.664475560188293457e+00
-2.652742434293031693e-03,-5.975352600216865540e-03,1.664440512657165527e+00
-2.777254907414317131e-03,-5.315127316862344742e-03,1.664415836334228516e+00
-2.667477820068597794e-03,-5.215736571699380875e-03,1.664420604705810547e+00
-2.560079097747802734e-03,-4.522723611444234848e-03,1.664415121078491211e+00
-2.518788678571581841e-03,-5.294604226946830750e-03,1.664385795593261719e+00
-2.637397032231092453e-03,-5.669301841408014297e-03,1.664334535598754883e+00
-2.614755649119615555e-03,-6.934042554348707199e-03,1.664313316345214844e+00
-2.430474618449807167e-03,-6.777062546461820602e-03,1.664342045783996582e+00
-2.181002171710133553e-03,-6.875728257000446320e-03,1.664396166801452637e+00
-2.197580644860863686e-03,-5.603862460702657700e-03,1.664420247077941895e+00
-2.433877438306808472e-03,-4.908598028123378754e-03,1.664412379264831543e+00
-2.723646350204944611e-03,-3.782855113968253136e-03,1.664379715919494629e+00
-2.859609434381127357e-03,-4.105293657630681992e-03,1.664341926574707031e+00
-2.853710204362869263e-03,-4.576428793370723724e-03,1.664295792579650879e+00
-2.625835826620459557e-03,-6.434292998164892197e-03,1.664279222488403320e+00
-2.378247212618589401e-03,-7.301838602870702744e-03,1.664290547370910645e+00
-2.122798934578895569e-03,-7.826016284525394440e-03,1.664336442947387695e+00
-1.966705778613686562e-03,-6.616338156163692474e-03,1.664404749870300293e+00
-2.014694502577185631e-03,-6.124800071120262146e-03,1.664455294609069824e+00
-2.410902874544262886e-03,-5.219251383095979691e-03,1.664431333541870117e+00
-2.813243307173252106e-03,-5.596089176833629608e-03,1.664374232292175293e+00
-2.893866738304495811e-03,-5.454684607684612274e-03,1.664351105690002441e+00
-2.578080864623188972e-03,-5.874782335013151169e-03,1.664384722709655762e+00
-2.324479632079601288e-03,-5.016674287617206573e-03,1.664415717124938965e+00
-2.284349175170063972e-03,-4.882107954472303391e-03,1.664414644241333008e+00
-2.529191318899393082e-03,-4.219199996441602707e-03,1.664376735687255859e+00
-2.782324794679880142e-03,-4.718524869531393051e-03,1.664328455924987793e+00
-2.840242348611354828e-03,-4.978179465979337692e-03,1.664297103881835938e+00
-2.627761336043477058e-03,-6.102352868765592575e-03,1.664306640625000000e+00
-2.357839373871684074e-03,-6.527006626129150391e-03,1.664342164993286133e+00
-2.169258892536163330e-03,-7.188524585217237473e-03,1.664387345314025879e+00
-2.214477863162755966e-03,-6.315978243947029114e-03,1.664416670799255371e+00
-2.329614711925387383e-03,-5.651782732456922531e-03,1.664442777633666992e+00
-2.482539042830467224e-03,-4.333169665187597275e-03,1.664451003074645996e+00
-2.644593128934502602e-03,-4.463258665055036545e-03,1.664427161216735840e+00
-2.855600090697407722e-03,-4.460603930056095123e-03,1.664367914199829102e+00
-2.840820001438260078e-03,-5.488754715770483017e-03,1.664335608482360840e+00
-2.597163431346416473e-03,-5.439354572445154190e-03,1.664351940155029297e+00
-2.242826158180832863e-03,-6.208347156643867493e-03,1.664396286010742188e+00
-2.150668064132332802e-03,-5.849272944033145905e-03,1.664419174194335938e+00
-2.309484640136361122e-03,-5.773258861154317856e-03,1.664417982101440430e+00
-2.531107282266020775e-03,-4.664428997784852982e-03,1.664415955543518066e+00
-2.617255551740527153e-03,-4.582478664815425873e-03,1.664424777030944824e+00
-2.713178517296910286e-03,-3.968104254454374313e-03,1.664405584335327148e+00
-2.746364101767539978e-03,-4.458332434296607971e-03,1.664370417594909668e+00
-2.709690248593688011e-03,-4.339087288826704025e-03,1.664350271224975586e+00
-2.548035699874162674e-03,-5.217287689447402954e-03,1.664353013038635254e+00
-2.463401760905981064e-03,-5.309450440108776093e-03,1.664350867271423340e+00
-2.394841983914375305e-03,-6.044263485819101334e-03,1.664355516433715820e+00
-2.384233521297574043e-03,-5.795138888061046600e-03,1.664370775222778320e+00
-2.367015928030014038e-03,-6.037025712430477142e-03,1.664397120475769043e+00
-2.423758851364254951e-03,-5.174799356609582901e-03,1.664412498474121094e+00
-2.496775239706039429e-03,-4.735860507935285568e-03,1.664424180984497070e+00
-2.600383711978793144e-03,-3.808605717495083809e-03,1.664415240287780762e+00
-2.669332548975944519e-03,-4.271523095667362213e-03,1.664386630058288574e+00
-2.747850492596626282e-03,-4.412675742059946060e-03,1.664341092109680176e+00
-2.668464556336402893e-03,-5.193193443119525909e-03,1.664322257041931152e+00
-2.470099367201328278e-03,-5.019605625420808792e-03,1.664337515830993652e+00
-2.234314568340778351e-03,-5.724394693970680237e-03,1.664371013641357422e+00
-2.258420223370194435e-03,-5.531736649572849274e-03,1.664376854896545410e+00
-2.397052710875868797e-03,-5.901326425373554230e-03,1.664372920989990234e+00
-2.518624998629093170e-03,-4.956145770847797394e-03,1.664382934570312500e+00
-2.476338995620608330e-03,-4.850866273045539856e-03,1.664411544799804688e+00
-2.467564074322581291e-03,-4.332303535193204880e-03,1.664416193962097168e+00
-2.541309222579002380e-03,-4.983413033187389374e-03,1.664384722709655762e+00
-2.663301303982734680e-03,-4.857244901359081268e-03,1.664345502853393555e+00
-2.573044504970312119e-03,-5.436032544821500778e-03,1.664347171783447266e+00
-2.370411064475774765e-03,-5.176099948585033417e-03,1.664371967315673828e+00
-2.261059824377298355e-03,-5.451923236250877380e-03,1.664380550384521484e+00
-2.396565163508057594e-03,-4.921890329569578171e-03,1.664357185363769531e+00
-2.534600207582116127e-03,-5.032897926867008209e-03,1.664342641830444336e+00
-2.583954017609357834e-03,-4.320475738495588303e-03,1.664341688156127930e+00
-2.458847826346755028e-03,-5.012547131627798080e-03,1.664351940155029297e+00
-2.404048806056380272e-03,-5.451387260109186172e-03,1.664347648620605469e+00
-2.391362795606255531e-03,-6.519487593322992325e-03,1.664342045783996582e+00
-2.378063509240746498e-03,-6.038624327629804611e-03,1.664358854293823242e+00
-2.238986315205693245e-03,-5.750628653913736343e-03,1.664409995079040527e+00
-2.202450297772884369e-03,-4.377078730612993240e-03,1.664442777633666992e+00
-2.374387811869382858e-03,-4.288653843104839325e-03,1.664420366287231445e+00
-2.716605085879564285e-03,-4.040315747261047363e-03,1.664352774620056152e+00
-2.838360145688056946e-03,-5.021091084927320480e-03,1.664306044578552246e+00
-2.677314449101686478e-03,-4.942013416439294815e-03,1.664305806159973145e+00
-2.298266626894474030e-03,-5.772707983851432800e-03,1.664341688156127930e+00
-2.091171685606241226e-03,-5.810664035379886627e-03,1.664367794990539551e+00
-2.141125034540891647e-03,-6.599566899240016937e-03,1.664367556571960449e+00
-2.354262629523873329e-03,-6.342256907373666763e-03,1.664360761642456055e+00
-2.388213062658905983e-03,-6.706217769533395767e-03,1.664391756057739258e+00
-2.315825549885630608e-03,-5.724721122533082962e-03,1.664439558982849121e+00
-2.306333044543862343e-03,-5.250758025795221329e-03,1.664464592933654785e+00
-2.501970389857888222e-03,-4.244574811309576035e-03,1.664444088935852051e+00
-2.714955713599920273e-03,-4.581775981932878494e-03,1.664404153823852539e+00
-2.830172656103968620e-03,-4.599169362336397171e-03,1.664360165596008301e+00
-2.699531381949782372e-03,-5.358701106160879135e-03,1.664343476295471191e+00
-2.465290017426013947e-03,-5.262615624815225601e-03,1.664353013038635254e+00
-2.272116253152489662e-03,-5.834534298628568649e-03,1.664374947547912598e+00
-2.339003374800086021e-03,-5.485035944730043411e-03,1.664374589920043945e+00
-2.485359087586402893e-03,-6.012459285557270050e-03,1.664368152618408203e+00
-2.610526047646999359e-03,-5.311563145369291306e-03,1.664370536804199219e+00
-2.566091949120163918e-03,-5.163740366697311401e-03,1.664397954940795898e+00
-2.499361988157033920e-03,-4.485416691750288010e-03,1.664420247077941895e+00
-2.517648041248321533e-03,-4.793023690581321716e-03,1.664416909217834473e+00
-2.724777674302458763e-03,-4.399100318551063538e-03,1.664374113082885742e+00
-2.779644215479493141e-03,-5.013664253056049347e-03,1.664350271224975586e+00
-2.647453686222434044e-03,-4.999903030693531036e-03,1.664357900619506836e+00
-2.422213321551680565e-03,-5.888597574084997177e-03,1.664376139640808105e+00
-2.383570885285735130e-03,-5.969117395579814911e-03,1.664377808570861816e+00
-2.399280434474349022e-03,-6.728878710418939590e-03,1.664387583732604980e+00
-2.428534207865595818e-03,-6.284150294959545135e-03,1.664414405822753906e+00
-2.367096953094005585e-03,-6.269856356084346771e-03,1.664454221725463867e+00
-2.362702507525682449e-03,-5.253735929727554321e-03,1.664480566978454590e+00
-2.455861540511250496e-03,-5.097496788948774338e-03,1.664484381675720215e+00
-2.679807832464575768e-03,-4.609990864992141724e-03,1.664449214935302734e+00
-2.773313783109188080e-03,-5.364253651350736618e-03,1.664415359497070312e+00
-2.712783636525273323e-03,-5.553819704800844193e-03,1.664399981498718262e+00
-2.501231152564287186e-03,-5.979244131594896317e-03,1.664411783218383789e+00
-2.340469043701887131e-03,-5.218282807618379593e-03,1.664433121681213379e+00
-2.319495426490902901e-03,-5.171145778149366379e-03,1.664444208145141602e+00
-2.528213663026690483e-03,-4.560387227684259415e-03,1.664417266845703125e+00
-2.742143347859382629e-03,-5.008850712329149246e-03,1.664376020431518555e+00
-2.793208928778767586e-03,-4.829441197216510773e-03,1.664355635643005371e+00
-2.584810834378004074e-03,-5.460365675389766693e-03,1.664375305175781250e+00
-2.412654459476470947e-03,-4.923433065414428711e-03,1.664398789405822754e+00
-2.348210196942090988e-03,-5.040628835558891296e-03,1.664409041404724121e+00
-2.479896880686283112e-03,-4.534637555480003357e-03,1.664393782615661621e+00
-2.615295350551605225e-03,-5.095088388770818710e-03,1.664371728897094727e+00
-2.657083794474601746e-03,-5.111910402774810791e-03,1.664356708526611328e+00
-2.516630105674266815e-03,-5.791025701910257339e-03,1.664370656013488770e+00
-2.353105461224913597e-03,-5.451523698866367340e-03,1.664400339126586914e+00
-2.252126345410943031e-03,-5.751321092247962952e-03,1.664426684379577637e+00
-2.357970457524061203e-03,-4.952468443661928177e-03,1.664425969123840332e+00
-2.508397446945309639e-03,-4.783833399415016174e-03,1.664414644241333008e+00
-2.611754927784204483e-03,-4.006980452686548233e-03,1.664400935173034668e+00
-2.595459576696157455e-03,-4.308449104428291321e-03,1.664392709732055664e+00
-2.591283991932868958e-03,-4.252124577760696411e-03,1.664372324943542480e+00
-2.545462455600500107e-03,-5.284993443638086319e-03,1.664353251457214355e+00
-2.486017532646656036e-03,-5.658639129251241684e-03,1.664347410202026367e+00
-2.335102297365665436e-03,-6.212011445313692093e-03,1.664374947547912598e+00
-2.216333989053964615e-03,-5.747889168560504913e-03,1.664411902427673340e+00
-2.201150404289364815e-03,-5.824172869324684143e-03,1.664440631866455078e+00
-2.390808658674359322e-03,-5.170699674636125565e-03,1.664434790611267090e+00
-2.567185088992118835e-03,-5.456611514091491699e-03,1.664419651031494141e+00
-2.614332828670740128e-03,-5.000019911676645279e-03,1.664412498474121094e+00
-2.481836127117276192e-03,-5.457455292344093323e-03,1.664422035217285156e+00
-2.382701262831687927e-03,-4.972105380147695541e-03,1.664424657821655273e+00
-2.364727435633540154e-03,-5.222345236688852310e-03,1.664416074752807617e+00
-2.465307945385575294e-03,-4.522764123976230621e-03,1.664399266242980957e+00
-2.537754364311695099e-03,-4.569515585899353027e-03,1.664386630058288574e+00
-2.590288873761892319e-03,-4.164350219070911407e-03,1.664368271827697754e+00
-2.579477615654468536e-03,-4.924487788230180740e-03,1.664347887039184570e+00
-2.568681491538882256e-03,-5.193923134356737137e-03,1.664331674575805664e+00
-2.455409383401274681e-03,-6.153912749141454697e-03,1.664344072341918945e+00
-2.341983607038855553e-03,-5.853954702615737915e-03,1.664375662803649902e+00
-2.232940634712576866e-03,-6.000754889100790024e-03,1.664413452148437500e+00
-2.258544322103261948e-03,-5.148627329617738724e-03,1.664436101913452148e+00
-2.372558927163481712e-03,-5.337036214768886566e-03,1.664439201354980469e+00
-2.607727888971567154e-03,-4.536025691777467728e-03,1.664414525032043457e+00
-2.679624594748020172e-03,-4.614954814314842224e-03,1.664401412010192871e+00
-2.596885897219181061e-03,-4.086224827915430069e-03,1.664404273033142090e+00
-2.501316368579864502e-03,-4.569101147353649139e-03,1.664399504661560059e+00
-2.595871686935424805e-03,-4.414201714098453522e-03,1.664363622665405273e+00
-2.639539074152708054e-03,-5.070173647254705429e-03,1.664343953132629395e+00
-2.546784467995166779e-03,-4.921690095216035843e-03,1.664358615875244141e+00
-2.395135816186666489e-03,-5.477960221469402313e-03,1.664383888244628906e+00
-2.405067672953009605e-03,-5.349161569029092789e-03,1.664389252662658691e+00
-2.469402737915515900e-03,-5.885097663849592209e-03,1.664395689964294434e+00
-2.528262324631214142e-03,-5.093414802104234695e-03,1.664414167404174805e+00
-2.479770453646779060e-03,-4.925654269754886627e-03,1.664443969726562500e+00
-2.479250077158212662e-03,-4.197801463305950165e-03,1.664451360702514648e+00
-2.558333799242973328e-03,-4.762032069265842438e-03,1.664429068565368652e+00
-2.713238121941685677e-03,-4.848949611186981201e-03,1.664387822151184082e+00
-2.664562780410051346e-03,-5.725155584514141083e-03,1.664379835128784180e+00
-2.451247535645961761e-03,-5.631634965538978577e-03,1.664407730102539062e+00
-2.223294926807284355e-03,-6.050399038940668106e-03,1.664445161819458008e+00
-2.253946848213672638e-03,-5.470920819789171219e-03,1.664453983306884766e+00
-2.401967532932758331e-03,-6.121427286416292191e-03,1.664447426795959473e+00
-2.559412503615021706e-03,-6.005246657878160477e-03,1.664435744285583496e+00
-2.506696153432130814e-03,-6.407348439097404480e-03,1.664448380470275879e+00
-2.325558336451649666e-03,-5.555597133934497833e-03,1.664484143257141113e+00
-2.189874416217207909e-03,-5.473020952194929123e-03,1.664511322975158691e+00
-2.344730310142040253e-03,-4.647563677281141281e-03,1.664483070373535156e+00
-2.563009969890117645e-03,-5.347021389752626419e-03,1.664427399635314941e+00
-2.695101546123623848e-03,-5.500295665115118027e-03,1.664377689361572266e+00
-2.556293504312634468e-03,-6.047956179827451706e-03,1.664370417594909668e+00
-2.285905415192246437e-03,-5.500010214745998383e-03,1.664393782615661621e+00
-2.126028528437018394e-03,-5.718069151043891907e-03,1.664415240287780762e+00
-2.284559654071927071e-03,-5.339925643056631088e-03,1.664393186569213867e+00
-2.529910765588283539e-03,-5.580471828579902649e-03,1.664357781410217285e+00
-2.629686845466494560e-03,-4.943546373397111893e-03,1.664347052574157715e+00
-2.483510412275791168e-03,-5.224158521741628647e-03,1.664371252059936523e+00
-2.388466615229845047e-03,-4.498719703406095505e-03,1.664383888244628906e+00
-2.396206604316830635e-03,-4.741655662655830383e-03,1.664371013641357422e+00
-2.513329265639185905e-03,-4.388991743326187134e-03,1.664347171783447266e+00
-2.568225841969251633e-03,-4.969304893165826797e-03,1.664332032203674316e+00
-2.578601473942399025e-03,-5.027270875871181488e-03,1.664319276809692383e+00
-2.449131570756435394e-03,-5.826214794069528580e-03,1.664332270622253418e+00
-2.330124843865633011e-03,-5.625457502901554108e-03,1.664361000061035156e+00
-2.252920530736446381e-03,-6.139557342976331711e-03,1.664390683174133301e+00
-2.332950709387660027e-03,-5.874015390872955322e-03,1.664403796195983887e+00
-2.423520665615797043e-03,-6.213953718543052673e-03,1.664417147636413574e+00
-2.469201339408755302e-03,-5.451581906527280807e-03,1.664435267448425293e+00
-2.426107879728078842e-03,-5.366855766624212265e-03,1.664461970329284668e+00
-2.459421753883361816e-03,-4.726775921881198883e-03,1.664464473724365234e+00
-2.547090640291571617e-03,-5.235958378762006760e-03,1.664443135261535645e+00
-2.665306208655238152e-03,-5.152507685124874115e-03,1.664411306381225586e+00
-2.622420201078057289e-03,-5.635003093630075455e-03,1.664406299591064453e+00
-2.487790537998080254e-03,-4.958486184477806091e-03,1.664425253868103027e+00
-2.361137187108397484e-03,-5.037643481045961380e-03,1.664448022842407227e+00
-2.467152895405888557e-03,-4.591464996337890625e-03,1.664436459541320801e+00
-2.627232344821095467e-03,-5.578545853495597839e-03,1.664406061172485352e+00
-2.723221434280276299e-03,-6.081969011574983597e-03,1.664384603500366211e+00
-2.532296115532517433e-03,-7.046883460134267807e-03,1.664411425590515137e+00
-2.213414292782545090e-03,-6.705933716148138046e-03,1.664475798606872559e+00
-2.076769480481743813e-03,-6.590269505977630615e-03,1.664524316787719727e+00
-2.271077828481793404e-03,-5.560343153774738312e-03,1.664525985717773438e+00
-2.568857977166771889e-03,-5.683633964508771896e-03,1.664500951766967773e+00
-2.763717202469706535e-03,-5.231486633419990540e-03,1.664470076560974121e+00
-2.710371511057019234e-03,-5.483193788677453995e-03,1.664458751678466797e+00
-2.541809109970927238e-03,-4.914130084216594696e-03,1.664460659027099609e+00
-2.378303324803709984e-03,-5.416951607912778854e-03,1.664466381072998047e+00
-2.468233928084373474e-03,-4.994651768356561661e-03,1.664441466331481934e+00
-2.582840854302048683e-03,-5.573677364736795425e-03,1.664407849311828613e+00
-2.607719739899039268e-03,-5.317307543009519577e-03,1.664395570755004883e+00
-2.474380657076835632e-03,-5.823866464197635651e-03,1.664409756660461426e+00
-2.427510917186737061e-03,-4.943985957652330399e-03,1.664418339729309082e+00
-2.433084417134523392e-03,-4.793796222656965256e-03,1.664420723915100098e+00
-2.538438653573393822e-03,-4.158025607466697693e-03,1.664404511451721191e+00
-2.631983486935496330e-03,-4.879236686974763870e-03,1.664371848106384277e+00
-2.685253974050283432e-03,-5.348937585949897766e-03,1.664337038993835449e+00
-2.546026138588786125e-03,-6.189104635268449783e-03,1.664342522621154785e+00
-2.306197769939899445e-03,-5.720892455428838730e-03,1.664385676383972168e+00
-2.139190211892127991e-03,-5.579641088843345642e-03,1.664431691169738770e+00
-2.260118490085005760e-03,-4.791438113898038864e-03,1.664436697959899902e+00
-2.559876069426536560e-03,-4.927338566631078720e-03,1.664404511451721191e+00
-2.797630382701754570e-03,-4.552175290882587433e-03,1.664369583129882812e+00
-2.701821969822049141e-03,-5.131845362484455109e-03,1.664378046989440918e+00
-2.439131261780858040e-03,-5.172663833945989609e-03,1.664406895637512207e+00
-2.261455636471509933e-03,-6.164846010506153107e-03,1.664418578147888184e+00
-2.325665205717086792e-03,-6.270598620176315308e-03,1.664408206939697266e+00
-2.367064356803894043e-03,-6.943550892174243927e-03,1.664418220520019531e+00
-2.318467944860458374e-03,-6.266119889914989471e-03,1.664451956748962402e+00
-2.232603495940566063e-03,-6.050405092537403107e-03,1.664486169815063477e+00
-2.320401836186647415e-03,-5.036055110394954681e-03,1.664485096931457520e+00
-2.510258462280035019e-03,-5.100654438138008118e-03,1.664459586143493652e+00
-2.703026402741670609e-03,-4.702551290392875671e-03,1.664418339729309082e+00
-2.679377328604459763e-03,-5.361204035580158234e-03,1.664396405220031738e+00
-2.539957175031304359e-03,-5.342147778719663620e-03,1.664391875267028809e+00
-2.354250056669116020e-03,-5.920239258557558060e-03,1.664402604103088379e+00
-2.337049227207899094e-03,-5.377098917961120605e-03,1.664406180381774902e+00
-2.361951163038611412e-03,-5.847477354109287262e-03,1.664409875869750977e+00
-2.465497469529509544e-03,-5.729733034968376160e-03,1.664402365684509277e+00
-2.498988527804613113e-03,-6.401387043297290802e-03,1.664397478103637695e+00
-2.450932050123810768e-03,-5.906040780246257782e-03,1.664412856101989746e+00
-2.285200869664549828e-03,-6.203262601047754288e-03,1.664452314376831055e+00
-2.261722693219780922e-03,-5.377836525440216064e-03,1.664469003677368164e+00
-2.362391212955117226e-03,-5.335582885891199112e-03,1.664456129074096680e+00
-2.537189051508903503e-03,-4.628845024853944778e-03,1.664431095123291016e+00
-2.622039290145039558e-03,-4.798233043402433395e-03,1.664414882659912109e+00
-2.656496362760663033e-03,-4.496766719967126846e-03,1.664393186569213867e+00
-2.557706087827682495e-03,-5.482857115566730499e-03,1.664379954338073730e+00
-2.465661615133285522e-03,-6.020823493599891663e-03,1.664373278617858887e+00
-2.362368162721395493e-03,-6.886443588882684708e-03,1.664381742477416992e+00
-2.290012547746300697e-03,-6.468003150075674057e-03,1.664408922195434570e+00
-2.209195867180824280e-03,-6.463401485234498978e-03,1.664452552795410156e+00
-2.276969840750098228e-03,-5.352613516151905060e-03,1.664477705955505371e+00
-2.462884178385138512e-03,-5.289984401315450668e-03,1.664467334747314453e+00
-2.703491365537047386e-03,-4.774339962750673294e-03,1.664432287216186523e+00
-2.748867962509393692e-03,-5.296719260513782501e-03,1.664414763450622559e+00
-2.668365836143493652e-03,-4.732872359454631805e-03,1.664415597915649414e+00
-2.513492247089743614e-03,-4.695993848145008087e-03,1.664426922798156738e+00
-2.478101523593068123e-03,-4.144740756601095200e-03,1.664424300193786621e+00
-2.587903523817658424e-03,-4.860826767981052399e-03,1.664394974708557129e+00
-2.794114174321293831e-03,-5.027861800044775009e-03,1.664349675178527832e+00
-2.762421034276485443e-03,-5.679112393409013748e-03,1.664347887039184570e+00
-2.499221824109554291e-03,-5.633751396089792252e-03,1.664391517639160156e+00
-2.231774153187870979e-03,-6.262853275984525681e-03,1.664440035820007324e+00
-2.299210522323846817e-03,-5.708113312721252441e-03,1.664449095726013184e+00
-2.490878803655505180e-03,-5.739568267017602921e-03,1.664450287818908691e+00
-2.626273548230528831e-03,-4.593094345182180405e-03,1.664462327957153320e+00
-2.599546918645501137e-03,-4.632265307009220123e-03,1.664478898048400879e+00
-2.615640871226787567e-03,-4.310077987611293793e-03,1.664466261863708496e+00
-2.644772175699472427e-03,-5.067664664238691330e-03,1.664437174797058105e+00
-2.645789179950952530e-03,-5.085117183625698090e-03,1.664420366287231445e+00
-2.475505694746971130e-03,-6.120278500020503998e-03,1.664439558982849121e+00
-2.338000340387225151e-03,-6.298584397882223129e-03,1.664462447166442871e+00
-2.271712757647037506e-03,-6.872582715004682541e-03,1.664480805397033691e+00
-2.318474696949124336e-03,-6.077309139072895050e-03,1.664498448371887207e+00
-2.353938529267907143e-03,-5.891635548323392868e-03,1.664519786834716797e+00
-2.476160880178213120e-03,-4.498309921473264694e-03,1.664517879486083984e+00
-2.599954837933182716e-03,-4.168916493654251099e-03,1.664491534233093262e+00
-2.720169024541974068e-03,-3.491838462650775909e-03,1.664448380470275879e+00
-2.711453009396791458e-03,-4.509749822318553925e-03,1.664407253265380859e+00
-2.693395828828215599e-03,-5.218003410845994949e-03,1.664360642433166504e+00
-2.510546240955591202e-03,-6.427167449146509171e-03,1.664350628852844238e+00
-2.288337796926498413e-03,-5.770105402916669846e-03,1.664386034011840820e+00
-2.094181487336754799e-03,-5.170152988284826279e-03,1.664441585540771484e+00
-2.227077027782797813e-03,-3.869132138788700104e-03,1.664443492889404297e+00
-2.574064768850803375e-03,-4.193359985947608948e-03,1.664388418197631836e+00
-2.902726177126169205e-03,-4.389555659145116806e-03,1.664314985275268555e+00
-2.814870327711105347e-03,-5.207314155995845795e-03,1.664300322532653809e+00
-2.411359222605824471e-03,-4.876551218330860138e-03,1.664346337318420410e+00
-2.037392696365714073e-03,-5.214134231209754944e-03,1.664398550987243652e+00
-2.103422302752733231e-03,-5.098909605294466019e-03,1.664392232894897461e+00
-2.404968719929456711e-03,-6.149467546492815018e-03,1.664351224899291992e+00
-2.605156973004341125e-03,-6.234714295715093613e-03,1.664333581924438477e+00
-2.410516375675797462e-03,-6.613855715841054916e-03,1.664380669593811035e+00
-2.096367767080664635e-03,-5.710085388273000717e-03,1.664451360702514648e+00
-1.961562316864728928e-03,-6.038857158273458481e-03,1.664489150047302246e+00
-2.270091325044631958e-03,-5.893274676054716110e-03,1.664452910423278809e+00
-2.569537376984953880e-03,-6.560866255313158035e-03,1.664411306381225586e+00
-2.533912193030118942e-03,-6.343023851513862610e-03,1.664421796798706055e+00
-2.244082745164632797e-03,-6.324033718556165695e-03,1.664467334747314453e+00
-2.130483975633978844e-03,-5.389966070652008057e-03,1.664476752281188965e+00
-2.281527966260910034e-03,-5.386183969676494598e-03,1.664443016052246094e+00
-2.550489967688918114e-03,-5.046698264777660370e-03,1.664390802383422852e+00
-2.648503286764025688e-03,-5.660398397594690323e-03,1.664356231689453125e+00
-2.537655178457498550e-03,-5.577423144131898880e-03,1.664348959922790527e+00
-2.317123347893357277e-03,-6.364113651216030121e-03,1.664364218711853027e+00
-2.224474912509322166e-03,-6.412037182599306107e-03,1.664375662803649902e+00
-2.240648726001381874e-03,-6.946767680346965790e-03,1.664385795593261719e+00
-2.325974637642502785e-03,-6.259564775973558426e-03,1.664403080940246582e+00
-2.348961308598518372e-03,-6.084355060011148453e-03,1.664434313774108887e+00
-2.438975265249609947e-03,-4.884846508502960205e-03,1.664443969726562500e+00
-2.543075708672404289e-03,-4.638453479856252670e-03,1.664435744285583496e+00
-2.649268135428428650e-03,-4.416807554662227631e-03,1.664409279823303223e+00
-2.676859730854630470e-03,-5.636527203023433685e-03,1.664374470710754395e+00
-2.658342709764838219e-03,-6.324870511889457703e-03,1.664347529411315918e+00
-2.434067428112030029e-03,-7.318308576941490173e-03,1.664369583129882812e+00
-2.147010061889886856e-03,-6.791017483919858932e-03,1.664433598518371582e+00
-2.024086890742182732e-03,-6.748403422534465790e-03,1.664487242698669434e+00
-2.303502522408962250e-03,-5.973293446004390717e-03,1.664481043815612793e+00
-2.643090207129716873e-03,-6.482888478785753250e-03,1.664453864097595215e+00
-2.863076515495777130e-03,-5.719996523112058640e-03,1.664439439773559570e+00
-2.708526561036705971e-03,-5.788687616586685181e-03,1.664462447166442871e+00
-2.462588017806410789e-03,-5.189716815948486328e-03,1.664491534233093262e+00
-2.408203901723027229e-03,-5.803916603326797485e-03,1.664481520652770996e+00
-2.692044246941804886e-03,-5.638810805976390839e-03,1.664422273635864258e+00
-2.830729819834232330e-03,-6.150023546069860458e-03,1.664394736289978027e+00
-2.689339686185121536e-03,-5.554634612053632736e-03,1.664422154426574707e+00
-2.434151247143745422e-03,-5.740413442254066467e-03,1.664463043212890625e+00
-2.478712238371372223e-03,-5.461178719997406006e-03,1.664455771446228027e+00
-2.667480614036321640e-03,-6.342185195535421371e-03,1.664427518844604492e+00
-2.804768970236182213e-03,-6.352924741804599762e-03,1.664416313171386719e+00
-2.644355641677975655e-03,-6.742598488926887512e-03,1.664453744888305664e+00
-2.397468779236078262e-03,-5.965764634311199188e-03,1.664510130882263184e+00
-2.334699966013431549e-03,-5.910465493798255920e-03,1.664539217948913574e+00
-2.598217688500881195e-03,-5.131033249199390411e-03,1.664513587951660156e+00
-2.878356957808136940e-03,-5.041828379034996033e-03,1.664481282234191895e+00
-2.899695653468370438e-03,-4.347296431660652161e-03,1.664477944374084473e+00
-2.697485033422708511e-03,-4.885943606495857239e-03,1.664487957954406738e+00
-2.617350313812494278e-03,-4.988639615476131439e-03,1.664471149444580078e+00
-2.604013308882713318e-03,-5.993132945150136948e-03,1.664449810981750488e+00
-2.603456610813736916e-03,-6.079727783799171448e-03,1.664445042610168457e+00
-2.451646607369184494e-03,-6.902452092617750168e-03,1.664470553398132324e+00
-2.332217758521437645e-03,-6.221195682883262634e-03,1.664502978324890137e+00
-2.314592711627483368e-03,-5.729030817747116089e-03,1.664528489112854004e+00
-2.461234340444207191e-03,-4.412650596350431442e-03,1.664527535438537598e+00
-2.668607048690319061e-03,-4.218493588268756866e-03,1.664502263069152832e+00
-2.875227248296141624e-03,-3.896567504853010178e-03,1.664447188377380371e+00
-2.866377355530858040e-03,-4.876526072621345520e-03,1.664400577545166016e+00
-2.681773388758301735e-03,-5.366876721382141113e-03,1.664384961128234863e+00
-2.368376823142170906e-03,-6.344015244394540787e-03,1.664407372474670410e+00
-2.193428808823227882e-03,-6.023596972227096558e-03,1.664436101913452148e+00
-2.179048489779233932e-03,-6.127100437879562378e-03,1.664456725120544434e+00
-2.361193997785449028e-03,-4.977507982403039932e-03,1.664454936981201172e+00
-2.543637761846184731e-03,-4.588313866406679153e-03,1.664447546005249023e+00
-2.671856665983796120e-03,-3.511568531394004822e-03,1.664431810379028320e+00
-2.669037785381078720e-03,-3.894840599969029427e-03,1.664408087730407715e+00
-2.671819180250167847e-03,-4.117048811167478561e-03,1.664365768432617188e+00
-2.568818628787994385e-03,-5.330826621502637863e-03,1.664338469505310059e+00
-2.438068622723221779e-03,-5.225135479122400284e-03,1.664340496063232422e+00
-2.236520405858755112e-03,-5.582510493695735931e-03,1.664372205734252930e+00
-2.168491249904036522e-03,-5.171196069568395615e-03,1.664396524429321289e+00
-2.300124382600188255e-03,-5.508354399353265762e-03,1.664389967918395996e+00
-2.517009619623422623e-03,-5.321781150996685028e-03,1.664369106292724609e+00
-2.542559523135423660e-03,-5.544009152799844742e-03,1.664381265640258789e+00
-2.406652085483074188e-03,-4.771674517542123795e-03,1.664414167404174805e+00
-2.247374504804611206e-03,-4.741082899272441864e-03,1.664442181587219238e+00
-2.325619803741574287e-03,-4.203449934720993042e-03,1.664427518844604492e+00
-2.503596013411879539e-03,-4.937256220728158951e-03,1.664388418197631836e+00
-2.643202431499958038e-03,-5.143568385392427444e-03,1.664351940155029297e+00
-2.487076213583350182e-03,-5.921314004808664322e-03,1.664365053176879883e+00
-2.222209470346570015e-03,-5.497376900166273117e-03,1.664409518241882324e+00
-2.074829768389463425e-03,-5.751634947955608368e-03,1.664443731307983398e+00
-2.258752705529332161e-03,-5.396984051913022995e-03,1.664433360099792480e+00
-2.498779911547899246e-03,-5.956206470727920532e-03,1.664410948753356934e+00
-2.586205955594778061e-03,-5.581160075962543488e-03,1.664407253265380859e+00
-2.417969983071088791e-03,-5.878513213247060776e-03,1.664435744285583496e+00
-2.249699551612138748e-03,-5.357096437364816666e-03,1.664462447166442871e+00
-2.253858139738440514e-03,-5.719630979001522064e-03,1.664458870887756348e+00
-2.494486747309565544e-03,-5.107528064399957657e-03,1.664420366287231445e+00
-2.598734572529792786e-03,-5.786237772554159164e-03,1.664396405220031738e+00
-2.516310662031173706e-03,-5.891887005418539047e-03,1.664396762847900391e+00
-2.332417760044336319e-03,-6.658334285020828247e-03,1.664406299591064453e+00
-2.277471590787172318e-03,-6.261589936912059784e-03,1.664410352706909180e+00
-2.265302697196602821e-03,-6.363680586218833923e-03,1.664427042007446289e+00
-2.340387785807251930e-03,-5.347171332687139511e-03,1.664440989494323730e+00
-2.434760797768831253e-03,-5.281866528093814850e-03,1.664438366889953613e+00
-2.596856327727437019e-03,-4.821947310119867325e-03,1.664410829544067383e+00
-2.668268978595733643e-03,-5.309228785336017609e-03,1.664390444755554199e+00
-2.682613674551248550e-03,-4.816907458007335663e-03,1.664380669593811035e+00
-2.554399194195866585e-03,-5.043237470090389252e-03,1.664391517639160156e+00
-2.470167586579918861e-03,-4.644937813282012939e-03,1.664400577545166016e+00
-2.471055602654814720e-03,-5.391005426645278931e-03,1.664392709732055664e+00
-2.606143010780215263e-03,-5.448216572403907776e-03,1.664368629455566406e+00
-2.601476386189460754e-03,-6.697052158415317535e-03,1.664368391036987305e+00
-2.475738292559981346e-03,-6.634971592575311661e-03,1.664404034614562988e+00
-2.261966932564973831e-03,-6.906609982252120972e-03,1.664459109306335449e+00
-2.199567388743162155e-03,-5.995139945298433304e-03,1.664501786231994629e+00
-2.327471971511840820e-03,-5.924883298575878143e-03,1.664516210556030273e+00
-2.616688376292586327e-03,-5.344441626220941544e-03,1.664490342140197754e+00
-2.760329516604542732e-03,-5.778838880360126495e-03,1.664467692375183105e+00
-2.677697921171784401e-03,-5.735863931477069855e-03,1.664469003677368164e+00
-2.483075717464089394e-03,-6.272383965551853180e-03,1.664485812187194824e+00
-2.393685281276702881e-03,-5.993203725665807724e-03,1.664492487907409668e+00
-2.381497295573353767e-03,-6.702838931232690811e-03,1.664495468139648438e+00
-2.464177785441279411e-03,-6.591139826923608780e-03,1.664490580558776855e+00
-2.501350827515125275e-03,-6.859062705188989639e-03,1.664491295814514160e+00
-2.472060732543468475e-03,-6.041942629963159561e-03,1.664507269859313965e+00
-2.370065543800592422e-03,-6.212972104549407959e-03,1.664536833763122559e+00
-2.421054989099502563e-03,-5.980237852782011032e-03,1.664531707763671875e+00
-2.551462268456816673e-03,-6.324270274490118027e-03,1.664504408836364746e+00
-2.633112249895930290e-03,-5.690780933946371078e-03,1.664489746093750000e+00
-2.520053880289196968e-03,-5.606153048574924469e-03,1.664511084556579590e+00
-2.472879830747842789e-03,-4.565731622278690338e-03,1.664514422416687012e+00
-2.530468394979834557e-03,-4.759697709232568741e-03,1.664484620094299316e+00
-2.718917559832334518e-03,-4.710097331553697586e-03,1.664429783821105957e+00
-2.761366311460733414e-03,-5.790682975202798843e-03,1.664389610290527344e+00
-2.641030121594667435e-03,-5.833412054926156998e-03,1.664382696151733398e+00
-2.336635021492838860e-03,-6.556403823196887970e-03,1.664413571357727051e+00
-2.202142961323261261e-03,-5.966802593320608139e-03,1.664441943168640137e+00
-2.260994864627718925e-03,-6.046955939382314682e-03,1.664449214935302734e+00
-2.471009502187371254e-03,-5.286051426082849503e-03,1.664437532424926758e+00
-2.615104196593165398e-03,-5.322876386344432831e-03,1.664431333541870117e+00
-2.659091725945472717e-03,-4.713292699307203293e-03,1.664425849914550781e+00
-2.587917260825634003e-03,-5.029067397117614746e-03,1.664424061775207520e+00
-2.545520430430769920e-03,-4.975123330950737000e-03,1.664416193962097168e+00
-2.513058716431260109e-03,-5.670039448887109756e-03,1.664410114288330078e+00
-2.494098385795950890e-03,-5.982342641800642014e-03,1.664405941963195801e+00
-2.377815078943967819e-03,-7.168477866798639297e-03,1.664423346519470215e+00
-2.286329632624983788e-03,-7.188510149717330933e-03,1.664451956748962402e+00
-2.205618657171726227e-03,-7.342758588492870331e-03,1.664490818977355957e+00
-2.220405032858252525e-03,-6.119864061474800110e-03,1.664527297019958496e+00
-2.320649102330207825e-03,-5.627884529531002045e-03,1.664547324180603027e+00
-2.559648593887686729e-03,-4.697403870522975922e-03,1.664519309997558594e+00
-2.772987354546785355e-03,-4.841085057705640793e-03,1.664466261863708496e+00
-2.822321839630603790e-03,-4.437446594238281250e-03,1.664427638053894043e+00
-2.639627316966652870e-03,-5.032270215451717377e-03,1.664421200752258301e+00
-2.481196774169802666e-03,-5.167650524526834488e-03,1.664414882659912109e+00
-2.379453042522072792e-03,-6.358766928315162659e-03,1.664400696754455566e+00
-2.420403528958559036e-03,-6.502700038254261017e-03,1.664388895034790039e+00
-2.376265823841094971e-03,-6.929127965122461319e-03,1.664411544799804688e+00
-2.287804847583174706e-03,-5.995189771056175232e-03,1.664454817771911621e+00
-2.249400829896330833e-03,-5.647810176014900208e-03,1.664489865303039551e+00
-2.442605793476104736e-03,-4.776474554091691971e-03,1.664475440979003906e+00
-2.680727979168295860e-03,-5.154223646968603134e-03,1.664436101913452148e+00
-2.807486103847622871e-03,-4.940269049257040024e-03,1.664403319358825684e+00
-2.658217912539839745e-03,-5.489708390086889267e-03,1.664405822753906250e+00
-2.426404040306806564e-03,-5.271019414067268372e-03,1.664425730705261230e+00
-2.276283223181962967e-03,-6.220316514372825623e-03,1.664436340332031250e+00
-2.363943029195070267e-03,-6.528966128826141357e-03,1.664422035217285156e+00
-2.444361802190542221e-03,-6.915087811648845673e-03,1.664425849914550781e+00
-2.361868275329470634e-03,-6.182652432471513748e-03,1.664469361305236816e+00
-2.222814364358782768e-03,-6.097556557506322861e-03,1.664521813392639160e+00
-2.343791304156184196e-03,-5.145470611751079559e-03,1.664519906044006348e+00
-2.587000606581568718e-03,-5.084935110062360764e-03,1.664486050605773926e+00
-2.736975438892841339e-03,-4.450496751815080643e-03,1.664462089538574219e+00
-2.659537130966782570e-03,-5.031694658100605011e-03,1.664456009864807129e+00
-2.594347344711422920e-03,-5.069040227681398392e-03,1.664435029029846191e+00
-2.512940205633640289e-03,-5.851538386195898056e-03,1.664416670799255371e+00
-2.452711109071969986e-03,-5.698861554265022278e-03,1.664418458938598633e+00
-2.354773227125406265e-03,-6.334328558295965195e-03,1.664438247680664062e+00
-2.365561900660395622e-03,-6.207054480910301208e-03,1.664445996284484863e+00
-2.408376662060618401e-03,-6.634490564465522766e-03,1.664452075958251953e+00
-2.453256165608763695e-03,-5.840513389557600021e-03,1.664466023445129395e+00
-2.414035145193338394e-03,-5.712741054594516754e-03,1.664492607116699219e+00
-2.424270613119006157e-03,-5.038690753281116486e-03,1.664498090744018555e+00
-2.529079327359795570e-03,-5.543874111026525497e-03,1.664467573165893555e+00
-2.695546485483646393e-03,-5.276026669889688492e-03,1.664424300193786621e+00
-2.649177564308047295e-03,-5.946870427578687668e-03,1.664416670799255371e+00
-2.456933259963989258e-03,-5.843825172632932663e-03,1.664436340332031250e+00
-2.261477522552013397e-03,-6.753249093890190125e-03,1.664451241493225098e+00
-2.309473464265465736e-03,-6.715786643326282501e-03,1.664442658424377441e+00
-2.384625608101487160e-03,-6.900809705257415771e-03,1.664451718330383301e+00
-2.392570720985531807e-03,-5.932348314672708511e-03,1.664481759071350098e+00
-2.375619253143668175e-03,-5.444956943392753601e-03,1.664507746696472168e+00
-2.512137638404965401e-03,-4.469203297048807144e-03,1.664490818977355957e+00
-2.689949003979563713e-03,-4.873100202530622482e-03,1.664449810981750488e+00
-2.824074355885386467e-03,-4.962627310305833817e-03,1.664405584335327148e+00
-2.689666114747524261e-03,-5.917340517044067383e-03,1.664396286010742188e+00
-2.432523295283317566e-03,-5.785453598946332932e-03,1.664417624473571777e+00
-2.219724701717495918e-03,-6.280404981225728989e-03,1.664445519447326660e+00
-2.297295490279793739e-03,-5.726173520088195801e-03,1.664447903633117676e+00
-2.449325984343886375e-03,-6.279257591813802719e-03,1.664439678192138672e+00
-2.574180020019412041e-03,-6.113070063292980194e-03,1.664434909820556641e+00
-2.516512991860508919e-03,-6.622849032282829285e-03,1.664449453353881836e+00
-2.384617459028959274e-03,-6.273732986301183701e-03,1.664475560188293457e+00
-2.279519103467464447e-03,-6.508036050945520401e-03,1.664502978324890137e+00
-2.385189756751060486e-03,-5.623881705105304718e-03,1.664499163627624512e+00
-2.506630029529333115e-03,-5.618160124868154526e-03,1.664482951164245605e+00
-2.586618997156620026e-03,-5.011832807213068008e-03,1.664464831352233887e+00
-2.564868191257119179e-03,-5.525642540305852890e-03,1.664447426795959473e+00
-2.620580373331904411e-03,-4.953688010573387146e-03,1.664414763450622559e+00
-2.574542537331581116e-03,-5.465080030262470245e-03,1.664397597312927246e+00
-2.493222011253237724e-03,-5.345588084310293198e-03,1.664395093917846680e+00
-2.403079764917492867e-03,-6.141651887446641922e-03,1.664392113685607910e+00
-2.442882396280765533e-03,-6.006232928484678268e-03,1.664380073547363281e+00
-2.422435907647013664e-03,-6.625860929489135742e-03,1.664393782615661621e+00
-2.363875275477766991e-03,-6.465786136686801910e-03,1.664422988891601562e+00
-2.318470971658825874e-03,-6.626653485000133514e-03,1.664448618888854980e+00
-2.357487101107835770e-03,-6.024125497788190842e-03,1.664461493492126465e+00
-2.394896699115633965e-03,-6.222113966941833496e-03,1.664480447769165039e+00
-2.480342984199523926e-03,-5.482369568198919296e-03,1.664492249488830566e+00
-2.492746105417609215e-03,-5.839985329657793045e-03,1.664503574371337891e+00
-2.505809767171740532e-03,-5.470131523907184601e-03,1.664512395858764648e+00
-2.465457189828157425e-03,-6.047017406672239304e-03,1.664520621299743652e+00
-2.443052595481276512e-03,-5.898942239582538605e-03,1.664524316787719727e+00
-2.350817201659083366e-03,-6.713619455695152283e-03,1.664538979530334473e+00
-2.329931594431400299e-03,-6.405517458915710449e-03,1.664550185203552246e+00
-2.304716967046260834e-03,-6.424401886761188507e-03,1.664565563201904297e+00
-2.320388564839959145e-03,-5.389929749071598053e-03,1.664580941200256348e+00
-2.383618149906396866e-03,-5.302244797348976135e-03,1.664581060409545898e+00
