4.017513711005449295e-03,-6.792068481445312500e-03,-1.208305358886718750e-03
5.580441560596227646e-03,-5.311012268066406250e-03,-4.431247711181640625e-03
1.520064007490873337e-02,7.722210139036178589e-03,-7.784366607666015625e-03
3.854370117187500000e-02,2.695994637906551361e-02,-1.112365722656250000e-02
7.357876747846603394e-02,4.682813957333564758e-02,-1.493072509765625000e-02
1.088346317410469055e-01,6.243704631924629211e-02,-1.948356628417968750e-02
1.367630809545516968e-01,7.288476824760437012e-02,-2.399730682373046875e-02
1.513141244649887085e-01,7.989042252302169800e-02,-2.796554565429687500e-02
1.509704589843750000e-01,8.390770852565765381e-02,-3.177499771118164062e-02
1.388805210590362549e-01,8.254653960466384888e-02,-3.621816635131835938e-02
1.193221807479858398e-01,7.235094159841537476e-02,-4.193401336669921875e-02
9.618972986936569214e-02,5.291572585701942444e-02,-4.931449890136718750e-02
7.385262846946716309e-02,2.880307286977767944e-02,-5.875921249389648438e-02
5.912749469280242920e-02,8.772750385105609894e-03,-7.096862792968750000e-02
5.597010254859924316e-02,6.923094624653458595e-04,-8.528137207031250000e-02
6.118066981434822083e-02,5.280216690152883530e-03,-9.778785705566406250e-02
6.145138666033744812e-02,1.657628081738948822e-02,-1.065511703491210938e-01
4.272927343845367432e-02,2.318587712943553925e-02,-1.188287734985351562e-01
2.305884845554828644e-02,2.128472551703453064e-02,-1.335968971252441406e-01
8.425330743193626404e-03,1.113158185034990311e-02,-1.513190269470214844e-01
7.691920036450028419e-04,-3.469944000244140625e-03,-1.691107749938964844e-01
-3.429889678955078125e-03,-1.938343048095703125e-02,-1.848349571228027344e-01
-6.195068359375000000e-03,-3.397846221923828125e-02,-1.973438262939453125e-01
-7.343769073486328125e-03,-4.596328735351562500e-02,-2.063131332397460938e-01
-6.268978118896484375e-03,-5.453681945800781250e-02,-2.123355865478515625e-01
-2.719402313232421875e-03,-5.932998657226562500e-02,-2.161998748779296875e-01
3.734464524313807487e-03,-6.139612197875976562e-02,-2.188010215759277344e-01
1.490830257534980774e-02,-6.273555755615234375e-02,-2.217254638671875000e-01
3.016486763954162598e-02,-6.601238250732421875e-02,-2.274208068847656250e-01
4.365186020731925964e-02,-7.098054885864257812e-02,-2.383141517639160156e-01
4.560120403766632080e-02,-6.631517410278320312e-02,-2.524342536926269531e-01
3.785970807075500488e-02,-4.866695404052734375e-02,-2.651944160461425781e-01
4.666781798005104065e-02,-2.515172958374023438e-02,-2.743601799011230469e-01
6.219388917088508606e-02,-1.054763793945312500e-03,-2.813806533813476562e-01
7.151888310909271240e-02,1.677489839494228363e-02,-2.887139320373535156e-01
6.979271024465560913e-02,2.562333084642887115e-02,-2.972984313964843750e-01
5.908699333667755127e-02,2.597795426845550537e-02,-3.068833351135253906e-01
4.343904182314872742e-02,1.981564238667488098e-02,-3.167319297790527344e-01
2.717069722712039948e-02,9.558887220919132233e-03,-3.259377479553222656e-01
1.328105572611093521e-02,-2.372264862060546875e-03,-3.335418701171875000e-01
3.877516835927963257e-03,-1.355695724487304688e-02,-3.390364646911621094e-01
1.129293348640203476e-03,-2.071714401245117188e-02,-3.420619964599609375e-01
6.537590641528367996e-03,-1.921033859252929688e-02,-3.421368598937988281e-01
1.655105501413345337e-02,-6.711006164550781250e-03,-3.393311500549316406e-01
2.122345007956027985e-02,9.403690695762634277e-03,-3.362531661987304688e-01
1.348241139203310013e-02,1.828250288963317871e-02,-3.369660377502441406e-01
5.499436985701322556e-03,1.870571635663509369e-02,-3.393497467041015625e-01
5.602408782579004765e-05,1.319642737507820129e-02,-3.427786827087402344e-01
-2.881050109863281250e-03,5.745475646108388901e-03,-3.456912040710449219e-01
-5.639076232910156250e-03,-6.484985351562500000e-05,-3.477525711059570312e-01
-9.050846099853515625e-03,-2.227783203125000000e-03,-3.491406440734863281e-01
-1.235675811767578125e-02,3.656650369521230459e-05,-3.502593040466308594e-01
-1.454830169677734375e-02,6.622205954045057297e-03,-3.515124320983886719e-01
-1.426410675048828125e-02,1.673167757689952850e-02,-3.529567718505859375e-01
-9.857654571533203125e-03,2.886144630610942841e-02,-3.541755676269531250e-01
-2.923965454101562500e-03,3.979736939072608948e-02,-3.552775382995605469e-01
2.104482147842645645e-03,4.612400382757186890e-02,-3.568849563598632812e-01
6.735595408827066422e-03,4.637732356786727905e-02,-3.592410087585449219e-01
3.109547123312950134e-02,4.635383933782577515e-02,-3.611574172973632812e-01
6.300098448991775513e-02,5.187109857797622681e-02,-3.620557785034179688e-01
8.401196449995040894e-02,6.063387542963027954e-02,-3.628716468811035156e-01
8.764258772134780884e-02,6.861223280429840088e-02,-3.639388084411621094e-01
7.660067081451416016e-02,7.296151667833328247e-02,-3.650960922241210938e-01
5.780567601323127747e-02,7.207013666629791260e-02,-3.661680221557617188e-01
3.856584802269935608e-02,6.561259925365447998e-02,-3.669075965881347656e-01
2.316301129758358002e-02,5.450299754738807678e-02,-3.670406341552734375e-01
1.281274762004613876e-02,4.033779725432395935e-02,-3.662409782409667969e-01
7.789778988808393478e-03,2.558859810233116150e-02,-3.642907142639160156e-01
7.504445500671863556e-03,1.353560481220483780e-02,-3.609004020690917969e-01
1.198233384639024734e-02,8.971294388175010681e-03,-3.553538322448730469e-01
1.983280852437019348e-02,1.540141645818948746e-02,-3.474168777465820312e-01
2.319544367492198944e-02,2.750897966325283051e-02,-3.395762443542480469e-01
1.666033640503883362e-02,3.302523493766784668e-02,-3.358802795410156250e-01
9.710071608424186707e-03,3.115864284336566925e-02,-3.337287902832031250e-01
3.763116896152496338e-03,2.437302656471729279e-02,-3.321952819824218750e-01
-3.571510314941406250e-04,1.617604494094848633e-02,-3.301134109497070312e-01
-3.890514373779296875e-03,9.431128390133380890e-03,-3.273582458496093750e-01
-7.666587829589843750e-03,5.645050201565027237e-03,-3.240041732788085938e-01
-1.145076751708984375e-02,5.414861720055341721e-03,-3.202838897705078125e-01
5.731378681957721710e-03,-1.469135284423828125e-03,8.839349029585719109e-04
2.856889925897121429e-02,5.994766019284725189e-03,2.912215190008282661e-03
4.478076845407485962e-02,1.311237644404172897e-02,-2.255439758300781250e-04
6.265813112258911133e-02,1.690723001956939697e-02,-7.639408111572265625e-03
8.162114769220352173e-02,1.943279244005680084e-02,-1.556205749511718750e-02
1.009750217199325562e-01,2.128457464277744293e-02,-2.454042434692382812e-02
1.091103032231330872e-01,2.258431538939476013e-02,-3.341484069824218750e-02
1.053007543087005615e-01,2.293837256729602814e-02,-4.163360595703125000e-02
8.705612272024154663e-02,2.171750366687774658e-02,-4.918527603149414062e-02
6.552314013242721558e-02,1.895684190094470978e-02,-5.703258514404296875e-02
4.607290774583816528e-02,1.475192792713642120e-02,-6.647539138793945312e-02
3.255003318190574646e-02,1.121501065790653229e-02,-7.780075073242187500e-02
2.399667538702487946e-02,9.701672010123729706e-03,-9.024620056152343750e-02
2.587798051536083221e-02,1.355307176709175110e-02,-1.004290580749511719e-01
2.645657397806644440e-02,2.262353710830211639e-02,-1.117634773254394531e-01
2.189653739333152771e-02,2.902586385607719421e-02,-1.270670890808105469e-01
1.944087259471416473e-02,2.884214743971824646e-02,-1.424651145935058594e-01
1.992145739495754242e-02,2.234574221074581146e-02,-1.574788093566894531e-01
2.332950010895729065e-02,1.153505314141511917e-02,-1.709346771240234375e-01
2.828376926481723785e-02,-9.865760803222656250e-04,-1.819849014282226562e-01
3.442220389842987061e-02,-1.229238510131835938e-02,-1.900730133056640625e-01
4.220382124185562134e-02,-2.036046981811523438e-02,-1.949830055236816406e-01
5.226995423436164856e-02,-2.441835403442382812e-02,-1.972985267639160156e-01
6.503134965896606445e-02,-2.569675445556640625e-02,-1.980800628662109375e-01
8.188297599554061890e-02,-2.658843994140625000e-02,-1.988739967346191406e-01
1.032292097806930542e-01,-2.925205230712890625e-02,-2.023262977600097656e-01
1.215850487351417542e-01,-3.050708770751953125e-02,-2.119655609130859375e-01
1.259513795375823975e-01,-2.330303192138671875e-02,-2.243776321411132812e-01
1.101844459772109985e-01,-1.419448852539062500e-02,-2.351756095886230469e-01
8.253781497478485107e-02,-8.532524108886718750e-03,-2.428922653198242188e-01
5.124702677130699158e-02,-6.520271301269531250e-03,-2.471575736999511719e-01
2.754103392362594604e-02,-4.308700561523437500e-03,-2.493939399719238281e-01
1.438303757458925247e-02,-1.279830932617187500e-03,-2.510666847229003906e-01
9.356718510389328003e-03,1.051677740179002285e-03,-2.538452148437500000e-01
7.157849147915840149e-03,5.589616484940052032e-04,-2.588200569152832031e-01
4.449540283530950546e-03,-3.149032592773437500e-03,-2.661843299865722656e-01
1.152078970335423946e-03,-7.384777069091796875e-03,-2.747683525085449219e-01
3.596053284127265215e-04,-5.295753479003906250e-03,-2.819781303405761719e-01
2.651443006470799446e-03,6.475216243416070938e-03,-2.863020896911621094e-01
3.023533150553703308e-03,1.967871747910976410e-02,-2.901425361633300781e-01
-4.133701324462890625e-03,2.754359133541584015e-02,-2.969746589660644531e-01
-1.023864746093750000e-02,2.966521680355072021e-02,-3.044490814208984375e-01
-1.358699798583984375e-02,2.698847092688083649e-02,-3.125767707824707031e-01
-1.531076431274414062e-02,2.205575630068778992e-02,-3.200984001159667969e-01
-1.778078079223632812e-02,1.775653101503849030e-02,-3.267874717712402344e-01
-2.117681503295898438e-02,1.633723080158233643e-02,-3.328251838684082031e-01
-2.418947219848632812e-02,1.843895018100738525e-02,-3.384461402893066406e-01
-2.544832229614257812e-02,2.392684854567050934e-02,-3.440093994140625000e-01
-2.294254302978515625e-02,3.195712715387344360e-02,-3.499150276184082031e-01
-1.498317718505859375e-02,4.056666791439056396e-02,-3.561048507690429688e-01
-4.152774810791015625e-03,4.689677432179450989e-02,-3.624830245971679688e-01
3.149297554045915604e-03,4.891731962561607361e-02,-3.691425323486328125e-01
1.361123844981193542e-02,4.233383387327194214e-02,-3.759365081787109375e-01
3.850301355123519897e-02,2.913855575025081635e-02,-3.807697296142578125e-01
6.381621211767196655e-02,2.277229912579059601e-02,-3.824362754821777344e-01
7.646568864583969116e-02,2.555980160832405090e-02,-3.811607360839843750e-01
7.364758104085922241e-02,3.342027217149734497e-02,-3.775477409362792969e-01
6.056385859847068787e-02,3.964839503169059753e-02,-3.727655410766601562e-01
4.478895664215087891e-02,3.996522724628448486e-02,-3.677744865417480469e-01
3.137031570076942444e-02,3.390001505613327026e-02,-3.631167411804199219e-01
2.137139812111854553e-02,2.385602146387100220e-02,-3.588285446166992188e-01
1.458979863673448563e-02,1.340875774621963501e-02,-3.547296524047851562e-01
1.068232674151659012e-02,5.966791417449712753e-03,-3.506612777709960938e-01
9.413509629666805267e-03,4.068979062139987946e-03,-3.463544845581054688e-01
1.198842283338308334e-02,1.112930756062269211e-02,-3.412179946899414062e-01
1.640957593917846680e-02,2.357080392539501190e-02,-3.361420631408691406e-01
1.382914464920759201e-02,3.250547870993614197e-02,-3.330965042114257812e-01
7.894938811659812927e-03,3.729834780097007751e-02,-3.314595222473144531e-01
2.490747021511197090e-03,3.743917122483253479e-02,-3.305320739746093750e-01
-2.293586730957031250e-04,3.445920720696449280e-02,-3.294863700866699219e-01
-2.612590789794921875e-03,3.071057423949241638e-02,-3.280768394470214844e-01
-6.185531616210937500e-03,2.806550636887550354e-02,-3.263196945190429688e-01
-1.006317138671875000e-02,2.790009416639804840e-02,-3.242750167846679688e-01
-1.244354248046875000e-02,3.086300380527973175e-02,-3.219776153564453125e-01
-1.162958145141601562e-02,3.687455505132675171e-02,-3.195700645446777344e-01
-5.955219268798828125e-03,4.487897083163261414e-02,-3.171644210815429688e-01
4.748980514705181122e-03,5.254066362977027893e-02,-3.148074150085449219e-01
1.722697727382183075e-02,5.692301318049430847e-02,-3.130073547363281250e-01
2.573346719145774841e-02,5.674760043621063232e-02,-3.122253417968750000e-01
1.361478865146636963e-02,-4.126071929931640625e-03,-9.840011596679687500e-03
3.743001073598861694e-02,-6.114482879638671875e-03,-2.696037292480468750e-02
4.999967664480209351e-02,-5.183219909667968750e-03,-4.721307754516601562e-02
7.316885143518447876e-02,-3.351211547851562500e-03,-6.930303573608398438e-02
1.082795262336730957e-01,-3.252029418945312500e-03,-9.326839447021484375e-02
1.359642297029495239e-01,1.337287831120193005e-04,-1.150131225585937500e-01
1.421076059341430664e-01,1.028114557266235352e-02,-1.311025619506835938e-01
1.254637837409973145e-01,2.569418773055076599e-02,-1.418476104736328125e-01
9.644535928964614868e-02,4.120266810059547424e-02,-1.493825912475585938e-01
7.067414373159408569e-02,4.975435137748718262e-02,-1.557312011718750000e-01
5.697798728942871094e-02,4.627062380313873291e-02,-1.623263359069824219e-01
5.374910309910774231e-02,3.116429038345813751e-02,-1.691889762878417969e-01
5.245060846209526062e-02,9.932785294950008392e-03,-1.757802963256835938e-01
4.650577157735824585e-02,-9.296894073486328125e-03,-1.821637153625488281e-01
3.697662055492401123e-02,-1.921796798706054688e-02,-1.888904571533203125e-01
3.023700043559074402e-02,-1.608514785766601562e-02,-1.964173316955566406e-01
2.816717885434627533e-02,-2.511024475097656250e-03,-2.045812606811523438e-01
2.320327796041965485e-02,9.467672556638717651e-03,-2.156720161437988281e-01
1.296962797641754150e-02,1.656213961541652679e-02,-2.303366661071777344e-01
2.418553922325372696e-03,1.935882866382598877e-02,-2.456364631652832031e-01
-6.267547607421875000e-03,1.901759207248687744e-02,-2.597160339355468750e-01
-1.372098922729492188e-02,1.720432564616203308e-02,-2.707800865173339844e-01
-1.961803436279296875e-02,1.606282033026218414e-02,-2.783560752868652344e-01
-2.239418029785156250e-02,1.700787991285324097e-02,-2.832059860229492188e-01
-2.136039733886718750e-02,2.074068225920200348e-02,-2.860164642333984375e-01
-1.816368103027343750e-02,2.744597382843494415e-02,-2.871465682983398438e-01
-1.484632492065429688e-02,3.632564097642898560e-02,-2.875514030456542969e-01
-1.204347610473632812e-02,4.569438844919204712e-02,-2.890048027038574219e-01
-1.060819625854492188e-02,5.298693105578422546e-02,-2.938647270202636719e-01
-6.228446960449218750e-03,5.498269945383071899e-02,-3.037781715393066406e-01
1.150093879550695419e-02,4.661750048398971558e-02,-3.153843879699707031e-01
2.778697013854980469e-02,3.117059357464313507e-02,-3.259134292602539062e-01
3.879515826702117920e-02,2.120225131511688232e-02,-3.340983390808105469e-01
4.211940616369247437e-02,2.092385105788707733e-02,-3.394670486450195312e-01
3.881054744124412537e-02,2.757272310554981232e-02,-3.425674438476562500e-01
3.225441277027130127e-02,3.407800197601318359e-02,-3.452401161193847656e-01
2.591355144977569580e-02,3.468773514032363892e-02,-3.490462303161621094e-01
2.120832540094852448e-02,2.781028859317302704e-02,-3.544912338256835938e-01
1.750092953443527222e-02,1.553550362586975098e-02,-3.611655235290527344e-01
1.418393198400735855e-02,2.110317815095186234e-03,-3.682041168212890625e-01
1.176550704985857010e-02,-7.649898529052734375e-03,-3.747153282165527344e-01
1.069424394518136978e-02,-1.062536239624023438e-02,-3.798298835754394531e-01
1.258049160242080688e-02,-4.429817199707031250e-03,-3.825631141662597656e-01
1.655382849276065826e-02,8.170071989297866821e-03,-3.835482597351074219e-01
1.431089360266923904e-02,2.031881362199783325e-02,-3.856811523437500000e-01
7.059326861053705215e-03,2.777276933193206787e-02,-3.897566795349121094e-01
3.032034495845437050e-03,2.898077480494976044e-02,-3.950800895690917969e-01
4.160114564001560211e-03,2.598490752279758453e-02,-4.009313583374023438e-01
5.593702662736177444e-03,2.119998633861541748e-02,-4.063105583190917969e-01
4.235425498336553574e-03,1.730707287788391113e-02,-4.104800224304199219e-01
1.257997471839189529e-03,1.613872312009334564e-02,-4.135913848876953125e-01
-2.341270446777343750e-04,1.799568906426429749e-02,-4.162425994873046875e-01
2.307447372004389763e-03,2.248899452388286591e-02,-4.191389083862304688e-01
1.054880861192941666e-02,2.877069078385829926e-02,-4.226312637329101562e-01
2.417984232306480408e-02,3.522709384560585022e-02,-4.265680313110351562e-01
3.863007947802543640e-02,3.967923671007156372e-02,-4.311623573303222656e-01
4.707387834787368774e-02,4.071216657757759094e-02,-4.365220069885253906e-01
4.916537925601005554e-02,3.404287248849868774e-02,-4.420533180236816406e-01
5.878172442317008972e-02,2.262089401483535767e-02,-4.474930763244628906e-01
7.009839266538619995e-02,1.484447997063398361e-02,-4.523420333862304688e-01
7.437019050121307373e-02,1.531962677836418152e-02,-4.561209678649902344e-01
7.111012190580368042e-02,2.248687110841274261e-02,-4.582924842834472656e-01
6.415035575628280640e-02,3.056274726986885071e-02,-4.591255187988281250e-01
5.758050829172134399e-02,3.435407578945159912e-02,-4.589147567749023438e-01
5.284128710627555847e-02,3.184939548373222351e-02,-4.577574729919433594e-01
4.867199435830116272e-02,2.425872534513473511e-02,-4.555511474609375000e-01
4.289952293038368225e-02,1.406000833958387375e-02,-4.522280693054199219e-01
3.480903804302215576e-02,4.054239019751548767e-03,-4.478635787963867188e-01
2.590397559106349945e-02,-3.605365753173828125e-03,-4.427304267883300781e-01
1.960466243326663971e-02,-6.645202636718750000e-03,-4.369001388549804688e-01
1.565957441926002502e-02,-3.148555755615234375e-03,-4.307951927185058594e-01
1.348766125738620758e-02,4.748230800032615662e-03,-4.269971847534179688e-01
1.265472546219825745e-02,1.066845562309026718e-02,-4.260745048522949219e-01
7.901317439973354340e-03,1.042726356536149979e-02,-4.253602027893066406e-01
1.501278253272175789e-03,7.084595039486885071e-03,-4.236860275268554688e-01
-4.487991333007812500e-03,3.082980168983340263e-03,-4.216370582580566406e-01
-1.085615158081054688e-02,-6.546974182128906250e-04,-4.191184043884277344e-01
-1.853466033935546875e-02,-2.578258514404296875e-03,-4.156856536865234375e-01
-2.633619308471679688e-02,-1.857280731201171875e-03,-4.116735458374023438e-01
1.217772020027041435e-03,6.634492427110671997e-03,4.628113936632871628e-03
1.512881275266408920e-02,2.227345854043960571e-02,8.825077675282955170e-03
2.953949198126792908e-02,3.902139514684677124e-02,1.153268571943044662e-02
4.701792821288108826e-02,5.327628552913665771e-02,1.434798259288072586e-02
7.131846249103546143e-02,6.443033367395401001e-02,1.605901308357715607e-02
9.473083168268203735e-02,7.057385891675949097e-02,1.326049119234085083e-02
1.059031262993812561e-01,7.253319770097732544e-02,6.771891377866268158e-03
9.850486367940902710e-02,7.236851006746292114e-02,-2.161979675292968750e-03
7.396605610847473145e-02,7.233278453350067139e-02,-1.258277893066406250e-02
3.960982337594032288e-02,7.417019456624984741e-02,-2.340745925903320312e-02
6.088715977966785431e-03,7.815371453762054443e-02,-3.426933288574218750e-02
-2.229309082031250000e-02,8.475331962108612061e-02,-4.547595977783203125e-02
-4.482269287109375000e-02,9.441975504159927368e-02,-5.740785598754882812e-02
-6.255626678466796875e-02,1.057847514748573303e-01,-7.105159759521484375e-02
-7.370328903198242188e-02,1.153741702437400818e-01,-8.667421340942382812e-02
-7.698011398315429688e-02,1.210263743996620178e-01,-1.024923324584960938e-01
-7.405471801757812500e-02,1.245298907160758972e-01,-1.163673400878906250e-01
-6.789255142211914062e-02,1.252901405096054077e-01,-1.266508102416992188e-01
-6.603622436523437500e-02,1.213377192616462708e-01,-1.331429481506347656e-01
-7.074975967407226562e-02,1.123681813478469849e-01,-1.354517936706542969e-01
-7.529449462890625000e-02,9.779057651758193970e-02,-1.366634368896484375e-01
-7.099628448486328125e-02,8.093461394309997559e-02,-1.371712684631347656e-01
-5.593395233154296875e-02,6.638749688863754272e-02,-1.369061470031738281e-01
-2.927827835083007812e-02,5.875311791896820068e-02,-1.358790397644042969e-01
5.006183870136737823e-03,5.683252960443496704e-02,-1.349778175354003906e-01
3.380302712321281433e-02,5.523029342293739319e-02,-1.376271247863769531e-01
5.186501145362854004e-02,4.705747589468955994e-02,-1.453723907470703125e-01
5.428774654865264893e-02,3.154626116156578064e-02,-1.577544212341308594e-01
4.504117369651794434e-02,1.202105823904275894e-02,-1.691641807556152344e-01
2.191459946334362030e-02,-9.490489959716796875e-03,-1.782546043395996094e-01
-1.019763946533203125e-02,-2.856063842773437500e-02,-1.857786178588867188e-01
-3.657913208007812500e-02,-3.871393203735351562e-02,-1.917409896850585938e-01
-4.947328567504882812e-02,-3.972482681274414062e-02,-1.961774826049804688e-01
-4.630661010742187500e-02,-3.256750106811523438e-02,-2.001290321350097656e-01
-2.937078475952148438e-02,-2.130413055419921875e-02,-2.044587135314941406e-01
-3.517627716064453125e-03,-1.033735275268554688e-02,-2.097153663635253906e-01
2.479558065533638000e-02,-2.922058105468750000e-03,-2.158780097961425781e-01
4.745993390679359436e-02,-1.521110534667968750e-04,-2.223601341247558594e-01
5.695916339755058289e-02,-4.849433898925781250e-04,-2.280683517456054688e-01
5.254250392317771912e-02,2.597880549728870392e-03,-2.306919097900390625e-01
4.049366340041160583e-02,1.245869696140289307e-02,-2.295880317687988281e-01
2.567770145833492279e-02,2.226408384740352631e-02,-2.280936241149902344e-01
1.195408124476671219e-02,2.482759766280651093e-02,-2.269001007080078125e-01
6.391361821442842484e-03,1.865334063768386841e-02,-2.253518104553222656e-01
8.745744824409484863e-03,7.613243069499731064e-03,-2.245388031005859375e-01
1.326259411871433258e-02,-4.636287689208984375e-03,-2.247543334960937500e-01
1.451871730387210846e-02,-1.402235031127929688e-02,-2.257351875305175781e-01
1.212099846452474594e-02,-1.845550537109375000e-02,-2.274522781372070312e-01
9.535985067486763000e-03,-1.774072647094726562e-02,-2.300553321838378906e-01
9.451922029256820679e-03,-1.253032684326171875e-02,-2.327408790588378906e-01
1.053988561034202576e-02,-5.270957946777343750e-03,-2.345366477966308594e-01
8.200110867619514465e-03,1.929577440023422241e-03,-2.359781265258789062e-01
1.059918291866779327e-02,1.789752207696437836e-02,-2.378149032592773438e-01
2.527360804378986359e-02,3.858038410544395447e-02,-2.395024299621582031e-01
3.947416320443153381e-02,5.803884193301200867e-02,-2.421793937683105469e-01
4.465590417385101318e-02,7.059887796640396118e-02,-2.466902732849121094e-01
4.021685943007469177e-02,7.387209683656692505e-02,-2.524676322937011719e-01
2.961082942783832550e-02,6.865368783473968506e-02,-2.584900856018066406e-01
1.750061847269535065e-02,5.756365507841110229e-02,-2.635493278503417969e-01
6.924245506525039673e-03,4.415480792522430420e-02,-2.664642333984375000e-01
-1.231193542480468750e-03,3.175050392746925354e-02,-2.664289474487304688e-01
-6.625652313232421875e-03,2.297193743288516998e-02,-2.632775306701660156e-01
-8.250236511230468750e-03,1.854724250733852386e-02,-2.573599815368652344e-01
-5.419254302978515625e-03,1.797853969037532806e-02,-2.495560646057128906e-01
2.629262628033757210e-03,2.248675189912319183e-02,-2.407646179199218750e-01
1.198565121740102768e-02,3.212384507060050964e-02,-2.331814765930175781e-01
2.213697321712970734e-02,4.001986235380172729e-02,-2.310943603515625000e-01
2.588844671845436096e-02,4.046630114316940308e-02,-2.325305938720703125e-01
2.188703045248985291e-02,3.800452873110771179e-02,-2.324318885803222656e-01
1.206165272742509842e-02,3.493728116154670715e-02,-2.304043769836425781e-01
6.660749786533415318e-04,3.244367614388465881e-02,-2.271013259887695312e-01
-9.167671203613281250e-03,3.211365640163421631e-02,-2.228851318359375000e-01
-1.666259765625000000e-02,3.474674746394157410e-02,-2.184319496154785156e-01
-1.990747451782226562e-02,3.991030156612396240e-02,-2.143979072570800781e-01
-1.725149154663085938e-02,4.668515548110008240e-02,-2.108058929443359375e-01
-1.005458831787109375e-02,5.387406051158905029e-02,-2.072830200195312500e-01
-2.554893493652343750e-03,5.973673239350318909e-02,-2.040634155273437500e-01
-4.329681396484375000e-04,6.241843104362487793e-02,-2.016391754150390625e-01
4.421368794282898307e-05,5.973666906356811523e-02,-2.002139091491699219e-01
1.166451536118984222e-02,4.882583860307931900e-03,1.018485147505998611e-02
3.094093501567840576e-02,1.441970095038414001e-02,2.104850299656391144e-02
5.091632902622222900e-02,2.290342561900615692e-02,2.785981260240077972e-02
7.276681810617446899e-02,3.183069080114364624e-02,3.055344149470329285e-02
8.229712396860122681e-02,3.689531609416007996e-02,2.952428534626960754e-02
7.884150743484497070e-02,3.840100392699241638e-02,2.545223943889141083e-02
6.456328928470611572e-02,3.520182892680168152e-02,1.813826151192188263e-02
4.473872482776641846e-02,2.815829962491989136e-02,7.254178170114755630e-03
2.552583068609237671e-02,1.946288906037807465e-02,-5.442619323730468750e-03
1.218553632497787476e-02,1.117275282740592957e-02,-1.826190948486328125e-02
7.995408959686756134e-03,4.778691567480564117e-03,-2.984189987182617188e-02
1.255194004625082016e-02,1.485559856519103050e-03,-3.989505767822265625e-02
2.326750196516513824e-02,3.409468103200197220e-03,-4.859924316406250000e-02
3.321642428636550903e-02,1.365504506975412369e-02,-5.619478225708007812e-02
3.569864481687545776e-02,2.778095006942749023e-02,-6.496286392211914062e-02
3.094756230711936951e-02,3.562063351273536682e-02,-7.772684097290039062e-02
2.454812452197074890e-02,3.750637173652648926e-02,-9.155607223510742188e-02
2.008810453116893768e-02,3.510686755180358887e-02,-1.061840057373046875e-01
1.785480044782161713e-02,3.090162761509418488e-02,-1.199278831481933594e-01
1.668604835867881775e-02,2.776043303310871124e-02,-1.306858062744140625e-01
1.620007865130901337e-02,2.754889056086540222e-02,-1.380090713500976562e-01
1.713263243436813354e-02,3.062357753515243530e-02,-1.427025794982910156e-01
2.021811343729496002e-02,3.655802458524703979e-02,-1.457171440124511719e-01
2.424865774810314178e-02,4.476911947131156921e-02,-1.479835510253906250e-01
2.806688658893108368e-02,5.439186841249465942e-02,-1.503877639770507812e-01
3.068355098366737366e-02,6.337907910346984863e-02,-1.544055938720703125e-01
3.330708295106887817e-02,6.883287429809570312e-02,-1.619601249694824219e-01
4.595043510198593140e-02,6.361247599124908447e-02,-1.724138259887695312e-01
5.770121142268180847e-02,5.453555285930633545e-02,-1.835951805114746094e-01
5.849198624491691589e-02,4.680233448743820190e-02,-1.942958831787109375e-01
4.889768734574317932e-02,4.443057626485824585e-02,-2.039408683776855469e-01
3.394193574786186218e-02,4.519237205386161804e-02,-2.115330696105957031e-01
2.001049742102622986e-02,4.494996368885040283e-02,-2.172398567199707031e-01
1.099112536758184433e-02,4.040594771504402161e-02,-2.215857505798339844e-01
7.066722493618726730e-03,3.113977797329425812e-02,-2.250695228576660156e-01
5.888133309781551361e-03,1.940573193132877350e-02,-2.280330657958984375e-01
5.405849777162075043e-03,8.122664876282215118e-03,-2.305960655212402344e-01
4.871176555752754211e-03,-1.387596130371093750e-04,-2.325806617736816406e-01
6.537816952913999557e-03,-1.193046569824218750e-03,-2.331604957580566406e-01
1.049956306815147400e-02,7.370119914412498474e-03,-2.322640419006347656e-01
1.140282955020666122e-02,1.988964900374412537e-02,-2.327027320861816406e-01
8.289763703942298889e-03,2.520422264933586121e-02,-2.367920875549316406e-01
5.125205498188734055e-03,2.347528748214244843e-02,-2.413463592529296875e-01
1.050681690685451031e-03,1.848885230720043182e-02,-2.460136413574218750e-01
-2.967357635498046875e-03,1.311165187507867813e-02,-2.500176429748535156e-01
-7.677555084228515625e-03,1.016107946634292603e-02,-2.530999183654785156e-01
-1.326894760131835938e-02,1.104503124952316284e-02,-2.555480003356933594e-01
-1.832008361816406250e-02,1.566780731081962585e-02,-2.578930854797363281e-01
-2.075576782226562500e-02,2.308729104697704315e-02,-2.606711387634277344e-01
-1.902580261230468750e-02,3.185818716883659363e-02,-2.638478279113769531e-01
-1.399326324462890625e-02,4.023922607302665710e-02,-2.671003341674804688e-01
-9.974956512451171875e-03,4.628720507025718689e-02,-2.705373764038085938e-01
-1.154804229736328125e-02,4.867524653673171997e-02,-2.744240760803222656e-01
-8.735656738281250000e-03,4.336277022957801819e-02,-2.782225608825683594e-01
1.210468355566263199e-02,3.104186058044433594e-02,-2.803306579589843750e-01
3.882871940732002258e-02,2.509175986051559448e-02,-2.812652587890625000e-01
5.662945657968521118e-02,2.772243879735469818e-02,-2.823262214660644531e-01
5.952737852931022644e-02,3.595018014311790466e-02,-2.835140228271484375e-01
5.093986168503761292e-02,4.334053769707679749e-02,-2.846775054931640625e-01
3.831835091114044189e-02,4.477734118700027466e-02,-2.856006622314453125e-01
2.721359208226203918e-02,3.869198635220527649e-02,-2.860388755798339844e-01
1.926123537123203278e-02,2.680561877787113190e-02,-2.856755256652832031e-01
1.320409867912530899e-02,1.290219277143478394e-02,-2.841100692749023438e-01
7.358979433774948120e-03,8.815413457341492176e-04,-2.810320854187011719e-01
1.904840697534382343e-03,-6.974220275878906250e-03,-2.763528823852539062e-01
-1.207828521728515625e-03,-9.793281555175781250e-03,-2.702126502990722656e-01
3.133155114483088255e-04,-4.986286163330078125e-03,-2.627601623535156250e-01
3.631345694884657860e-03,6.782541051506996155e-03,-2.556023597717285156e-01
5.653108004480600357e-03,1.467528194189071655e-02,-2.518029212951660156e-01
3.909480758011341095e-03,1.354712992906570435e-02,-2.497630119323730469e-01
1.616564462892711163e-03,7.768540643155574799e-03,-2.480540275573730469e-01
2.882029511965811253e-04,6.046667695045471191e-04,-2.455959320068359375e-01
-2.462387084960937500e-03,-5.852699279785156250e-03,-2.421598434448242188e-01
-6.956577301025390625e-03,-9.631156921386718750e-03,-2.376399040222167969e-01
-1.165151596069335938e-02,-1.006364822387695312e-02,-2.324466705322265625e-01
-1.396036148071289062e-02,-7.835388183593750000e-03,-2.273874282836914062e-01
-1.147890090942382812e-02,-3.858089447021484375e-03,-2.228374481201171875e-01
-3.997325897216796875e-03,9.148697718046605587e-04,-2.184271812438964844e-01
5.608561448752880096e-03,4.994881805032491684e-03,-2.142915725708007812e-01
-6.796836853027343750e-03,-3.065586090087890625e-03,-3.203392028808593750e-03
1.339995767921209335e-02,5.506805144250392914e-03,-7.833957672119140625e-03
4.974092915654182434e-02,2.528298087418079376e-02,-1.774930953979492188e-02
9.335852414369583130e-02,4.933859780430793762e-02,-3.172063827514648438e-02
1.308164894580841064e-01,6.931715458631515503e-02,-4.754972457885742188e-02
1.555570960044860840e-01,8.397391438484191895e-02,-6.222057342529296875e-02
1.677100509405136108e-01,9.276106953620910645e-02,-7.466506958007812500e-02
1.680807173252105713e-01,9.676449745893478394e-02,-8.834218978881835938e-02
1.531169265508651733e-01,9.831646084785461426e-02,-1.040377616882324219e-01
1.196335703134536743e-01,1.016920581459999084e-01,-1.201815605163574219e-01
8.057181537151336670e-02,1.071605160832405090e-01,-1.363267898559570312e-01
5.047280713915824890e-02,1.113430634140968323e-01,-1.542215347290039062e-01
3.457985818386077881e-02,1.109972372651100159e-01,-1.737103462219238281e-01
3.418447449803352356e-02,1.075489446520805359e-01,-1.930446624755859375e-01
4.251180961728096008e-02,1.012828946113586426e-01,-2.118415832519531250e-01
5.063775554299354553e-02,9.567262977361679077e-02,-2.295451164245605469e-01
5.064669251441955566e-02,9.190046042203903198e-02,-2.461509704589843750e-01
4.577802494168281555e-02,8.846153318881988525e-02,-2.611231803894042969e-01
3.796537965536117554e-02,8.537455648183822632e-02,-2.734079360961914062e-01
3.040207922458648682e-02,8.226139843463897705e-02,-2.823462486267089844e-01
2.857336029410362244e-02,7.933012396097183228e-02,-2.879528999328613281e-01
3.511810302734375000e-02,7.694109529256820679e-02,-2.910332679748535156e-01
4.819202795624732971e-02,7.408802211284637451e-02,-2.946772575378417969e-01
6.454574316740036011e-02,6.833695620298385620e-02,-3.022251129150390625e-01
8.506295830011367798e-02,5.591296032071113586e-02,-3.155422210693359375e-01
1.064620465040206909e-01,3.680999949574470520e-02,-3.340106010437011719e-01
1.119313314557075500e-01,1.252278406172990799e-02,-3.544864654541015625e-01
9.557405114173889160e-02,-1.524591445922851562e-02,-3.721499443054199219e-01
7.184892147779464722e-02,-3.820180892944335938e-02,-3.848872184753417969e-01
4.855845868587493896e-02,-5.380105972290039062e-02,-3.913326263427734375e-01
3.075015544891357422e-02,-6.158256530761718750e-02,-3.918595314025878906e-01
1.932745426893234253e-02,-6.328582763671875000e-02,-3.876481056213378906e-01
1.435262430459260941e-02,-6.053876876831054688e-02,-3.809299468994140625e-01
1.510942820459604263e-02,-5.445384979248046875e-02,-3.743500709533691406e-01
1.928166672587394714e-02,-4.245662689208984375e-02,-3.699479103088378906e-01
2.224028483033180237e-02,-2.491140365600585938e-02,-3.689455986022949219e-01
1.680125668644905090e-02,-1.002883911132812500e-02,-3.718614578247070312e-01
9.920241311192512512e-03,-2.213478088378906250e-03,-3.760838508605957031e-01
5.331149790436029434e-03,-3.576278686523437500e-05,-3.804330825805664062e-01
2.662307582795619965e-03,-6.928443908691406250e-04,-3.845496177673339844e-01
-7.114410400390625000e-04,-1.171588897705078125e-03,-3.878493309020996094e-01
-6.361961364746093750e-03,7.293648086488246918e-04,-3.904409408569335938e-01
-1.304483413696289062e-02,5.725529976189136505e-03,-3.927769660949707031e-01
-1.850461959838867188e-02,1.347430888563394547e-02,-3.953404426574707031e-01
-2.077054977416992188e-02,2.304849959909915924e-02,-3.986582756042480469e-01
-1.867675781250000000e-02,3.360094875097274780e-02,-4.026136398315429688e-01
-1.314449310302734375e-02,4.414464533329010010e-02,-4.067406654357910156e-01
-7.607936859130859375e-03,5.307482928037643433e-02,-4.108366966247558594e-01
-6.081104278564453125e-03,5.875644460320472717e-02,-4.152131080627441406e-01
4.302261804696172476e-04,5.770590156316757202e-02,-4.203577041625976562e-01
2.129317075014114380e-02,4.374605417251586914e-02,-4.242568016052246094e-01
4.934950917959213257e-02,3.222601488232612610e-02,-4.267635345458984375e-01
7.001634687185287476e-02,2.969929203391075134e-02,-4.281826019287109375e-01
7.601501047611236572e-02,3.626302629709243774e-02,-4.285197257995605469e-01
6.880864500999450684e-02,4.538420215249061584e-02,-4.280362129211425781e-01
5.552230775356292725e-02,4.913420230150222778e-02,-4.270081520080566406e-01
4.264818876981735229e-02,4.479935020208358765e-02,-4.255490303039550781e-01
3.229369968175888062e-02,3.499946370720863342e-02,-4.236936569213867188e-01
2.450453490018844604e-02,2.448088862001895905e-02,-4.213900566101074219e-01
1.864673197269439697e-02,1.737884432077407837e-02,-4.186820983886718750e-01
1.414677407592535019e-02,1.553630363196134567e-02,-4.157700538635253906e-01
1.201389264315366745e-02,1.955753192305564880e-02,-4.126791954040527344e-01
1.366647426038980484e-02,2.803792245686054230e-02,-4.096889495849609375e-01
1.408854220062494278e-02,3.496600314974784851e-02,-4.070410728454589844e-01
6.106394343078136444e-03,4.109133034944534302e-02,-4.062600135803222656e-01
1.035110093653202057e-03,4.233630001544952393e-02,-4.055910110473632812e-01
-2.017021179199218750e-03,3.915330767631530762e-02,-4.055671691894531250e-01
-5.077362060546875000e-03,3.314226865768432617e-02,-4.052143096923828125e-01
-8.970260620117187500e-03,2.644477039575576782e-02,-4.043555259704589844e-01
-1.351737976074218750e-02,2.092415280640125275e-02,-4.033102989196777344e-01
-1.730346679687500000e-02,1.753551326692104340e-02,-4.022254943847656250e-01
-1.900863647460937500e-02,1.654567196965217590e-02,-4.014191627502441406e-01
-1.719713211059570312e-02,1.727285236120223999e-02,-4.012074470520019531e-01
-1.093530654907226562e-02,1.819821819663047791e-02,-4.014973640441894531e-01
-2.163887023925781250e-03,1.749030873179435730e-02,-4.023838043212890625e-01
4.780707415193319321e-03,1.376116834580898285e-02,-4.040813446044921875e-01
1.214368827641010284e-02,2.780099166557192802e-03,-4.063577651977539062e-01
3.834449127316474915e-02,-1.306962966918945312e-02,-4.077138900756835938e-01
6.970369070768356323e-02,-2.317953109741210938e-02,-4.083795547485351562e-01
8.301560301333665848e-04,-1.639938354492187500e-02,-9.479522705078125000e-04
6.256048567593097687e-03,-3.194570541381835938e-02,-4.927635192871093750e-03
1.400488335639238358e-02,-3.629636764526367188e-02,-1.081562042236328125e-02
3.171670809388160706e-02,-2.394247055053710938e-02,-1.669073104858398438e-02
5.678209662437438965e-02,-9.517669677734375000e-04,-2.388620376586914062e-02
7.649078220129013062e-02,1.834578625857830048e-02,-3.421545028686523438e-02
8.956942707300186157e-02,2.767451666295528412e-02,-4.503250122070312500e-02
9.215696156024932861e-02,2.692462690174579620e-02,-5.649805068969726562e-02
8.455429971218109131e-02,1.935519464313983917e-02,-7.040739059448242188e-02
6.917788088321685791e-02,1.258451584726572037e-02,-8.676862716674804688e-02
5.415596440434455872e-02,1.067021768540143967e-02,-1.053986549377441406e-01
4.656710103154182434e-02,1.532422564923763275e-02,-1.236777305603027344e-01
4.309855774044990540e-02,2.801432460546493530e-02,-1.363315582275390625e-01
4.148646816611289978e-02,3.966633602976799011e-02,-1.480154991149902344e-01
3.208531066775321960e-02,4.338745400309562683e-02,-1.634078025817871094e-01
1.997128874063491821e-02,3.901691362261772156e-02,-1.800131797790527344e-01
9.954004548490047455e-03,2.769110351800918579e-02,-1.966204643249511719e-01
4.194617271423339844e-03,1.370609924197196960e-02,-2.110657691955566406e-01
1.457922393456101418e-03,7.580569363199174404e-04,-2.222418785095214844e-01
1.536095747724175453e-03,-8.903503417968750000e-03,-2.308778762817382812e-01
4.725870210677385330e-03,-1.445436477661132812e-02,-2.379188537597656250e-01
9.625280275940895081e-03,-1.641654968261718750e-02,-2.438707351684570312e-01
1.440708711743354797e-02,-1.652765274047851562e-02,-2.490963935852050781e-01
1.849273964762687683e-02,-1.741361618041992188e-02,-2.544541358947753906e-01
2.156607620418071747e-02,-2.169656753540039062e-02,-2.621378898620605469e-01
2.137669548392295837e-02,-2.691268920898437500e-02,-2.755479812622070312e-01
2.735194005072116852e-02,-2.997684478759765625e-02,-2.910342216491699219e-01
4.431236162781715393e-02,-2.682876586914062500e-02,-3.036451339721679688e-01
5.871410295367240906e-02,-1.834106445312500000e-02,-3.128271102905273438e-01
5.977260321378707886e-02,-8.553981781005859375e-03,-3.197102546691894531e-01
4.725435003638267517e-02,-2.914428710937500000e-03,-3.255252838134765625e-01
2.794933132827281952e-02,-4.232406616210937500e-03,-3.307070732116699219e-01
9.773725643754005432e-03,-1.192951202392578125e-02,-3.352785110473632812e-01
-2.185344696044921875e-03,-2.206277847290039062e-02,-3.390750885009765625e-01
-6.887435913085937500e-03,-3.015279769897460938e-02,-3.419332504272460938e-01
-5.506992340087890625e-03,-3.262853622436523438e-02,-3.439989089965820312e-01
2.314733719686046243e-04,-2.894353866577148438e-02,-3.456659317016601562e-01
8.244302123785018921e-03,-1.830434799194335938e-02,-3.470702171325683594e-01
1.559408847242593765e-02,-1.783847808837890625e-03,-3.483052253723144531e-01
1.635129377245903015e-02,1.283888518810272217e-02,-3.506917953491210938e-01
7.635452784597873688e-03,2.201978862285614014e-02,-3.557100296020507812e-01
2.447261707857251167e-03,2.306280098855495453e-02,-3.610806465148925781e-01
1.849239226430654526e-03,1.879454217851161957e-02,-3.671994209289550781e-01
2.006750088185071945e-03,1.320410147309303284e-02,-3.729691505432128906e-01
3.221930528525263071e-04,9.953430853784084320e-03,-3.778638839721679688e-01
-2.911090850830078125e-03,1.101716980338096619e-02,-3.821682929992675781e-01
-5.658626556396484375e-03,1.610487326979637146e-02,-3.863677978515625000e-01
-5.988597869873046875e-03,2.394231967628002167e-02,-3.910131454467773438e-01
-2.552509307861328125e-03,3.301053866744041443e-02,-3.961515426635742188e-01
4.164468497037887573e-03,4.155769199132919312e-02,-4.015107154846191406e-01
1.066008023917675018e-02,4.735384136438369751e-02,-4.072875976562500000e-01
1.285144407302141190e-02,4.889663308858871460e-02,-4.136681556701660156e-01
1.610867120325565338e-02,4.150207340717315674e-02,-4.195585250854492188e-01
3.466828912496566772e-02,2.770284749567508698e-02,-4.245839118957519531e-01
5.928522720932960510e-02,2.225657179951667786e-02,-4.278244972229003906e-01
7.577430456876754761e-02,2.783965691924095154e-02,-4.295930862426757812e-01
7.732900977134704590e-02,3.827017918229103088e-02,-4.302740097045898438e-01
6.713194400072097778e-02,4.492595046758651733e-02,-4.302802085876464844e-01
5.290916934609413147e-02,4.283771291375160217e-02,-4.294552803039550781e-01
4.035332053899765015e-02,3.283708542585372925e-02,-4.276399612426757812e-01
3.136230632662773132e-02,1.932172849774360657e-02,-4.245438575744628906e-01
2.505674771964550018e-02,6.942814681679010391e-03,-4.200015068054199219e-01
2.000774815678596497e-02,-1.132011413574218750e-03,-4.141988754272460938e-01
1.582394540309906006e-02,-4.260540008544921875e-03,-4.077239036560058594e-01
1.360809989273548126e-02,-2.936840057373046875e-03,-4.011597633361816406e-01
1.394994743168354034e-02,3.833107184618711472e-03,-3.949832916259765625e-01
1.270975358784198761e-02,1.456465013325214386e-02,-3.910422325134277344e-01
8.108101785182952881e-03,2.097737602889537811e-02,-3.905677795410156250e-01
3.806096734479069710e-03,2.242055162787437439e-02,-3.899173736572265625e-01
-1.056194305419921875e-03,2.026262879371643066e-02,-3.893942832946777344e-01
-5.434989929199218750e-03,1.723313145339488983e-02,-3.885631561279296875e-01
-1.026439666748046875e-02,1.548311207443475723e-02,-3.867416381835937500e-01
-1.646280288696289062e-02,1.655909977853298187e-02,-3.839187622070312500e-01
-2.304887771606445312e-02,2.088676765561103821e-02,-3.807048797607421875e-01
-2.757787704467773438e-02,2.770990505814552307e-02,-3.779110908508300781e-01
-2.801179885864257812e-02,3.575462475419044495e-02,-3.757576942443847656e-01
-2.513456344604492188e-02,4.336156323552131653e-02,-3.739552497863769531e-01
-2.320146560668945312e-02,4.817242547869682312e-02,-3.727064132690429688e-01
-2.721738815307617188e-02,4.859451204538345337e-02,-3.723902702331542969e-01
-1.080751419067382812e-02,5.171610508114099503e-03,1.984681439353153110e-04
-1.879787445068359375e-02,1.688261143863201141e-02,-2.066135406494140625e-03
-1.203441619873046875e-02,2.688460797071456909e-02,-5.200862884521484375e-03
1.065780688077211380e-02,3.090107813477516174e-02,-1.025962829589843750e-02
4.859871044754981995e-02,2.880473807454109192e-02,-1.897239685058593750e-02
8.565051108598709106e-02,2.469363808631896973e-02,-3.119373321533203125e-02
1.111607998609542847e-01,2.159356325864791870e-02,-4.516458511352539062e-02
1.147744134068489075e-01,2.190721035003662109e-02,-5.850172042846679688e-02
9.600633382797241211e-02,2.512528561055660248e-02,-7.031726837158203125e-02
6.263714283704757690e-02,2.862376905977725983e-02,-8.065509796142578125e-02
2.762115187942981720e-02,2.859409525990486145e-02,-9.006643295288085938e-02
1.190044102258980274e-03,2.271016128361225128e-02,-9.900474548339843750e-02
-1.233673095703125000e-02,1.133084110915660858e-02,-1.079134941101074219e-01
-1.309156417846679688e-02,-1.974105834960937500e-04,-1.172213554382324219e-01
-1.824855804443359375e-03,-1.870155334472656250e-03,-1.262745857238769531e-01
1.141704060137271881e-02,5.817859433591365814e-03,-1.331624984741210938e-01
1.350324507802724838e-02,1.161843631416559219e-02,-1.425290107727050781e-01
8.771837688982486725e-03,1.244098320603370667e-02,-1.553711891174316406e-01
5.664992611855268478e-03,7.338301278650760651e-03,-1.688861846923828125e-01
4.551332909613847733e-03,-1.078128814697265625e-03,-1.811790466308593750e-01
3.832870395854115486e-03,-1.012802124023437500e-02,-1.906795501708984375e-01
4.038495942950248718e-03,-1.765394210815429688e-02,-1.969966888427734375e-01
6.615625228732824326e-03,-2.283954620361328125e-02,-2.006778717041015625e-01
1.205744128674268723e-02,-2.543640136718750000e-02,-2.022624015808105469e-01
1.891290210187435150e-02,-2.579879760742187500e-02,-2.023725509643554688e-01
2.584091946482658386e-02,-2.485322952270507812e-02,-2.020287513732910156e-01
3.278042003512382507e-02,-2.421092987060546875e-02,-2.028770446777343750e-01
3.908264636993408203e-02,-2.550411224365234375e-02,-2.072348594665527344e-01
4.264353960752487183e-02,-2.798318862915039062e-02,-2.163071632385253906e-01
4.015750437974929810e-02,-2.128267288208007812e-02,-2.287826538085937500e-01
4.011898115277290344e-02,-1.242685317993164062e-02,-2.406263351440429688e-01
4.379157349467277527e-02,-9.689331054687500000e-04,-2.510104179382324219e-01
4.649532586336135864e-02,1.185762137174606323e-02,-2.607254981994628906e-01
4.423855990171432495e-02,2.201543189585208893e-02,-2.703471183776855469e-01
3.691095113754272461e-02,2.649141661822795868e-02,-2.803754806518554688e-01
2.651184052228927612e-02,2.378141507506370544e-02,-2.908711433410644531e-01
1.521811913698911667e-02,1.455642748624086380e-02,-3.014979362487792969e-01
5.169983953237533569e-03,1.685077440924942493e-03,-3.116750717163085938e-01
-1.700401306152343750e-03,-1.106214523315429688e-02,-3.207755088806152344e-01
-3.202915191650390625e-03,-2.004098892211914062e-02,-3.280906677246093750e-01
2.233678707852959633e-03,-1.992511749267578125e-02,-3.327350616455078125e-01
1.168311014771461487e-02,-8.212089538574218750e-03,-3.345432281494140625e-01
1.696410588920116425e-02,6.671136710792779922e-03,-3.352570533752441406e-01
9.254239499568939209e-03,1.408493611961603165e-02,-3.386445045471191406e-01
-1.969337463378906250e-04,1.376959588378667831e-02,-3.435654640197753906e-01
-7.198333740234375000e-03,7.525015156716108322e-03,-3.490767478942871094e-01
-1.224517822265625000e-02,-8.125305175781250000e-04,-3.539152145385742188e-01
-1.663160324096679688e-02,-7.309436798095703125e-03,-3.578248023986816406e-01
-2.049446105957031250e-02,-1.010799407958984375e-02,-3.611593246459960938e-01
-2.270126342773437500e-02,-8.961677551269531250e-03,-3.643040657043457031e-01
-2.192926406860351562e-02,-4.565715789794921875e-03,-3.677906990051269531e-01
-1.680469512939453125e-02,1.879320712760090828e-03,-3.717041015625000000e-01
-6.517410278320312500e-03,8.943800814449787140e-03,-3.756799697875976562e-01
6.650056224316358566e-03,1.420452259480953217e-02,-3.798003196716308594e-01
1.718498207628726959e-02,1.566259190440177917e-02,-3.843159675598144531e-01
2.333910390734672546e-02,1.335756853222846985e-02,-3.894052505493164062e-01
4.361872747540473938e-02,1.286055147647857666e-02,-3.940873146057128906e-01
7.026523351669311523e-02,1.916153728961944580e-02,-3.981990814208984375e-01
8.818609267473220825e-02,3.020055033266544342e-02,-4.023690223693847656e-01
9.123539179563522339e-02,4.138771072030067444e-02,-4.064941406250000000e-01
8.142979443073272705e-02,4.836686700582504272e-02,-4.102702140808105469e-01
6.429468840360641479e-02,4.867710918188095093e-02,-4.131736755371093750e-01
4.564118757843971252e-02,4.207110404968261719e-02,-4.147229194641113281e-01
2.928490564227104187e-02,3.024092875421047211e-02,-4.147253036499023438e-01
1.740980334579944611e-02,1.541927643120288849e-02,-4.130930900573730469e-01
1.170733664184808731e-02,4.219530383124947548e-04,-4.099054336547851562e-01
1.200340781360864639e-02,-1.112031936645507812e-02,-4.051384925842285156e-01
1.771641522645950317e-02,-1.392459869384765625e-02,-3.984150886535644531e-01
2.549764141440391541e-02,-5.132198333740234375e-03,-3.899912834167480469e-01
2.498292364180088043e-02,7.824864238500595093e-03,-3.821592330932617188e-01
1.446893066167831421e-02,1.354110706597566605e-02,-3.778643608093261719e-01
4.892940632998943329e-03,1.147288363426923752e-02,-3.750319480895996094e-01
-1.691818237304687500e-03,4.846524447202682495e-03,-3.719863891601562500e-01
-8.340835571289062500e-03,-2.571105957031250000e-03,-3.680868148803710938e-01
-1.581144332885742188e-02,-7.684707641601562500e-03,-3.635649681091308594e-01
-2.337503433227539062e-02,-9.386062622070312500e-03,-3.588285446166992188e-01
-2.958106994628906250e-02,-7.777214050292968750e-03,-3.543725013732910156e-01
-3.243398666381835938e-02,-3.631591796875000000e-03,-3.505158424377441406e-01
-3.045797348022460938e-02,2.108338987454771996e-03,-3.469262123107910156e-01
5.851397290825843811e-04,4.227576777338981628e-03,-2.546787261962890625e-03
1.212520711123943329e-02,6.292084697633981705e-03,-1.047182083129882812e-02
2.461371757090091705e-02,9.990281425416469574e-03,-1.911401748657226562e-02
5.176222324371337891e-02,1.804311200976371765e-02,-2.700614929199218750e-02
8.078217506408691406e-02,2.494291961193084717e-02,-3.417825698852539062e-02
1.068022400140762329e-01,2.376965247094631195e-02,-4.299640655517578125e-02
1.166145801544189453e-01,1.563483104109764099e-02,-5.215835571289062500e-02
1.090066060423851013e-01,8.849240839481353760e-03,-5.918788909912109375e-02
7.909704744815826416e-02,5.061481148004531860e-03,-6.436395645141601562e-02
5.321747809648513794e-02,8.509384468197822571e-03,-7.033157348632812500e-02
4.115188121795654297e-02,1.529311574995517731e-02,-7.756233215332031250e-02
3.277293965220451355e-02,1.831138320267200470e-02,-8.869075775146484375e-02
2.710152789950370789e-02,1.756015419960021973e-02,-1.018238067626953125e-01
2.309465594589710236e-02,1.100545376539230347e-02,-1.155595779418945312e-01
1.792664267122745514e-02,1.562865567393600941e-03,-1.280779838562011719e-01
1.096750982105731964e-02,-8.844375610351562500e-03,-1.381254196166992188e-01
3.029037732630968094e-03,-1.827383041381835938e-02,-1.456408500671386719e-01
-4.612922668457031250e-03,-2.569818496704101562e-02,-1.509327888488769531e-01
-1.177310943603515625e-02,-3.050613403320312500e-02,-1.542429924011230469e-01
-1.885843276977539062e-02,-3.299713134765625000e-02,-1.563768386840820312e-01
-2.591180801391601562e-02,-3.451013565063476562e-02,-1.583867073059082031e-01
-3.262233734130859375e-02,-3.679180145263671875e-02,-1.616082191467285156e-01
-3.073501586914062500e-02,-4.251003265380859375e-02,-1.679153442382812500e-01
-7.057189941406250000e-04,-4.664230346679687500e-02,-1.757283210754394531e-01
3.932239860296249390e-02,-4.229593276977539062e-02,-1.826252937316894531e-01
6.646166741847991943e-02,-2.955722808837890625e-02,-1.893754005432128906e-01
6.964583694934844971e-02,-1.391410827636718750e-02,-1.968011856079101562e-01
5.230113118886947632e-02,-2.937793731689453125e-03,-2.048525810241699219e-01
2.676420845091342926e-02,-1.880645751953125000e-03,-2.126846313476562500e-01
4.149561747908592224e-03,-1.021146774291992188e-02,-2.193760871887207031e-01
-1.020765304565429688e-02,-2.321004867553710938e-02,-2.243728637695312500e-01
-1.659011840820312500e-02,-3.464174270629882812e-02,-2.273545265197753906e-01
-1.768684387207031250e-02,-4.017305374145507812e-02,-2.283577919006347656e-01
-1.523447036743164062e-02,-3.795909881591796875e-02,-2.277097702026367188e-01
-9.304523468017578125e-03,-2.636051177978515625e-02,-2.259387969970703125e-01
-3.458023071289062500e-03,-8.369445800781250000e-03,-2.246994972229003906e-01
-3.623008728027343750e-03,7.057457230985164642e-03,-2.275195121765136719e-01
-4.126071929931640625e-03,1.408950611948966980e-02,-2.325649261474609375e-01
-2.408981323242187500e-03,1.423239056020975113e-02,-2.379145622253417969e-01
2.125710016116499901e-04,1.202722918242216110e-02,-2.424688339233398438e-01
4.791722749359905720e-04,9.882352314889431000e-03,-2.458100318908691406e-01
-2.149105072021484375e-03,1.052519865334033966e-02,-2.482252120971679688e-01
-6.301403045654296875e-03,1.504940353333950043e-02,-2.501916885375976562e-01
-1.018905639648437500e-02,2.282860130071640015e-02,-2.521686553955078125e-01
-1.213598251342773438e-02,3.292545676231384277e-02,-2.544293403625488281e-01
-1.094245910644531250e-02,4.421859979629516602e-02,-2.569146156311035156e-01
-7.385253906250000000e-03,5.478050559759140015e-02,-2.597761154174804688e-01
-4.451751708984375000e-03,6.258802860975265503e-02,-2.633070945739746094e-01
-1.908779144287109375e-03,6.541696190834045410e-02,-2.675662040710449219e-01
1.699684001505374908e-02,5.257695168256759644e-02,-2.712521553039550781e-01
4.877358675003051758e-02,3.619473427534103394e-02,-2.745294570922851562e-01
7.173483073711395264e-02,2.763642370700836182e-02,-2.768621444702148438e-01
7.435436546802520752e-02,3.086177259683609009e-02,-2.778048515319824219e-01
5.942532420158386230e-02,3.975410386919975281e-02,-2.774229049682617188e-01
3.830174356698989868e-02,4.334737733006477356e-02,-2.762761116027832031e-01
2.154903672635555267e-02,3.634410724043846130e-02,-2.749590873718261719e-01
1.182097103446722031e-02,2.203347161412239075e-02,-2.736778259277343750e-01
7.035494316369295120e-03,7.555902004241943359e-03,-2.720050811767578125e-01
4.521123599261045456e-03,-1.061916351318359375e-03,-2.694430351257324219e-01
3.189873183146119118e-03,-2.068042755126953125e-03,-2.656693458557128906e-01
4.981338046491146088e-03,5.797292105853557587e-03,-2.603011131286621094e-01
8.504307828843593597e-03,1.929266937077045441e-02,-2.543129920959472656e-01
6.816834211349487305e-03,2.881629765033721924e-02,-2.507910728454589844e-01
2.972316462546586990e-03,3.108925186097621918e-02,-2.498722076416015625e-01
1.027583377435803413e-03,2.718382328748703003e-02,-2.501177787780761719e-01
8.149046916514635086e-04,2.085453085601329803e-02,-2.498569488525390625e-01
-1.196861267089843750e-03,1.457510050386190414e-02,-2.484126091003417969e-01
-5.360126495361328125e-03,1.055085938423871994e-02,-2.458944320678710938e-01
-1.050043106079101562e-02,9.675146080553531647e-03,-2.427620887756347656e-01
-1.508998870849609375e-02,1.167165301740169525e-02,-2.395086288452148438e-01
-1.758480072021484375e-02,1.598405465483665466e-02,-2.364807128906250000e-01
-1.669263839721679688e-02,2.132245525717735291e-02,-2.337741851806640625e-01
-1.282644271850585938e-02,2.560637146234512329e-02,-2.315621376037597656e-01
-8.785247802734375000e-03,2.660659328103065491e-02,-2.303981781005859375e-01
-8.199691772460937500e-03,2.360282652080059052e-02,-2.306342124938964844e-01
-9.288787841796875000e-04,1.207791548222303391e-02,-2.314286231994628906e-01
2.623037062585353851e-02,-3.182411193847656250e-03,-2.307853698730468750e-01
5.911044403910636902e-02,-1.101732254028320312e-02,-2.291331291198730469e-01
7.719770073890686035e-02,-6.201267242431640625e-03,-2.275242805480957031e-01
2.757838927209377289e-03,-5.925178527832031250e-03,-1.516819000244140625e-03
7.977269589900970459e-03,-6.446361541748046875e-03,-2.971172332763671875e-03
7.063979282975196838e-03,3.919639624655246735e-03,-2.941608428955078125e-03
2.556554041802883148e-02,1.865430921316146851e-02,-3.304004669189453125e-03
5.464548990130424500e-02,3.013128042221069336e-02,-4.182338714599609375e-03
8.294508606195449829e-02,3.692967817187309265e-02,-5.555629730224609375e-03
9.552566707134246826e-02,3.588954731822013855e-02,-8.998394012451171875e-03
9.316844493150711060e-02,3.011457808315753937e-02,-1.429557800292968750e-02
7.409129291772842407e-02,2.064512297511100769e-02,-2.291584014892578125e-02
5.098745971918106079e-02,1.280819065868854523e-02,-3.333950042724609375e-02
3.151819109916687012e-02,9.812812320888042450e-03,-4.519367218017578125e-02
2.496403641998767853e-02,1.481087878346443176e-02,-5.681848526000976562e-02
2.582283876836299896e-02,2.195742540061473846e-02,-6.700563430786132812e-02
1.792832277715206146e-02,2.725431509315967560e-02,-8.023405075073242188e-02
7.818049751222133636e-03,2.764663472771644592e-02,-9.313440322875976562e-02
1.833763817558065057e-04,2.107975818216800690e-02,-1.065726280212402344e-01
-2.018928527832031250e-03,1.023427117615938187e-02,-1.188507080078125000e-01
-9.326934814453125000e-04,-2.274036407470703125e-03,-1.297922134399414062e-01
1.389997894875705242e-03,-1.376152038574218750e-02,-1.394600868225097656e-01
3.982053138315677643e-03,-2.254915237426757812e-02,-1.473517417907714844e-01
6.742869038134813309e-03,-2.839708328247070312e-02,-1.536793708801269531e-01
1.078532543033361435e-02,-3.238725662231445312e-02,-1.591858863830566406e-01
1.781495101749897003e-02,-3.642177581787109375e-02,-1.646938323974609375e-01
2.781061455607414246e-02,-4.244327545166015625e-02,-1.714577674865722656e-01
3.811771422624588013e-02,-5.089807510375976562e-02,-1.807851791381835938e-01
4.284865036606788635e-02,-5.650424957275390625e-02,-1.936459541320800781e-01
4.420804232358932495e-02,-5.528211593627929688e-02,-2.069034576416015625e-01
6.219046935439109802e-02,-4.858160018920898438e-02,-2.175941467285156250e-01
8.392047137022018433e-02,-3.606653213500976562e-02,-2.254486083984375000e-01
9.547355026006698608e-02,-2.041006088256835938e-02,-2.314743995666503906e-01
9.325481951236724854e-02,-6.291866302490234375e-03,-2.367038726806640625e-01
8.080250769853591919e-02,1.991340657696127892e-03,-2.418842315673828125e-01
6.449075043201446533e-02,2.668669912964105606e-03,-2.469644546508789062e-01
4.974779859185218811e-02,-3.245353698730468750e-03,-2.515954971313476562e-01
3.936203569173812866e-02,-1.271390914916992188e-02,-2.552428245544433594e-01
3.248545154929161072e-02,-2.189302444458007812e-02,-2.575101852416992188e-01
2.756981179118156433e-02,-2.806425094604492188e-02,-2.583942413330078125e-01
2.385961450636386871e-02,-2.996397018432617188e-02,-2.581725120544433594e-01
2.337666042149066925e-02,-2.521371841430664062e-02,-2.566847801208496094e-01
2.511271275579929352e-02,-1.354503631591796875e-02,-2.548704147338867188e-01
2.188645303249359131e-02,1.379087683744728565e-03,-2.546420097351074219e-01
1.310354657471179962e-02,1.029347907751798630e-02,-2.566432952880859375e-01
6.089701782912015915e-03,1.274715270847082138e-02,-2.592091560363769531e-01
1.214073854498565197e-03,1.143134105950593948e-02,-2.620778083801269531e-01
-2.542972564697265625e-03,8.935100398957729340e-03,-2.643928527832031250e-01
-7.181644439697265625e-03,8.282228372991085052e-03,-2.657451629638671875e-01
-1.341629028320312500e-02,1.079542003571987152e-02,-2.664380073547363281e-01
-2.038764953613281250e-02,1.623164303600788116e-02,-2.670669555664062500e-01
-2.649641036987304688e-02,2.389502897858619690e-02,-2.682604789733886719e-01
-2.996492385864257812e-02,3.284737467765808105e-02,-2.700233459472656250e-01
-3.068017959594726562e-02,4.175551980733871460e-02,-2.720146179199218750e-01
-3.105974197387695312e-02,4.857808351516723633e-02,-2.742295265197753906e-01
-3.393411636352539062e-02,5.159744247794151306e-02,-2.768011093139648438e-01
-2.370262145996093750e-02,4.602997377514839172e-02,-2.798023223876953125e-01
1.012791786342859268e-02,3.432553261518478394e-02,-2.812004089355468750e-01
5.058810859918594360e-02,2.862909808754920959e-02,-2.813529968261718750e-01
7.926237583160400391e-02,3.102426044642925262e-02,-2.811818122863769531e-01
8.884922415018081665e-02,3.924875706434249878e-02,-2.806973457336425781e-01
8.267916738986968994e-02,4.733052104711532593e-02,-2.800650596618652344e-01
6.856963038444519043e-02,5.003580823540687561e-02,-2.794842720031738281e-01
5.395924299955368042e-02,4.525199159979820251e-02,-2.789154052734375000e-01
4.283710569143295288e-02,3.457100689411163330e-02,-2.780618667602539062e-01
3.579542040824890137e-02,2.174465917050838470e-02,-2.764792442321777344e-01
3.118778020143508911e-02,1.046030689030885696e-02,-2.739086151123046875e-01
2.757618948817253113e-02,3.019328229129314423e-03,-2.704324722290039062e-01
2.460244111716747284e-02,1.869682164397090673e-04,-2.662277221679687500e-01
2.347606606781482697e-02,3.664773423224687576e-03,-2.611832618713378906e-01
2.242717146873474121e-02,1.290493551641702652e-02,-2.564597129821777344e-01
1.772236637771129608e-02,2.211568877100944519e-02,-2.547392845153808594e-01
1.141732372343540192e-02,2.349131926894187927e-02,-2.556242942810058594e-01
6.582181900739669800e-03,1.935186050832271576e-02,-2.573761940002441406e-01
3.420655382797122002e-03,1.295872032642364502e-02,-2.585110664367675781e-01
-3.561973571777343750e-04,6.556570064276456833e-03,-2.583274841308593750e-01
-5.650997161865234375e-03,2.310008509084582329e-03,-2.566823959350585938e-01
-1.213216781616210938e-02,1.074557658284902573e-03,-2.541508674621582031e-01
-1.841926574707031250e-02,2.463483484461903572e-03,-2.514986991882324219e-01
-2.256202697753906250e-02,5.937002133578062057e-03,-2.493700981140136719e-01
-2.279710769653320312e-02,1.052893791347742081e-02,-2.478094100952148438e-01
-1.984119415283203125e-02,1.461310964077711105e-02,-2.467317581176757812e-01
7.167879492044448853e-03,-3.500461578369140625e-03,-3.914833068847656250e-04
2.461064420640468597e-02,-5.916595458984375000e-03,-6.677150726318359375e-03
2.726672217249870300e-02,-7.295608520507812500e-03,-1.704978942871093750e-02
4.108582064509391785e-02,-7.198810577392578125e-03,-2.889347076416015625e-02
8.048857003450393677e-02,-5.688190460205078125e-03,-4.132795333862304688e-02
1.248861104249954224e-01,-5.097389221191406250e-04,-5.352020263671875000e-02
1.481911391019821167e-01,1.070315856486558914e-02,-6.359100341796875000e-02
1.391964256763458252e-01,2.471408061683177948e-02,-7.031250000000000000e-02
1.057583093643188477e-01,3.541145846247673035e-02,-7.481431961059570312e-02
7.000767439603805542e-02,3.719742223620414734e-02,-7.961893081665039062e-02
4.541784897446632385e-02,2.933920919895172119e-02,-8.626031875610351562e-02
3.048378415405750275e-02,1.681908965110778809e-02,-9.432935714721679688e-02
2.117052674293518066e-02,6.897167302668094635e-03,-1.038155555725097656e-01
1.841227896511554718e-02,4.843160510063171387e-03,-1.153101921081542969e-01
2.323203347623348236e-02,1.138364989310503006e-02,-1.276469230651855469e-01
2.657744288444519043e-02,2.211645245552062988e-02,-1.378293037414550781e-01
1.679884456098079681e-02,3.198979049921035767e-02,-1.490936279296875000e-01
2.840748522430658340e-03,3.893388807773590088e-02,-1.632409095764160156e-01
-5.520343780517578125e-03,4.149065539240837097e-02,-1.779651641845703125e-01
-7.951259613037109375e-03,4.017098993062973022e-02,-1.913080215454101562e-01
-6.809234619140625000e-03,3.685042634606361389e-02,-2.020063400268554688e-01
-3.654956817626953125e-03,3.353840857744216919e-02,-2.101979255676269531e-01
1.016800757497549057e-03,3.190100193023681641e-02,-2.164006233215332031e-01
6.751873530447483063e-03,3.265168145298957825e-02,-2.212328910827636719e-01
1.258949004113674164e-02,3.518019989132881165e-02,-2.253885269165039062e-01
1.823393628001213074e-02,3.805244341492652893e-02,-2.296705245971679688e-01
2.316274680197238922e-02,3.933253884315490723e-02,-2.354993820190429688e-01
2.542659081518650055e-02,3.801626712083816528e-02,-2.448067665100097656e-01
3.384024277329444885e-02,3.001892194151878357e-02,-2.573289871215820312e-01
4.843000695109367371e-02,1.624684408307075500e-02,-2.703599929809570312e-01
5.583316087722778320e-02,3.718494437634944916e-03,-2.827553749084472656e-01
5.089303106069564819e-02,-6.484985351562500000e-04,-2.935376167297363281e-01
3.899101167917251587e-02,3.551086876541376114e-03,-3.026080131530761719e-01
2.708152495324611664e-02,1.147260051220655441e-02,-3.101453781127929688e-01
1.986198127269744873e-02,1.664150133728981018e-02,-3.172311782836914062e-01
1.771381311118602753e-02,1.551635749638080597e-02,-3.244571685791015625e-01
1.790622994303703308e-02,8.522309362888336182e-03,-3.319687843322753906e-01
1.709297858178615570e-02,-7.853507995605468750e-04,-3.395223617553710938e-01
1.404178235679864883e-02,-7.620334625244140625e-03,-3.465476036071777344e-01
1.059119869023561478e-02,-7.861614227294921875e-03,-3.521757125854492188e-01
9.682240895926952362e-03,5.780818173661828041e-04,-3.560080528259277344e-01
1.251041982322931290e-02,1.319915894418954849e-02,-3.589539527893066406e-01
8.640354499220848083e-03,2.301741763949394226e-02,-3.621525764465332031e-01
4.307048395276069641e-03,2.990589104592800140e-02,-3.657870292663574219e-01
5.125390598550438881e-04,3.259165585041046143e-02,-3.706126213073730469e-01
-8.416175842285156250e-04,3.202745690941810608e-02,-3.757410049438476562e-01
-2.088546752929687500e-03,3.050106577575206757e-02,-3.805999755859375000e-01
-5.111694335937500000e-03,2.976483106613159180e-02,-3.850398063659667969e-01
-9.112358093261718750e-03,3.094150684773921967e-02,-3.892779350280761719e-01
-1.231908798217773438e-02,3.433978930115699768e-02,-3.936619758605957031e-01
-1.328420639038085938e-02,3.952232375741004944e-02,-3.985314369201660156e-01
-1.079750061035156250e-02,4.544810578227043152e-02,-4.038991928100585938e-01
-5.782604217529296875e-03,5.037899315357208252e-02,-4.097447395324707031e-01
-1.594543457031250000e-03,5.257991328835487366e-02,-4.160180091857910156e-01
3.810106543824076653e-03,4.897381365299224854e-02,-4.227061271667480469e-01
2.917614206671714783e-02,3.288628533482551575e-02,-4.286394119262695312e-01
6.407029926776885986e-02,2.008352242410182953e-02,-4.340581893920898438e-01
8.744919300079345703e-02,1.800155267119407654e-02,-4.388437271118164062e-01
9.180484712123870850e-02,2.648510970175266266e-02,-4.425644874572753906e-01
8.205108344554901123e-02,3.797683119773864746e-02,-4.453258514404296875e-01
6.775100529193878174e-02,4.409465193748474121e-02,-4.471549987792968750e-01
5.619166791439056396e-02,4.127256944775581360e-02,-4.478831291198730469e-01
4.878476262092590332e-02,3.158927708864212036e-02,-4.472718238830566406e-01
4.309466108679771423e-02,1.961392909288406372e-02,-4.451327323913574219e-01
3.638769313693046570e-02,9.765177033841609955e-03,-4.414596557617187500e-01
2.889219485223293304e-02,4.068368580192327499e-03,-4.365859031677246094e-01
2.317441441118717194e-02,3.231107024475932121e-03,-4.308915138244628906e-01
2.114002779126167297e-02,8.310988545417785645e-03,-4.248261451721191406e-01
1.925965026021003723e-02,1.898216456174850464e-02,-4.194922447204589844e-01
1.550431363284587860e-02,2.595092356204986572e-02,-4.161853790283203125e-01
1.070704776793718338e-02,2.712906152009963989e-02,-4.137659072875976562e-01
6.981760729104280472e-03,2.440240047872066498e-02,-4.119405746459960938e-01
4.242216236889362335e-03,1.986750029027462006e-02,-4.099650382995605469e-01
-6.127357482910156250e-04,1.512090582400560379e-02,-4.072222709655761719e-01
-8.069992065429687500e-03,1.200969703495502472e-02,-4.035196304321289062e-01
-1.641511917114257812e-02,1.131187938153743744e-02,-3.992905616760253906e-01
-2.323246002197265625e-02,1.273614447563886642e-02,-3.951563835144042969e-01
-2.633571624755859375e-02,1.578367315232753754e-02,-3.915596008300781250e-01
-2.475452423095703125e-02,1.930277608335018158e-02,-3.883891105651855469e-01
-1.464366912841796875e-03,2.989939181134104729e-03,-9.317398071289062500e-04
8.720421232283115387e-03,6.163067184388637543e-03,-2.758502960205078125e-03
3.481526300311088562e-02,9.926892817020416260e-03,-5.620479583740234375e-03
7.178084552288055420e-02,1.550313457846641541e-02,-9.379863739013671875e-03
1.079748123884201050e-01,2.235395833849906921e-02,-1.455783843994140625e-02
1.254113614559173584e-01,3.203581273555755615e-02,-1.913642883300781250e-02
1.213197633624076843e-01,4.551606997847557068e-02,-2.262830734252929688e-02
1.009607017040252686e-01,6.011653319001197815e-02,-2.568626403808593750e-02
7.874862849712371826e-02,7.137925922870635986e-02,-3.034782409667968750e-02
6.246094405651092529e-02,7.610554993152618408e-02,-3.757715225219726562e-02
5.220383405685424805e-02,7.372898608446121216e-02,-4.713296890258789062e-02
4.581969231367111206e-02,6.623228639364242554e-02,-5.770540237426757812e-02
4.374423250555992126e-02,5.807377770543098450e-02,-6.876087188720703125e-02
4.731842130422592163e-02,5.539893358945846558e-02,-8.074045181274414062e-02
5.081270262598991394e-02,6.185840815305709839e-02,-9.110116958618164062e-02
4.505303874611854553e-02,7.233857363462448120e-02,-1.006031036376953125e-01
2.840785309672355652e-02,8.169239014387130737e-02,-1.129913330078125000e-01
7.001070771366357803e-03,8.784267306327819824e-02,-1.258845329284667969e-01
-1.084852218627929688e-02,8.951654285192489624e-02,-1.375718116760253906e-01
-2.112627029418945312e-02,8.950006961822509766e-02,-1.465272903442382812e-01
-2.728748321533203125e-02,8.989164233207702637e-02,-1.520771980285644531e-01
-3.221702575683593750e-02,9.216193109750747681e-02,-1.547951698303222656e-01
-3.677654266357421875e-02,9.618229418992996216e-02,-1.559176445007324219e-01
-3.978013992309570312e-02,9.966565668582916260e-02,-1.574907302856445312e-01
-3.953599929809570312e-02,1.005317717790603638e-01,-1.614966392517089844e-01
-3.174352645874023438e-02,9.630718827247619629e-02,-1.685972213745117188e-01
-5.764484405517578125e-03,8.174531161785125732e-02,-1.783843040466308594e-01
2.609786577522754669e-02,5.432133749127388000e-02,-1.878228187561035156e-01
4.494165629148483276e-02,1.797719486057758331e-02,-1.975803375244140625e-01
4.029414430260658264e-02,-1.139163970947265625e-02,-2.071495056152343750e-01
2.240912988781929016e-02,-2.340745925903320312e-02,-2.154130935668945312e-01
2.926770597696304321e-03,-1.970434188842773438e-02,-2.199702262878417969e-01
-6.700515747070312500e-03,-8.259296417236328125e-03,-2.214837074279785156e-01
-4.152774810791015625e-03,1.911589177325367928e-03,-2.218308448791503906e-01
6.143796257674694061e-03,4.856627900153398514e-03,-2.234001159667968750e-01
1.712019182741641998e-02,-4.291534423828125000e-05,-2.276687622070312500e-01
2.282890677452087402e-02,-9.357452392578125000e-03,-2.345747947692871094e-01
2.176037989556789398e-02,-1.706218719482421875e-02,-2.426004409790039062e-01
1.951282285153865814e-02,-1.498889923095703125e-02,-2.492856979370117188e-01
2.089802548289299011e-02,-7.801055908203125000e-04,-2.533564567565917969e-01
2.205016091465950012e-02,1.438381522893905640e-02,-2.561607360839843750e-01
1.383196935057640076e-02,2.328055910766124725e-02,-2.615056037902832031e-01
4.528438672423362732e-03,2.538919448852539062e-02,-2.671322822570800781e-01
-2.729415893554687500e-03,2.180173806846141815e-02,-2.734651565551757812e-01
-8.218765258789062500e-03,1.646203175187110901e-02,-2.792086601257324219e-01
-1.356792449951171875e-02,1.321831159293651581e-02,-2.844300270080566406e-01
-1.830005645751953125e-02,1.405285764485597610e-02,-2.896289825439453125e-01
-2.057933807373046875e-02,1.890440098941326141e-02,-2.950329780578613281e-01
-1.877737045288085938e-02,2.672876417636871338e-02,-3.007659912109375000e-01
-1.169633865356445312e-02,3.615584224462509155e-02,-3.066902160644531250e-01
6.808622274547815323e-04,4.529507830739021301e-02,-3.126740455627441406e-01
1.477554161101579666e-02,5.160373076796531677e-02,-3.188929557800292969e-01
2.490975335240364075e-02,5.335690453648567200e-02,-3.253531455993652344e-01
3.273981064558029175e-02,4.916034638881683350e-02,-3.313369750976562500e-01
5.200307816267013550e-02,3.266394138336181641e-02,-3.370227813720703125e-01
7.461465895175933838e-02,2.199802361428737640e-02,-3.418726921081542969e-01
8.695888519287109375e-02,2.379595488309860229e-02,-3.450026512145996094e-01
8.579523116350173950e-02,3.614028543233871460e-02,-3.462052345275878906e-01
7.593310624361038208e-02,4.897284507751464844e-02,-3.461346626281738281e-01
6.486888974905014038e-02,5.346588417887687683e-02,-3.452820777893066406e-01
5.693339183926582336e-02,4.787813872098922729e-02,-3.437991142272949219e-01
5.157202482223510742e-02,3.607567399740219116e-02,-3.416709899902343750e-01
4.643245041370391846e-02,2.324023470282554626e-02,-3.388395309448242188e-01
4.006817191839218140e-02,1.352385990321636200e-02,-3.354048728942871094e-01
3.286942467093467712e-02,8.564531803131103516e-03,-3.316454887390136719e-01
2.733257040381431580e-02,9.377883747220039368e-03,-3.274998664855957031e-01
2.472241036593914032e-02,1.694300025701522827e-02,-3.231425285339355469e-01
2.199885621666908264e-02,2.807709015905857086e-02,-3.190679550170898438e-01
1.208200957626104355e-02,3.486591577529907227e-02,-3.165669441223144531e-01
3.978278022259473801e-03,3.716360032558441162e-02,-3.151655197143554688e-01
-1.230239868164062500e-03,3.497996926307678223e-02,-3.150038719177246094e-01
-4.297733306884765625e-03,3.053884394466876984e-02,-3.147583007812500000e-01
-8.677482604980468750e-03,2.645081095397472382e-02,-3.138442039489746094e-01
-1.587724685668945312e-02,2.450687624514102936e-02,-3.123106956481933594e-01
-2.407026290893554688e-02,2.533790469169616699e-02,-3.104791641235351562e-01
-3.032493591308593750e-02,2.875723131000995636e-02,-3.087835311889648438e-01
-3.178310394287109375e-02,3.377859294414520264e-02,-3.075222969055175781e-01
-2.730703353881835938e-02,3.854876384139060974e-02,-3.065805435180664062e-01
-1.997232437133789062e-02,4.067251458764076233e-02,-3.060474395751953125e-01
-6.445407867431640625e-03,6.853722035884857178e-03,-2.248287200927734375e-03
-1.825189590454101562e-02,2.138295583426952362e-02,-1.032924652099609375e-02
-3.255128860473632812e-02,4.371080920100212097e-02,-2.053546905517578125e-02
-1.317262649536132812e-02,5.981270596385002136e-02,-3.062105178833007812e-02
4.336552694439888000e-02,6.570584326982498169e-02,-3.984546661376953125e-02
1.122508123517036438e-01,6.079192087054252625e-02,-4.970550537109375000e-02
1.683940142393112183e-01,4.853246361017227173e-02,-5.959796905517578125e-02
1.943438947200775146e-01,3.450131043791770935e-02,-6.789588928222656250e-02
1.837487816810607910e-01,2.407799474895000458e-02,-7.428741455078125000e-02
1.396282017230987549e-01,1.835609786212444305e-02,-8.081436157226562500e-02
8.156183362007141113e-02,1.425922103226184845e-02,-8.972978591918945312e-02
2.979963831603527069e-02,8.131174370646476746e-03,-1.016077995300292969e-01
-8.730888366699218750e-04,-2.455234527587890625e-03,-1.159300804138183594e-01
-5.518436431884765625e-03,-1.176834106445312500e-02,-1.309247016906738281e-01
7.874156348407268524e-03,-9.432315826416015625e-03,-1.443424224853515625e-01
2.502173744142055511e-02,3.780518425628542900e-03,-1.559233665466308594e-01
3.491488471627235413e-02,1.314208377152681351e-02,-1.703639030456542969e-01
3.679905086755752563e-02,1.827991567552089691e-02,-1.883730888366699219e-01
3.548041731119155884e-02,1.845821365714073181e-02,-2.076568603515625000e-01
3.369896486401557922e-02,1.566574908792972565e-02,-2.261147499084472656e-01
3.164817020297050476e-02,1.211475860327482224e-02,-2.419371604919433594e-01
3.057863190770149231e-02,9.741153568029403687e-03,-2.548327445983886719e-01
3.174151480197906494e-02,9.408195503056049347e-03,-2.654395103454589844e-01
3.545478731393814087e-02,1.122654695063829422e-02,-2.743520736694335938e-01
4.081552848219871521e-02,1.527254004031419754e-02,-2.820725440979003906e-01
4.647019505500793457e-02,2.133161760866641998e-02,-2.889642715454101562e-01
5.149862170219421387e-02,2.847978286445140839e-02,-2.953929901123046875e-01
5.518803745508193970e-02,3.493710979819297791e-02,-3.023743629455566406e-01
5.676116049289703369e-02,3.908465430140495300e-02,-3.116312026977539062e-01
5.590943992137908936e-02,4.027925059199333191e-02,-3.239293098449707031e-01
6.412532925605773926e-02,3.794753551483154297e-02,-3.376331329345703125e-01
7.154559344053268433e-02,3.428169339895248413e-02,-3.508133888244628906e-01
7.046063989400863647e-02,3.208171203732490540e-02,-3.624539375305175781e-01
6.134476512670516968e-02,3.233077004551887512e-02,-3.718824386596679688e-01
4.782694578170776367e-02,3.300843387842178345e-02,-3.787779808044433594e-01
3.369189426302909851e-02,3.138034045696258545e-02,-3.840165138244628906e-01
2.113784477114677429e-02,2.592999674379825592e-02,-3.885431289672851562e-01
1.141235884279012680e-02,1.672820933163166046e-02,-3.929724693298339844e-01
5.227000452578067780e-03,5.853259470313787460e-03,-3.974432945251464844e-01
3.512798808515071869e-03,-1.888275146484375000e-03,-4.012265205383300781e-01
8.946427144110202789e-03,4.560072266031056643e-04,-4.028005599975585938e-01
1.771449670195579529e-02,1.204723957926034927e-02,-4.025816917419433594e-01
1.743675023317337036e-02,2.270837873220443726e-02,-4.040961265563964844e-01
1.180993113666772842e-02,2.691667154431343079e-02,-4.077067375183105469e-01
7.111022714525461197e-03,2.473593689501285553e-02,-4.126930236816406250e-01
6.260695401579141617e-03,1.887813210487365723e-02,-4.175658226013183594e-01
6.880370900034904480e-03,1.246311608701944351e-02,-4.214463233947753906e-01
7.375890854746103287e-03,8.029478602111339569e-03,-4.242110252380371094e-01
7.605697028338909149e-03,6.671578157693147659e-03,-4.262757301330566406e-01
7.870367728173732758e-03,8.250761777162551880e-03,-4.282021522521972656e-01
8.810156024992465973e-03,1.220906525850296021e-02,-4.305872917175292969e-01
1.154796686023473740e-02,1.776743307709693909e-02,-4.335174560546875000e-01
1.636743731796741486e-02,2.334870025515556335e-02,-4.369688034057617188e-01
