5.129197239875793457e-02,8.289765566587448120e-02,3.277419134974479675e-03
1.611846238374710083e-01,9.277083724737167358e-02,-1.860427856445312500e-02
2.531906664371490479e-01,1.155185699462890625e-01,-3.586769104003906250e-02
3.591750860214233398e-01,1.488379836082458496e-01,-4.247713088989257812e-02
4.502878189086914062e-01,1.830430328845977783e-01,-4.524326324462890625e-02
4.988919794559478760e-01,2.099361419677734375e-01,-4.698991775512695312e-02
5.011205673217773438e-01,2.317976504564285278e-01,-5.077075958251953125e-02
4.710333943367004395e-01,2.541404366493225098e-01,-5.538511276245117188e-02
4.398032128810882568e-01,2.772128283977508545e-01,-5.663204193115234375e-02
3.996876180171966553e-01,3.045102059841156006e-01,-5.729722976684570312e-02
3.401926457881927490e-01,3.351837992668151855e-01,-6.028223037719726562e-02
2.951651811599731445e-01,3.719123899936676025e-01,-5.810499191284179688e-02
2.713611721992492676e-01,4.144649207592010498e-01,-4.989433288574218750e-02
2.626619935035705566e-01,4.458692371845245361e-01,-4.948568344116210938e-02
2.520965039730072021e-01,4.617516994476318359e-01,-5.175924301147460938e-02
2.372988611459732056e-01,4.569472968578338623e-01,-5.987644195556640625e-02
2.185681164264678955e-01,4.363367855548858643e-01,-6.719779968261718750e-02
1.933973580598831177e-01,4.036483168601989746e-01,-6.944322586059570312e-02
1.659699231386184692e-01,3.549525439739227295e-01,-6.720733642578125000e-02
1.415325701236724854e-01,2.923438549041748047e-01,-6.346559524536132812e-02
1.177488639950752258e-01,2.232161313295364380e-01,-5.897140502929687500e-02
8.883497118949890137e-02,1.552211940288543701e-01,-5.352306365966796875e-02
5.649635568261146545e-02,9.594705700874328613e-02,-4.563570022583007812e-02
3.833107650279998779e-02,5.420238897204399109e-02,-3.660345077514648438e-02
3.369827568531036377e-02,3.064278699457645416e-02,-2.787876129150390625e-02
3.222588077187538147e-02,2.421747148036956787e-02,-2.040910720825195312e-02
3.062655404210090637e-02,2.909742854535579681e-02,-1.389265060424804688e-02
3.507950156927108765e-02,3.668289631605148315e-02,-8.644580841064453125e-03
4.450202733278274536e-02,4.042132198810577393e-02,-5.271911621093750000e-03
5.613128840923309326e-02,4.049769788980484009e-02,-4.257202148437500000e-03
6.425244361162185669e-02,4.074231907725334167e-02,-5.279064178466796875e-03
6.626874208450317383e-02,4.238491505384445190e-02,-7.302761077880859375e-03
6.194292008876800537e-02,4.429274797439575195e-02,-9.003639221191406250e-03
5.366984754800796509e-02,4.505853354930877686e-02,-9.449958801269531250e-03
4.548541456460952759e-02,4.361104220151901245e-02,-8.265972137451171875e-03
3.987732902169227600e-02,4.005243256688117981e-02,-5.409240722656250000e-03
3.687370568513870239e-02,3.583896905183792114e-02,-1.387596130371093750e-03
3.591496124863624573e-02,3.244481235742568970e-02,3.127930685877799988e-03
3.640589490532875061e-02,3.013175539672374725e-02,7.580473553389310837e-03
3.718201443552970886e-02,2.822553925216197968e-02,1.145565416663885117e-02
3.856584057211875916e-02,2.630534395575523376e-02,1.405625324696302414e-02
4.137488082051277161e-02,2.494327910244464874e-02,1.492405869066715240e-02
4.436324164271354675e-02,2.513072080910205841e-02,1.468209642916917801e-02
4.632384702563285828e-02,2.739936299622058868e-02,1.395523641258478165e-02
4.680478945374488831e-02,3.115733899176120758e-02,1.308039855211973190e-02
4.598061367869377136e-02,3.525699302554130554e-02,1.219042111188173294e-02
4.464628547430038452e-02,3.845830634236335754e-02,1.133849937468767166e-02
4.357556998729705811e-02,3.991335257887840271e-02,1.056186482310295105e-02
4.296716302633285522e-02,3.954073786735534668e-02,9.925773367285728455e-03
4.251040890812873840e-02,3.788439929485321045e-02,9.485267102718353271e-03
4.180881008505821228e-02,3.576565533876419067e-02,9.219517000019550323e-03
4.039673134684562683e-02,3.390031680464744568e-02,8.996714837849140167e-03
3.811669722199440002e-02,3.253991156816482544e-02,8.625322952866554260e-03
3.534719720482826233e-02,3.150176629424095154e-02,7.957473397254943848e-03
3.254100680351257324e-02,3.046501986682415009e-02,6.964141502976417542e-03
3.011277318000793457e-02,2.917592786252498627e-02,5.742068402469158173e-03
2.830936200916767120e-02,2.758391201496124268e-02,4.472629167139530182e-03
2.718763425946235657e-02,2.588712424039840698e-02,3.358153160661458969e-03
2.675377205014228821e-02,2.430925518274307251e-02,2.598047954961657524e-03
2.647252939641475677e-02,2.282318845391273499e-02,2.168047241866588593e-03
2.619343996047973633e-02,2.161082811653614044e-02,1.987477531656622887e-03
2.611779794096946716e-02,2.085585892200469971e-02,2.038214821368455887e-03
2.610860578715801239e-02,2.044803649187088013e-02,2.263301284983754158e-03
2.607783116400241852e-02,2.026301063597202301e-02,2.626496599987149239e-03
2.612477913498878479e-02,2.022301405668258667e-02,3.141508670523762703e-03
2.665191143751144409e-02,2.029783278703689575e-02,3.882388351485133171e-03
2.772958390414714813e-02,2.047300152480602264e-02,4.857363179326057434e-03
2.882991544902324677e-02,2.071064338088035583e-02,5.958756897598505020e-03
2.947792969644069672e-02,2.093116752803325653e-02,7.032681256532669067e-03
2.947334386408329010e-02,2.113463729619979858e-02,7.944560609757900238e-03
2.902752906084060669e-02,2.136592753231525421e-02,8.650849573314189911e-03
2.843945473432540894e-02,2.165076322853565216e-02,9.162694215774536133e-03
2.789255417883396149e-02,2.202213928103446960e-02,9.499815292656421661e-03
2.751974202692508698e-02,2.245509810745716095e-02,9.705474600195884705e-03
2.730039693415164948e-02,2.286397106945514679e-02,9.821692481637001038e-03
2.715814113616943359e-02,2.321477234363555908e-02,9.885028004646301270e-03
2.710335515439510345e-02,2.348407916724681854e-02,9.932498447597026825e-03
2.719886973500251770e-02,2.369560673832893372e-02,9.997230023145675659e-03
2.763745561242103577e-02,2.399681508541107178e-02,1.011286396533250809e-02
3.735290840268135071e-02,2.848672121763229370e-02,-2.837181091308593750e-02
5.157076194882392883e-02,3.393897414207458496e-02,-2.946853637695312500e-02
7.622325420379638672e-02,5.466292798519134521e-02,-2.308893203735351562e-02
1.043339222669601440e-01,6.697885692119598389e-02,-1.551914215087890625e-02
1.433040201663970947e-01,7.891728729009628296e-02,-1.215505599975585938e-02
1.587690860033035278e-01,7.843308150768280029e-02,-1.198720932006835938e-02
1.665308624505996704e-01,6.973461806774139404e-02,-1.334428787231445312e-02
1.600927412509918213e-01,5.774493888020515442e-02,-1.925420761108398438e-02
1.411749869585037231e-01,4.619952663779258728e-02,-2.518844604492187500e-02
1.157605871558189392e-01,3.807828575372695923e-02,-2.865552902221679688e-02
9.201476722955703735e-02,3.121467493474483490e-02,-3.070688247680664062e-02
7.468444108963012695e-02,2.187081053853034973e-02,-3.305387496948242188e-02
6.167991831898689270e-02,8.423306979238986969e-03,-3.509330749511718750e-02
4.942763224244117737e-02,-4.321575164794921875e-03,-3.499794006347656250e-02
3.710012137889862061e-02,-9.788036346435546875e-03,-3.180360794067382812e-02
2.494242787361145020e-02,-6.927490234375000000e-03,-2.804374694824218750e-02
1.682301424443721771e-02,-1.233100891113281250e-03,-2.586793899536132812e-02
1.161786448210477829e-02,3.764239139854907990e-03,-2.540111541748046875e-02
9.404351003468036652e-03,4.763768985867500305e-03,-2.532672882080078125e-02
1.024543866515159607e-02,3.825637046247720718e-03,-2.504587173461914062e-02
1.300983969122171402e-02,1.700138789601624012e-03,-2.506208419799804688e-02
1.622918248176574707e-02,-1.209259033203125000e-03,-2.523851394653320312e-02
1.962899602949619293e-02,-3.715038299560546875e-03,-2.519416809082031250e-02
2.330525219440460205e-02,-5.091667175292968750e-03,-2.475261688232421875e-02
2.746019326150417328e-02,-4.746437072753906250e-03,-2.380180358886718750e-02
3.269298747181892395e-02,-2.595901489257812500e-03,-2.234935760498046875e-02
3.909517452120780945e-02,4.917161422781646252e-04,-2.063465118408203125e-02
4.495261237025260925e-02,3.031228436157107353e-03,-1.898717880249023438e-02
4.829933494329452515e-02,3.951806575059890747e-03,-1.762104034423828125e-02
4.835944622755050659e-02,3.288051346316933632e-03,-1.663398742675781250e-02
4.575372487306594849e-02,1.949580968357622623e-03,-1.600217819213867188e-02
4.171894863247871399e-02,8.822244708426296711e-04,-1.560974121093750000e-02
3.754594922065734863e-02,6.451517692767083645e-04,-1.531648635864257812e-02
3.411414846777915955e-02,1.150110503658652306e-03,-1.504945755004882812e-02
3.159666061401367188e-02,1.754665048792958260e-03,-1.483678817749023438e-02
2.993060275912284851e-02,2.069675363600254059e-03,-1.466798782348632812e-02
2.888255007565021515e-02,2.031937940046191216e-03,-1.449155807495117188e-02
2.824861556291580200e-02,1.783247105777263641e-03,-1.425075531005859375e-02
2.804804034531116486e-02,1.585994730703532696e-03,-1.389265060424804688e-02
2.832692116498947144e-02,1.618003821931779385e-03,-1.338291168212890625e-02
2.911678515374660492e-02,1.903299358673393726e-03,-1.273536682128906250e-02
3.039476275444030762e-02,2.382269361987709999e-03,-1.199197769165039062e-02
3.203006088733673096e-02,2.995681716129183769e-03,-1.119375228881835938e-02
3.379167243838310242e-02,3.679352812469005585e-03,-1.037836074829101562e-02
3.542818129062652588e-02,4.372075200080871582e-03,-9.584426879882812500e-03
3.678848966956138611e-02,5.054904147982597351e-03,-8.834838867187500000e-03
3.775658458471298218e-02,5.700740497559309006e-03,-8.136749267578125000e-03
3.832341730594635010e-02,6.251791957765817642e-03,-7.497310638427734375e-03
3.852419182658195496e-02,6.665726657956838608e-03,-6.919860839843750000e-03
3.843425586819648743e-02,6.909884978085756302e-03,-6.401062011718750000e-03
3.810798376798629761e-02,6.980976089835166931e-03,-5.928039550781250000e-03
3.761900588870048523e-02,6.900802254676818848e-03,-5.492687225341796875e-03
3.704192861914634705e-02,6.687749642878770828e-03,-5.077362060546875000e-03
3.645906224846839905e-02,6.390165537595748901e-03,-4.667758941650390625e-03
3.594229370355606079e-02,6.064881104975938797e-03,-4.254817962646484375e-03
3.553255647420883179e-02,5.741715896874666214e-03,-3.836154937744140625e-03
3.526572138071060181e-02,5.425339564681053162e-03,-3.414154052734375000e-03
3.509892150759696960e-02,5.133288446813821793e-03,-2.994060516357421875e-03
3.498395159840583801e-02,4.884469788521528244e-03,-2.579212188720703125e-03
3.493908420205116272e-02,4.667168017476797104e-03,-2.173900604248046875e-03
3.495744988322257996e-02,4.458661656826734543e-03,-1.789569854736328125e-03
3.496432304382324219e-02,4.215164575725793839e-03,-1.443862915039062500e-03
3.490174189209938049e-02,3.977805841714143753e-03,-1.137733459472656250e-03
3.475631773471832275e-02,3.761881729587912560e-03,-8.711814880371093750e-04
3.454531729221343994e-02,3.530388465151190758e-03,-6.470680236816406250e-04
3.429348021745681763e-02,3.272924805060029030e-03,-4.692077636718750000e-04
3.396506607532501221e-02,2.973703201860189438e-03,-3.457069396972656250e-04
3.359585255384445190e-02,2.652774797752499580e-03,-2.722740173339843750e-04
3.316698595881462097e-02,2.379390876740217209e-03,-2.365112304687500000e-04
3.275071084499359131e-02,2.137409988790750504e-03,-2.346038818359375000e-04
3.235270082950592041e-02,1.879651215858757496e-03,-2.646446228027343750e-04
3.196482360363006592e-02,1.590194995515048504e-03,-3.218650817871093750e-04
3.161875903606414795e-02,1.307112397626042366e-03,-3.933906555175781250e-04
3.134860470890998840e-02,1.080969232134521008e-03,-4.663467407226562500e-04
3.115850873291492462e-02,9.197395993396639824e-04,-5.369186401367187500e-04
3.106218948960304260e-02,7.920856587588787079e-04,-5.989074707031250000e-04
3.105004131793975830e-02,7.046006503514945507e-04,-6.494522094726562500e-04
3.110508807003498077e-02,6.662238156422972679e-04,-6.866455078125000000e-04
3.120755590498447418e-02,6.747634033672511578e-04,-7.090568542480468750e-04
7.434713095426559448e-02,3.675056621432304382e-02,-1.194000244140625000e-03
1.404327005147933960e-01,6.931664049625396729e-02,6.551933009177446365e-03
2.221063077449798584e-01,8.530417084693908691e-02,-2.375602722167968750e-03
2.896764874458312988e-01,1.091006472706794739e-01,-7.090568542480468750e-03
3.302364349365234375e-01,1.347713768482208252e-01,-8.390903472900390625e-03
3.407082259654998779e-01,1.566037684679031372e-01,-1.566505432128906250e-02
3.075616657733917236e-01,1.763964742422103882e-01,-2.890872955322265625e-02
2.467891722917556763e-01,1.956646889448165894e-01,-4.090213775634765625e-02
1.914335936307907104e-01,2.125176191329956055e-01,-4.753065109252929688e-02
1.448449939489364624e-01,2.245508134365081787e-01,-4.759263992309570312e-02
1.164933666586875916e-01,2.253188937902450562e-01,-4.705905914306640625e-02
1.018697097897529602e-01,2.117363661527633667e-01,-4.719352722167968750e-02
9.546149522066116333e-02,1.888783276081085205e-01,-4.589557647705078125e-02
9.349098056554794312e-02,1.658852547407150269e-01,-4.250240325927734375e-02
9.026726335287094116e-02,1.491869240999221802e-01,-3.819894790649414062e-02
8.809361606836318970e-02,1.365790516138076782e-01,-3.483629226684570312e-02
8.640149235725402832e-02,1.210187673568725586e-01,-3.305959701538085938e-02
8.104404807090759277e-02,9.938024729490280151e-02,-3.268575668334960938e-02
7.169268280267715454e-02,7.419473677873611450e-02,-3.286027908325195312e-02
6.372512876987457275e-02,5.229163542389869690e-02,-3.256845474243164062e-02
5.836594849824905396e-02,3.812256082892417908e-02,-3.082036972045898438e-02
5.432650074362754822e-02,3.194759041070938110e-02,-2.803802490234375000e-02
5.022934824228286743e-02,3.100834600627422333e-02,-2.515363693237304688e-02
4.528120905160903931e-02,3.197494149208068848e-02,-2.284812927246093750e-02
3.939003497362136841e-02,3.254494816064834595e-02,-2.135658264160156250e-02
3.417931869626045227e-02,3.218534216284751892e-02,-2.074527740478515625e-02
3.100507147610187531e-02,3.129616379737854004e-02,-2.081203460693359375e-02
2.983138151466846466e-02,3.034139424562454224e-02,-2.124023437500000000e-02
3.005633503198623657e-02,2.961567975580692291e-02,-2.180194854736328125e-02
3.083722852170467377e-02,2.911474183201789856e-02,-2.233362197875976562e-02
3.155183792114257812e-02,2.871015667915344238e-02,-2.270126342773437500e-02
3.192159160971641541e-02,2.824618667364120483e-02,-2.283573150634765625e-02
3.230705857276916504e-02,2.751428261399269104e-02,-2.272033691406250000e-02
3.298567607998847961e-02,2.646244689822196960e-02,-2.239704132080078125e-02
3.377350792288780212e-02,2.531970106065273285e-02,-2.193641662597656250e-02
3.433122113347053528e-02,2.430239878594875336e-02,-2.144908905029296875e-02
3.438668698072433472e-02,2.343626320362091064e-02,-2.104330062866210938e-02
3.369021415710449219e-02,2.272449061274528503e-02,-2.078199386596679688e-02
3.222246468067169189e-02,2.200474962592124939e-02,-2.069664001464843750e-02
3.030016832053661346e-02,2.111704275012016296e-02,-2.077627182006835938e-02
2.814358286559581757e-02,2.004166319966316223e-02,-2.099561691284179688e-02
2.593814954161643982e-02,1.884230785071849823e-02,-2.132081985473632812e-02
2.396862953901290894e-02,1.763249933719635010e-02,-2.169513702392578125e-02
2.229649387300014496e-02,1.652031391859054565e-02,-2.207565307617187500e-02
2.096101827919483185e-02,1.553447078913450241e-02,-2.244424819946289062e-02
2.013336680829524994e-02,1.465380564332008362e-02,-2.277374267578125000e-02
1.983452588319778442e-02,1.385260466486215591e-02,-2.305650711059570312e-02
2.007458172738552094e-02,1.311269402503967285e-02,-2.329206466674804688e-02
2.067964151501655579e-02,1.240162458270788193e-02,-2.349805831909179688e-02
2.156519517302513123e-02,1.174318138509988785e-02,-2.367591857910156250e-02
2.276957966387271881e-02,1.120232976973056793e-02,-2.380275726318359375e-02
2.428903803229331970e-02,1.083624735474586487e-02,-2.382659912109375000e-02
2.591508068144321442e-02,1.064903382211923599e-02,-2.372169494628906250e-02
2.739867195487022400e-02,1.059233024716377258e-02,-2.348852157592773438e-02
2.860107086598873138e-02,1.062156818807125092e-02,-2.312755584716796875e-02
2.943298034369945526e-02,1.070747803896665573e-02,-2.264261245727539062e-02
2.983533591032028198e-02,1.082655880600214005e-02,-2.205038070678710938e-02
2.986803278326988220e-02,1.099915057420730591e-02,-2.135372161865234375e-02
2.963800542056560516e-02,1.126353163272142410e-02,-2.055549621582031250e-02
2.921284548938274384e-02,1.164606120437383652e-02,-1.968383789062500000e-02
2.870421484112739563e-02,1.215888746082782745e-02,-1.875591278076171875e-02
2.815251797437667847e-02,1.277600880712270737e-02,-1.780271530151367188e-02
2.754952013492584229e-02,1.344472635537385941e-02,-1.687765121459960938e-02
2.695143222808837891e-02,1.418405305594205856e-02,-1.600503921508789062e-02
2.638016641139984131e-02,1.503355428576469421e-02,-1.520061492919921875e-02
2.594865113496780396e-02,1.595915295183658600e-02,-1.449489593505859375e-02
2.606145478785037994e-02,1.690411567687988281e-02,-1.387453079223632812e-02
2.667341940104961395e-02,1.781090348958969116e-02,-1.332950592041015625e-02
2.738416567444801331e-02,1.863402873277664185e-02,-1.287555694580078125e-02
2.796442434191703796e-02,1.943597197532653809e-02,-1.249599456787109375e-02
2.834283374249935150e-02,2.023347467184066772e-02,-1.217603683471679688e-02
2.852659486234188080e-02,2.096091769635677338e-02,-1.192474365234375000e-02
2.855045907199382782e-02,2.152058295905590057e-02,-1.176548004150390625e-02
2.848239429295063019e-02,2.189278043806552887e-02,-1.167869567871093750e-02
2.840081416070461273e-02,2.218072116374969482e-02,-1.161766052246093750e-02
2.844736911356449127e-02,2.249461971223354340e-02,-1.154088973999023438e-02
2.870398014783859253e-02,2.284170314669609070e-02,-1.144504547119140625e-02
2.914117649197578430e-02,2.316439710557460785e-02,-1.135015487670898438e-02
2.967233955860137939e-02,2.339964173734188080e-02,-1.128387451171875000e-02
1.425494998693466187e-02,8.147473633289337158e-02,-1.101493835449218750e-03
4.900256544351577759e-02,1.032028868794441223e-01,4.979943390935659409e-03
8.320172876119613647e-02,1.199633404612541199e-01,1.351408567279577255e-02
1.145376786589622498e-01,1.325305402278900146e-01,1.745008677244186401e-02
1.401426047086715698e-01,1.439666152000427246e-01,2.058270014822483063e-02
1.506883800029754639e-01,1.454684287309646606e-01,2.311924472451210022e-02
1.630445569753646851e-01,1.330538094043731689e-01,2.809270843863487244e-02
1.659526526927947998e-01,1.167840734124183655e-01,2.642424218356609344e-02
1.570324897766113281e-01,9.986989945173263550e-02,1.903479173779487610e-02
1.421121954917907715e-01,8.422565460205078125e-02,1.176305487751960754e-02
1.223622784018516541e-01,7.209096848964691162e-02,8.030144497752189636e-03
1.012677550315856934e-01,6.352679431438446045e-02,7.628208957612514496e-03
7.735157012939453125e-02,5.699903145432472229e-02,8.487588725984096527e-03
4.952995479106903076e-02,5.260495468974113464e-02,9.631998836994171143e-03
2.438680641353130341e-02,4.789712280035018921e-02,1.119838468730449677e-02
9.108932688832283020e-03,4.189528897404670715e-02,1.227456238120794296e-02
4.142946097999811172e-03,3.329598903656005859e-02,1.265410333871841431e-02
9.608606807887554169e-03,2.263112366199493408e-02,1.237382832914590836e-02
1.904847659170627594e-02,1.268400344997644424e-02,1.202848274260759354e-02
2.484703436493873596e-02,6.110288668423891068e-03,1.221772842109203339e-02
2.623936906456947327e-02,2.926414133980870247e-03,1.305159274488687515e-02
2.506349980831146240e-02,1.680884975939989090e-03,1.425238046795129776e-02
2.240850217640399933e-02,1.708546304143965244e-03,1.552717108279466629e-02
2.066933549940586090e-02,2.500205300748348236e-03,1.667004451155662537e-02
2.214226685464382172e-02,3.441749373450875282e-03,1.750384457409381866e-02
2.747051231563091278e-02,4.384789150208234787e-03,1.787704601883888245e-02
3.476174548268318176e-02,5.481255706399679184e-03,1.772006042301654816e-02
4.055996984243392944e-02,6.775994785130023956e-03,1.699401997029781342e-02
4.270328208804130554e-02,8.132358081638813019e-03,1.578367315232753754e-02
4.137217998504638672e-02,9.232918731868267059e-03,1.429058704525232315e-02
3.808430209755897522e-02,9.713120758533477783e-03,1.270780526101589203e-02
3.449416160583496094e-02,9.321454912424087524e-03,1.118679251521825790e-02
3.161657974123954773e-02,8.226234465837478638e-03,9.823240339756011963e-03
2.971399948000907898e-02,6.856558844447135925e-03,8.654913865029811859e-03
2.862079255282878876e-02,5.490228533744812012e-03,7.679056376218795776e-03
2.804926596581935883e-02,4.315920639783143997e-03,6.885329261422157288e-03
2.791449427604675293e-02,3.367269877344369888e-03,6.236580666154623032e-03
2.839096635580062866e-02,2.496492583304643631e-03,5.685293581336736679e-03
2.933125197887420654e-02,1.675437670201063156e-03,5.170324817299842834e-03
3.056662902235984802e-02,9.924945188686251640e-04,4.655411466956138611e-03
3.208613023161888123e-02,4.774612025357782841e-04,4.153862129896879196e-03
3.379450365900993347e-02,1.653942454140633345e-04,3.716121194884181023e-03
3.551551699638366699e-02,7.503638335037976503e-05,3.400925314053893089e-03
3.707672655582427979e-02,2.055374061455950141e-04,3.268321743234992027e-03
3.833656385540962219e-02,4.525462572928518057e-04,3.350438550114631653e-03
3.918686881661415100e-02,6.929626106284558773e-04,3.650850150734186172e-03
3.958445414900779724e-02,8.644486078992486000e-04,4.158938303589820862e-03
3.960876911878585815e-02,9.387030149810016155e-04,4.858594853430986404e-03
3.937360644340515137e-02,9.055350674316287041e-04,5.726291798055171967e-03
3.880985453724861145e-02,8.517123642377555370e-04,6.724202539771795273e-03
3.796053677797317505e-02,8.115383097901940346e-04,7.811890449374914169e-03
3.700273111462593079e-02,7.623136043548583984e-04,8.950011804699897766e-03
3.633130714297294617e-02,6.649819551967084408e-04,1.012982707470655441e-02
3.587390854954719543e-02,5.092481151223182678e-04,1.131291501224040985e-02
3.528146445751190186e-02,3.457328130025416613e-04,1.244882587343454361e-02
3.438301011919975281e-02,1.894858869491145015e-04,1.349342986941337585e-02
3.318487480282783508e-02,2.657841287145856768e-05,1.439659297466278076e-02
3.189336508512496948e-02,-9.632110595703125000e-05,1.514917332679033279e-02
3.077737241983413696e-02,-9.536743164062500000e-05,1.577322185039520264e-02
2.999487146735191345e-02,7.344541518250480294e-05,1.627886109054088593e-02
2.945098653435707092e-02,3.496107237879186869e-04,1.664783060550689697e-02
2.907257527112960815e-02,6.732550682500004768e-04,1.686543785035610199e-02
2.891786396503448486e-02,1.022175420075654984e-03,1.693655736744403839e-02
2.896592393517494202e-02,1.405730727128684521e-03,1.687239669263362885e-02
2.914581634104251862e-02,1.825735904276371002e-03,1.668460667133331299e-02
2.938295528292655945e-02,2.228953875601291656e-03,1.637233421206474304e-02
2.971012890338897705e-02,2.622140571475028992e-03,1.596251875162124634e-02
3.017535246908664703e-02,3.011971013620495796e-03,1.548799499869346619e-02
3.074899129569530487e-02,3.381234128028154373e-03,1.496664248406887054e-02
3.133204951882362366e-02,3.729761578142642975e-03,1.442398224025964737e-02
3.185630217194557190e-02,4.035563208162784576e-03,1.389121543616056442e-02
3.231357783079147339e-02,4.299217835068702698e-03,1.339357718825340271e-02
3.275157883763313293e-02,4.473440349102020264e-03,1.295184437185525894e-02
3.321577608585357666e-02,4.505719058215618134e-03,1.258487720042467117e-02
3.371310234069824219e-02,4.394340328872203827e-03,1.229900307953357697e-02
3.421011567115783691e-02,4.203944932669401169e-03,1.209967583417892456e-02
3.467719629406929016e-02,3.934233449399471283e-03,1.197596453130245209e-02
3.509977087378501892e-02,3.604741767048835754e-03,1.193280518054962158e-02
3.545087948441505432e-02,3.254155395552515984e-03,1.197242084890604019e-02
3.090581297874450684e-02,4.537422209978103638e-02,-9.119987487792968750e-03
6.661344319581985474e-02,7.477112114429473877e-02,-8.732795715332031250e-03
1.055758893489837646e-01,1.049960479140281677e-01,-1.292228698730468750e-02
1.276602596044540405e-01,1.183828040957450867e-01,-1.673603057861328125e-02
1.310073584318161011e-01,1.271484345197677612e-01,-1.979017257690429688e-02
1.338674426078796387e-01,1.250668019056320190e-01,-2.160978317260742188e-02
1.273314803838729858e-01,1.190472021698951721e-01,-2.523660659790039062e-02
1.112535223364830017e-01,1.085990145802497864e-01,-2.897071838378906250e-02
9.381293505430221558e-02,9.287147223949432373e-02,-3.131198883056640625e-02
7.826336473226547241e-02,7.463070750236511230e-02,-3.164672851562500000e-02
6.629692018032073975e-02,5.630143731832504272e-02,-3.013658523559570312e-02
5.723227560520172119e-02,3.891610354185104370e-02,-2.726888656616210938e-02
4.752470925450325012e-02,2.388941682875156403e-02,-2.323961257934570312e-02
3.663392364978790283e-02,1.397228892892599106e-02,-1.838588714599609375e-02
2.598947845399379730e-02,1.172477565705776215e-02,-1.396560668945312500e-02
1.833749748766422272e-02,1.574048958718776703e-02,-1.189231872558593750e-02
1.620128378272056580e-02,2.123786881566047668e-02,-1.233768463134765625e-02
1.960602402687072754e-02,2.304188720881938934e-02,-1.444673538208007812e-02
2.573257684707641602e-02,2.093059569597244263e-02,-1.723861694335937500e-02
3.029936179518699646e-02,1.740878075361251831e-02,-1.980018615722656250e-02
3.178339451551437378e-02,1.356241479516029358e-02,-2.182626724243164062e-02
3.021652624011039734e-02,9.811268188059329987e-03,-2.322006225585937500e-02
2.653844282031059265e-02,6.607395131140947342e-03,-2.394866943359375000e-02
2.234975993633270264e-02,4.576264414936304092e-03,-2.405691146850585938e-02
1.969653554260730743e-02,4.145345650613307953e-03,-2.369451522827148438e-02
2.014534361660480499e-02,5.174871068447828293e-03,-2.311897277832031250e-02
2.377574145793914795e-02,7.052547764033079147e-03,-2.259731292724609375e-02
2.917327545583248138e-02,9.080579504370689392e-03,-2.228260040283203125e-02
3.410191461443901062e-02,1.063946448266506195e-02,-2.223730087280273438e-02
3.692686557769775391e-02,1.155315712094306946e-02,-2.245807647705078125e-02
3.742390498518943787e-02,1.205784548074007034e-02,-2.288484573364257812e-02
3.621970862150192261e-02,1.249319687485694885e-02,-2.340507507324218750e-02
3.433644399046897888e-02,1.309220492839813232e-02,-2.391099929809570312e-02
3.278359398245811462e-02,1.387750823050737381e-02,-2.433967590332031250e-02
3.197283670306205750e-02,1.474371924996376038e-02,-2.468538284301757812e-02
3.186810389161109924e-02,1.560904737561941147e-02,-2.495193481445312500e-02
3.226169198751449585e-02,1.633483543992042542e-02,-2.513551712036132812e-02
3.278457373380661011e-02,1.687401160597801208e-02,-2.523183822631835938e-02
3.339462727308273315e-02,1.724406518042087555e-02,-2.523279190063476562e-02
3.442639112472534180e-02,1.734476909041404724e-02,-2.514648437500000000e-02
3.587725758552551270e-02,1.720793545246124268e-02,-2.498435974121093750e-02
3.743592649698257446e-02,1.701775006949901581e-02,-2.476882934570312500e-02
3.896199911832809448e-02,1.685830019414424896e-02,-2.451515197753906250e-02
4.050587490200996399e-02,1.674304157495498657e-02,-2.421331405639648438e-02
4.201069101691246033e-02,1.666529849171638489e-02,-2.384710311889648438e-02
4.330773279070854187e-02,1.658089831471443176e-02,-2.340698242187500000e-02
4.426383972167968750e-02,1.643279939889907837e-02,-2.288532257080078125e-02
4.482339695096015930e-02,1.615772210061550140e-02,-2.227449417114257812e-02
4.485421255230903625e-02,1.572212949395179749e-02,-2.158832550048828125e-02
4.442892968654632568e-02,1.510999910533428192e-02,-2.082252502441406250e-02
4.365311563014984131e-02,1.433381624519824982e-02,-1.997613906860351562e-02
4.266567528247833252e-02,1.341616176068782806e-02,-1.905822753906250000e-02
4.153478890657424927e-02,1.238755602389574051e-02,-1.808643341064453125e-02
4.008209705352783203e-02,1.130920182913541794e-02,-1.710176467895507812e-02
3.835536539554595947e-02,1.026877947151660919e-02,-1.611518859863281250e-02
3.653608635067939758e-02,9.286537766456604004e-03,-1.515293121337890625e-02
3.499262034893035889e-02,8.254627697169780731e-03,-1.424169540405273438e-02
3.377906978130340576e-02,7.206229027360677719e-03,-1.339149475097656250e-02
3.254592418670654297e-02,6.256950553506612778e-03,-1.262903213500976562e-02
3.116392344236373901e-02,5.430513527244329453e-03,-1.198339462280273438e-02
2.970992587506771088e-02,4.789413418620824814e-03,-1.145982742309570312e-02
2.825729921460151672e-02,4.301060922443866730e-03,-1.108312606811523438e-02
2.700058743357658386e-02,3.896842245012521744e-03,-1.087808609008789062e-02
2.603324130177497864e-02,3.611507127061486244e-03,-1.084947586059570312e-02
2.538198605179786682e-02,3.537656040862202644e-03,-1.097536087036132812e-02
2.514211274683475494e-02,3.740558633580803871e-03,-1.125097274780273438e-02
2.528213337063789368e-02,4.173637833446264267e-03,-1.168918609619140625e-02
2.559431456029415131e-02,4.722156096249818802e-03,-1.229190826416015625e-02
2.586836181581020355e-02,5.313146393746137619e-03,-1.304578781127929688e-02
2.599932998418807983e-02,5.954396445304155350e-03,-1.391077041625976562e-02
2.620968967676162720e-02,6.651128642261028290e-03,-1.482343673706054688e-02
2.664002031087875366e-02,7.360533345490694046e-03,-1.573324203491210938e-02
2.715800702571868896e-02,8.024940267205238342e-03,-1.660966873168945312e-02
2.761036530137062073e-02,8.644734509289264679e-03,-1.737546920776367188e-02
2.813189104199409485e-02,9.249237366020679474e-03,-1.795721054077148438e-02
2.896081283688545227e-02,9.859789162874221802e-03,-1.831912994384765625e-02
3.017730452120304108e-02,1.048188284039497375e-02,-1.847267150878906250e-02
3.152770921587944031e-02,1.112263556569814682e-02,-1.846981048583984375e-02
3.289914876222610474e-02,1.177332829684019089e-02,-1.835584640502929688e-02
-8.903980255126953125e-03,1.516226585954427719e-02,-7.471561431884765625e-03
-1.982545852661132812e-02,3.148138290271162987e-03,-1.889848709106445312e-02
7.386822719126939774e-03,2.290073409676551819e-02,-3.385019302368164062e-02
1.441585551947355270e-02,4.376914352178573608e-02,-3.387117385864257812e-02
8.033994585275650024e-03,7.216851413249969482e-02,-3.184461593627929688e-02
2.489543519914150238e-02,9.413202106952667236e-02,-2.627372741699218750e-02
6.596218049526214600e-02,1.103947088122367859e-01,-1.800584793090820312e-02
1.143002137541770935e-01,1.156677156686782837e-01,-1.274156570434570312e-02
1.560082733631134033e-01,1.104454770684242249e-01,-1.273632049560546875e-02
1.848111599683761597e-01,9.774012118577957153e-02,-1.674032211303710938e-02
1.974319666624069214e-01,8.689872175455093384e-02,-2.308034896850585938e-02
1.940109878778457642e-01,8.257124572992324829e-02,-2.694654464721679688e-02
1.843373030424118042e-01,7.980430126190185547e-02,-2.899503707885742188e-02
1.674060821533203125e-01,7.433620095252990723e-02,-3.253364562988281250e-02
1.405376046895980835e-01,6.742298603057861328e-02,-3.595018386840820312e-02
1.063250675797462463e-01,6.280135363340377808e-02,-3.692150115966796875e-02
7.234805077314376831e-02,6.260959804058074951e-02,-3.648328781127929688e-02
4.342866316437721252e-02,6.103546544909477234e-02,-3.649282455444335938e-02
2.017982676625251770e-02,5.299039185047149658e-02,-3.734064102172851562e-02
1.311124116182327271e-02,4.171366617083549500e-02,-3.812646865844726562e-02
2.027615159749984741e-02,3.035981953144073486e-02,-3.839492797851562500e-02
3.304855898022651672e-02,2.175445482134819031e-02,-3.804206848144531250e-02
4.300405830144882202e-02,1.710999198257923126e-02,-3.731393814086914062e-02
4.715925827622413635e-02,1.546330563724040985e-02,-3.649282455444335938e-02
4.541069641709327698e-02,1.537441834807395935e-02,-3.569030761718750000e-02
4.007058963179588318e-02,1.537384465336799622e-02,-3.511333465576171875e-02
3.412947058677673340e-02,1.469431538134813309e-02,-3.475856781005859375e-02
3.041375242173671722e-02,1.335340365767478943e-02,-3.452968597412109375e-02
2.970818430185317993e-02,1.179982163012027740e-02,-3.437232971191406250e-02
3.076739050447940826e-02,1.046263519674539566e-02,-3.420352935791015625e-02
3.183268383145332336e-02,9.445755742490291595e-03,-3.389835357666015625e-02
3.194593265652656555e-02,8.574375882744789124e-03,-3.336715698242187500e-02
3.141840919852256775e-02,7.532810326665639877e-03,-3.258752822875976562e-02
3.085340373218059540e-02,6.199536845088005066e-03,-3.162336349487304688e-02
3.048490732908248901e-02,4.753956571221351624e-03,-3.060150146484375000e-02
3.020957112312316895e-02,3.468760522082448006e-03,-2.964353561401367188e-02
2.993450313806533813e-02,2.608319045975804329e-03,-2.879476547241210938e-02
2.958016842603683472e-02,2.119275275617837906e-03,-2.807569503784179688e-02
2.891426719725131989e-02,1.662162365391850471e-03,-2.751541137695312500e-02
2.791099436581134796e-02,1.051886822097003460e-03,-2.711582183837890625e-02
2.672672830522060394e-02,2.900899271480739117e-04,-2.684974670410156250e-02
2.545174024999141693e-02,-5.097389221191406250e-04,-2.668428421020507812e-02
2.429981343448162079e-02,-1.166343688964843750e-03,-2.660274505615234375e-02
2.340812608599662781e-02,-1.638889312744140625e-03,-2.661800384521484375e-02
2.261026576161384583e-02,-2.024650573730468750e-03,-2.676963806152343750e-02
2.171595208346843719e-02,-2.371311187744140625e-03,-2.707862854003906250e-02
2.075209096074104309e-02,-2.663612365722656250e-03,-2.752304077148437500e-02
1.996195688843727112e-02,-2.882957458496093750e-03,-2.804994583129882812e-02
1.945111341774463654e-02,-2.992630004882812500e-03,-2.860927581787109375e-02
1.914089545607566833e-02,-2.983570098876953125e-03,-2.916955947875976562e-02
1.898134686052799225e-02,-2.889156341552734375e-03,-2.970838546752929688e-02
1.894569396972656250e-02,-2.748966217041015625e-03,-3.020668029785156250e-02
1.909664086997509003e-02,-2.600193023681640625e-03,-3.064537048339843750e-02
1.932379044592380524e-02,-2.446174621582031250e-03,-3.102493286132812500e-02
1.948435045778751373e-02,-2.243518829345703125e-03,-3.131771087646484375e-02
1.953318342566490173e-02,-1.971721649169921875e-03,-3.149652481079101562e-02
1.964719779789447784e-02,-1.684188842773437500e-03,-3.156042098999023438e-02
2.005194313824176788e-02,-1.476764678955078125e-03,-3.151988983154296875e-02
2.069209888577461243e-02,-1.350879669189453125e-03,-3.138780593872070312e-02
2.114969678223133087e-02,-1.128196716308593750e-03,-3.117990493774414062e-02
2.116555161774158478e-02,-7.438659667968750000e-04,-3.091716766357421875e-02
2.094117552042007446e-02,-3.170967102050781250e-04,-3.057336807250976562e-02
2.087522670626640320e-02,6.856543041067197919e-05,-3.012371063232421875e-02
2.128738537430763245e-02,4.203986318316310644e-04,-2.958154678344726562e-02
2.209526672959327698e-02,8.383192471228539944e-04,-2.896976470947265625e-02
2.305464260280132294e-02,1.385592389851808548e-03,-2.831602096557617188e-02
2.406478859484195709e-02,2.001909306272864342e-03,-2.765178680419921875e-02
2.512554079294204712e-02,2.613820135593414307e-03,-2.699041366577148438e-02
2.617577090859413147e-02,3.172431141138076782e-03,-2.634096145629882812e-02
2.720344439148902893e-02,3.632088890299201012e-03,-2.571535110473632812e-02
2.809889987111091614e-02,4.015576560050249100e-03,-2.512168884277343750e-02
2.874185144901275635e-02,4.360552411526441574e-03,-2.456569671630859375e-02
2.909064851701259613e-02,4.638203885406255722e-03,-2.405881881713867188e-02
2.917063795030117035e-02,4.845290910452604294e-03,-2.360057830810546875e-02
2.902098000049591064e-02,5.000421311706304550e-03,-2.318572998046875000e-02
2.872010692954063416e-02,5.093100480735301971e-03,-2.281475067138671875e-02
2.835188060998916626e-02,5.107875913381576538e-03,-2.249240875244140625e-02
2.794533595442771912e-02,5.038568284362554550e-03,-2.222204208374023438e-02
2.749714814126491547e-02,4.899309482425451279e-03,-2.200174331665039062e-02
4.662413895130157471e-02,-1.759433746337890625e-02,1.244164630770683289e-02
1.762145012617111206e-01,7.194930803962051868e-04,2.809968404471874237e-02
3.013889491558074951e-01,2.903486229479312897e-02,3.147305548191070557e-02
3.848435580730438232e-01,5.273097008466720581e-02,2.968064881861209869e-02
4.193393588066101074e-01,6.436623632907867432e-02,2.131840400397777557e-02
4.189394712448120117e-01,8.457946777343750000e-02,7.977356202900409698e-03
3.857512474060058594e-01,1.146877557039260864e-01,-3.520965576171875000e-03
3.325228989124298096e-01,1.469101458787918091e-01,-1.066589355468750000e-02
2.819839417934417725e-01,1.758272349834442139e-01,-1.697301864624023438e-02
2.283167690038681030e-01,1.959704756736755371e-01,-2.596807479858398438e-02
1.704361438751220703e-01,2.083332836627960205e-01,-3.320693969726562500e-02
1.253457516431808472e-01,2.115381360054016113e-01,-3.464984893798828125e-02
9.860403090715408325e-02,2.063049077987670898e-01,-3.295087814331054688e-02
7.961377501487731934e-02,1.987853050231933594e-01,-2.894592285156250000e-02
6.617836654186248779e-02,1.915220767259597778e-01,-2.438640594482421875e-02
6.817027926445007324e-02,1.813641637563705444e-01,-1.957750320434570312e-02
7.925709336996078491e-02,1.609909087419509888e-01,-1.582241058349609375e-02
9.304329007863998413e-02,1.263357102870941162e-01,-1.380872726440429688e-02
1.010008081793785095e-01,8.539595454931259155e-02,-1.365613937377929688e-02
9.646831452846527100e-02,4.976106807589530945e-02,-1.397180557250976562e-02
8.517899364233016968e-02,2.798019535839557648e-02,-1.294183731079101562e-02
7.168631255626678467e-02,1.897605694830417633e-02,-1.093149185180664062e-02
5.815171077847480774e-02,1.691818982362747192e-02,-9.587764739990234375e-03
4.681361839175224304e-02,1.640171743929386139e-02,-9.362697601318359375e-03
3.917212411761283875e-02,1.483588479459285736e-02,-9.981155395507812500e-03
3.514094650745391846e-02,1.202749554067850113e-02,-1.105070114135742188e-02
3.380807489156723022e-02,8.978682570159435272e-03,-1.217603683471679688e-02
3.393076360225677490e-02,6.785395089536905289e-03,-1.304006576538085938e-02
3.423457220196723938e-02,5.806392990052700043e-03,-1.353454589843750000e-02
3.375509753823280334e-02,5.667232442647218704e-03,-1.367187500000000000e-02
3.231570497155189514e-02,5.816151853650808334e-03,-1.348400115966796875e-02
3.046484664082527161e-02,5.930161103606224060e-03,-1.299428939819335938e-02
2.892600186169147491e-02,6.004034075886011124e-03,-1.222038269042968750e-02
2.808001451194286346e-02,6.129342131316661835e-03,-1.119995117187500000e-02
2.787542901933193207e-02,6.381087936460971832e-03,-1.000261306762695312e-02
2.811790443956851959e-02,6.841002963483333588e-03,-8.712291717529296875e-03
2.865034714341163635e-02,7.384955883026123047e-03,-7.399559020996093750e-03
2.897621691226959229e-02,7.728325668722391129e-03,-6.175994873046875000e-03
2.858221717178821564e-02,7.786970119923353195e-03,-5.123138427734375000e-03
2.736284397542476654e-02,7.647167425602674484e-03,-4.238128662109375000e-03
2.570420317351818085e-02,7.506823167204856873e-03,-3.483295440673828125e-03
2.418524585664272308e-02,7.548355497419834137e-03,-2.815723419189453125e-03
2.308121509850025177e-02,7.746634073555469513e-03,-2.235889434814453125e-03
2.248947881162166595e-02,8.035190403461456299e-03,-1.754283905029296875e-03
2.235569432377815247e-02,8.346466347575187683e-03,-1.384258270263671875e-03
2.250225841999053955e-02,8.620079606771469116e-03,-1.142501831054687500e-03
2.275526523590087891e-02,8.819053880870342255e-03,-1.028537750244140625e-03
2.311830595135688782e-02,8.990704081952571869e-03,-9.999275207519531250e-04
2.358519472181797028e-02,9.159713052213191986e-03,-1.016616821289062500e-03
2.419223450124263763e-02,9.344630874693393707e-03,-1.034259796142578125e-03
2.490864880383014679e-02,9.534105658531188965e-03,-1.025676727294921875e-03
2.569116652011871338e-02,9.667299687862396240e-03,-9.837150573730468750e-04
2.644526213407516479e-02,9.692272171378135681e-03,-9.093284606933593750e-04
2.705906145274639130e-02,9.606816805899143219e-03,-7.972717285156250000e-04
2.743555605411529541e-02,9.445122443139553070e-03,-6.370544433593750000e-04
2.758680097758769989e-02,9.230122901499271393e-03,-4.215240478515625000e-04
2.773905172944068909e-02,8.928675204515457153e-03,-1.387596130371093750e-04
2.796145342290401459e-02,8.519181050360202789e-03,2.022759581450372934e-04
2.820231206715106964e-02,7.991706021130084991e-03,5.819642683491110802e-04
2.824224159121513367e-02,7.409080397337675095e-03,9.928451618179678917e-04
2.779031358659267426e-02,6.872918456792831421e-03,1.396518200635910034e-03
2.705891430377960205e-02,6.427885498851537704e-03,1.776785124093294144e-03
2.648716978728771210e-02,6.048333831131458282e-03,2.151788910850882530e-03
2.621984668076038361e-02,5.722258239984512329e-03,2.538003260269761086e-03
2.615124359726905823e-02,5.454167257994413376e-03,2.945787506178021431e-03
2.610337175428867340e-02,5.244532134383916855e-03,3.379298141226172447e-03
2.593614347279071808e-02,5.092398263514041901e-03,3.842335427179932594e-03
2.560838870704174042e-02,4.952731542289257050e-03,4.332386422902345657e-03
2.533355914056301117e-02,4.850667435675859451e-03,4.875866696238517761e-03
2.543806098401546478e-02,4.806071985512971878e-03,5.515949334949254990e-03
2.574256062507629395e-02,4.735831636935472488e-03,6.220784503966569901e-03
2.572707273066043854e-02,4.607002716511487961e-03,6.918508559465408325e-03
2.519772201776504517e-02,4.448702558875083923e-03,7.559202611446380615e-03
2.435715496540069580e-02,4.324692767113447189e-03,8.122794330120086670e-03
2.343949675559997559e-02,4.244762938469648361e-03,8.588046766817569733e-03
2.272122912108898163e-02,4.212370142340660095e-03,8.958051912486553192e-03
2.225821651518344879e-02,4.258124623447656631e-03,9.242433123290538788e-03
2.198880910873413086e-02,4.431474022567272186e-03,9.438734501600265503e-03
2.188169024884700775e-02,4.706875421106815338e-03,9.553665295243263245e-03
-3.867721557617187500e-02,3.844594210386276245e-02,1.208426244556903839e-02
-5.053663253784179688e-02,2.427201159298419952e-02,1.474543660879135132e-02
-2.774286270141601562e-02,3.152400255203247070e-02,1.683432422578334808e-02
1.945985294878482819e-02,4.663179814815521240e-02,1.456449460238218307e-02
7.350928336381912231e-02,5.219564959406852722e-02,6.446992512792348862e-03
1.242140606045722961e-01,5.687005445361137390e-02,2.157788723707199097e-03
1.613356918096542358e-01,6.183802336454391479e-02,3.234201867599040270e-04
1.774462908506393433e-01,6.980740278959274292e-02,-3.391265869140625000e-03
1.697519719600677490e-01,7.850839197635650635e-02,-7.509231567382812500e-03
1.480356156826019287e-01,8.346743136644363403e-02,-9.370803833007812500e-03
1.266186982393264771e-01,8.402785658836364746e-02,-9.276390075683593750e-03
1.103440672159194946e-01,7.723357528448104858e-02,-7.070064544677734375e-03
9.950394928455352783e-02,6.303495168685913086e-02,-4.530429840087890625e-03
9.327527135610580444e-02,4.437436535954475403e-02,-2.975463867187500000e-03
9.069491922855377197e-02,2.566359564661979675e-02,-3.092765808105468750e-03
8.474143594503402710e-02,1.228569820523262024e-02,-3.751277923583984375e-03
7.116162776947021484e-02,8.410828188061714172e-03,-3.414154052734375000e-03
5.658169835805892944e-02,1.144332997500896454e-02,-3.746032714843750000e-03
4.165196046233177185e-02,1.499242149293422699e-02,-5.894184112548828125e-03
2.748926915228366852e-02,1.461136993020772934e-02,-8.872985839843750000e-03
1.765167713165283203e-02,1.031788624823093414e-02,-1.178741455078125000e-02
1.318571250885725021e-02,5.375537090003490448e-03,-1.336383819580078125e-02
1.332009490579366684e-02,1.164605142548680305e-03,-1.362895965576171875e-02
1.582372933626174927e-02,-2.127170562744140625e-03,-1.326560974121093750e-02
1.950456202030181885e-02,-3.925800323486328125e-03,-1.245403289794921875e-02
2.361143752932548523e-02,-3.763198852539062500e-03,-1.121091842651367188e-02
2.775715664029121399e-02,-1.700401306152343750e-03,-9.771823883056640625e-03
3.220293670892715454e-02,1.767762470990419388e-03,-8.481025695800781250e-03
3.708661720156669617e-02,5.778644699603319168e-03,-7.678031921386718750e-03
4.115018621087074280e-02,9.196681901812553406e-03,-7.494926452636718750e-03
4.326983541250228882e-02,1.114883739501237869e-02,-7.803440093994140625e-03
4.319046437740325928e-02,1.143622398376464844e-02,-8.342742919921875000e-03
4.127553477883338928e-02,1.056010741740465164e-02,-8.832931518554687500e-03
3.830005601048469543e-02,9.114735759794712067e-03,-9.036064147949218750e-03
3.506759181618690491e-02,7.515432313084602356e-03,-8.808135986328125000e-03
3.209237754344940186e-02,5.964881274849176407e-03,-8.128166198730468750e-03
2.945544198155403137e-02,4.439297597855329514e-03,-7.103443145751953125e-03
2.723124995827674866e-02,2.981618279591202736e-03,-5.854129791259765625e-03
2.555624581873416901e-02,1.767838490195572376e-03,-4.483222961425781250e-03
2.446134202182292938e-02,9.896742412820458412e-04,-3.108024597167968750e-03
2.396352216601371765e-02,7.884143269620835781e-04,-1.811504364013671875e-03
2.405357174575328827e-02,1.151241594925522804e-03,-6.432533264160156250e-04
2.475273609161376953e-02,1.948233461007475853e-03,3.663969982881098986e-04
2.590746805071830750e-02,3.014810383319854736e-03,1.192012103274464607e-03
2.727700397372245789e-02,4.140995908528566360e-03,1.812779344618320465e-03
2.863558195531368256e-02,5.162429530173540115e-03,2.259235829114913940e-03
2.989618666470050812e-02,6.069222930818796158e-03,2.584019443020224571e-03
3.111461922526359558e-02,6.937343627214431763e-03,2.839597873389720917e-03
3.222966194152832031e-02,7.773421239107847214e-03,3.062618663534522057e-03
3.315298259258270264e-02,8.480580523610115051e-03,3.286677179858088493e-03
3.380781412124633789e-02,8.962678723037242889e-03,3.538235789164900780e-03
3.415179625153541565e-02,9.161484427750110626e-03,3.835537936538457870e-03
3.417605906724929810e-02,9.075081907212734222e-03,4.194163251668214798e-03
3.390674293041229248e-02,8.735701441764831543e-03,4.630846437066793442e-03
3.340595215559005737e-02,8.213725872337818146e-03,5.155241582542657852e-03
3.276444599032402039e-02,7.588904816657304764e-03,5.768796894699335098e-03
3.209198266267776489e-02,6.932489573955535889e-03,6.459701340645551682e-03
3.144681826233863831e-02,6.308309268206357956e-03,7.194024510681629181e-03
3.090349584817886353e-02,5.785487126559019089e-03,7.950130850076675415e-03
3.051011636853218079e-02,5.394330248236656189e-03,8.707763627171516418e-03
3.030486404895782471e-02,5.122724454849958420e-03,9.436612017452716827e-03
3.022892028093338013e-02,4.971411079168319702e-03,1.011057198047637939e-02
3.020710311830043793e-02,4.932332783937454224e-03,1.071154698729515076e-02
3.017568401992321014e-02,4.965159576386213303e-03,1.121856179088354111e-02
3.011241741478443146e-02,5.043818615376949310e-03,1.163451094180345535e-02
2.999205701053142548e-02,5.159103311598300934e-03,1.197020430117845535e-02
2.979980595409870148e-02,5.255087744444608688e-03,1.222895924001932144e-02
2.957196906208992004e-02,5.268997047096490860e-03,1.242961734533309937e-02
2.935636229813098907e-02,5.224679131060838699e-03,1.261088252067565918e-02
2.918377332389354706e-02,5.145598202943801880e-03,1.278270408511161804e-02
2.893571369349956512e-02,5.025934427976608276e-03,1.294325478374958038e-02
2.853366360068321228e-02,4.856986925005912781e-03,1.308883633464574814e-02
2.801304310560226440e-02,4.627877380698919296e-03,1.322064362466335297e-02
2.744765393435955048e-02,4.354681354016065598e-03,1.332481857389211655e-02
2.692970074713230133e-02,4.106014966964721680e-03,1.340568717569112778e-02
2.649187110364437103e-02,3.952485043555498123e-03,1.347102969884872437e-02
2.619306184351444244e-02,3.868828527629375458e-03,1.352409459650516510e-02
2.599385194480419159e-02,3.806927939876914024e-03,1.356551609933376312e-02
2.583825029432773590e-02,3.748038783669471741e-03,1.359641738235950470e-02
-1.130104064941406250e-02,3.295267745852470398e-02,3.457661950960755348e-03
-9.066581726074218750e-03,5.190916731953620911e-02,1.840196549892425537e-02
9.693485684692859650e-03,6.938312947750091553e-02,2.841281332075595856e-02
4.632697626948356628e-02,7.812006026506423950e-02,3.323268517851829529e-02
8.696300536394119263e-02,8.335200697183609009e-02,3.107805550098419189e-02
1.203072443604469299e-01,7.920822501182556152e-02,2.351218275725841522e-02
1.459304541349411011e-01,6.383832544088363647e-02,1.464315783232450485e-02
1.545608937740325928e-01,4.539929330348968506e-02,1.045738626271486282e-02
1.460242718458175659e-01,3.207756951451301575e-02,1.130999252200126648e-02
1.196777299046516418e-01,2.055391855537891388e-02,1.138813421130180359e-02
8.465167880058288574e-02,9.961514733731746674e-03,8.260845206677913666e-03
5.256019532680511475e-02,3.824081504717469215e-03,3.405587514862418175e-03
2.685776352882385254e-02,4.256904125213623047e-03,-1.741409301757812500e-03
9.225623682141304016e-03,8.794196881353855133e-03,-6.270885467529296875e-03
1.720951288007199764e-03,1.272862032055854797e-02,-1.012516021728515625e-02
3.519117599353194237e-03,1.302092894911766052e-02,-1.338386535644531250e-02
1.089696586132049561e-02,9.184565395116806030e-03,-1.627969741821289062e-02
1.867997087538242340e-02,3.703056601807475090e-03,-1.858139038085937500e-02
2.542335167527198792e-02,-6.294250488281250000e-05,-1.954936981201171875e-02
3.156884014606475830e-02,-4.720687866210937500e-04,-1.902484893798828125e-02
3.587939217686653137e-02,1.352397608570754528e-03,-1.761388778686523438e-02
3.750348836183547974e-02,3.226302564144134521e-03,-1.602554321289062500e-02
3.758222237229347229e-02,3.625462530180811882e-03,-1.465988159179687500e-02
3.706122562289237976e-02,2.497401321306824684e-03,-1.359033584594726562e-02
3.607337921857833862e-02,9.314560447819530964e-04,-1.265478134155273438e-02
3.445011377334594727e-02,4.029112005810020491e-06,-1.165628433227539062e-02
3.213801980018615723e-02,-2.765655517578125000e-05,-1.052570343017578125e-02
2.969850413501262665e-02,4.316419654060155153e-04,-9.304046630859375000e-03
2.782308496534824371e-02,8.213987457565963268e-04,-8.110523223876953125e-03
2.675108425319194794e-02,8.678899612277746201e-04,-7.071018218994140625e-03
2.630020678043365479e-02,7.410378311760723591e-04,-6.210803985595703125e-03
2.616396546363830566e-02,7.484185625799000263e-04,-5.492210388183593750e-03
2.626415342092514038e-02,9.855161188170313835e-04,-4.868507385253906250e-03
2.672274783253669739e-02,1.339851994998753071e-03,-4.290580749511718750e-03
2.764317765831947327e-02,1.652188017033040524e-03,-3.729820251464843750e-03
2.894945628941059113e-02,1.842529163695871830e-03,-3.170013427734375000e-03
3.035181760787963867e-02,1.928980811499059200e-03,-2.621173858642578125e-03
3.146243840456008911e-02,1.975585240870714188e-03,-2.095222473144531250e-03
3.208926320075988770e-02,2.023862209171056747e-03,-1.608371734619140625e-03
3.221229836344718933e-02,2.047942485660314560e-03,-1.173496246337890625e-03
3.190568834543228149e-02,2.028513234108686447e-03,-7.996559143066406250e-04
3.129638358950614929e-02,1.923933974467217922e-03,-5.002021789550781250e-04
3.051152639091014862e-02,1.761735416948795319e-03,-2.684593200683593750e-04
2.957888133823871613e-02,1.599116018041968346e-03,-8.678436279296875000e-05
2.850459702312946320e-02,1.450807903893291950e-03,4.473259468795731664e-05
2.742397598922252655e-02,1.314745517447590828e-03,1.503284729551523924e-04
2.647314034402370453e-02,1.172286691144108772e-03,2.505599113646894693e-04
2.573535777628421783e-02,9.757277439348399639e-04,3.434754617046564817e-04
2.530604600906372070e-02,7.204639841802418232e-04,4.392572445794939995e-04
2.506111934781074524e-02,4.958096542395651340e-04,5.520986742340028286e-04
2.494222111999988556e-02,3.386472526472061872e-04,6.834402447566390038e-04
2.513036504387855530e-02,1.693191006779670715e-04,8.468249579891562462e-04
2.567254006862640381e-02,-1.211166381835937500e-04,1.025938079692423344e-03
2.605847269296646118e-02,-4.220008850097656250e-04,1.219603349454700947e-03
2.593429945409297943e-02,-5.860328674316406250e-04,1.438354956917464733e-03
2.572246268391609192e-02,-6.971359252929687500e-04,1.690549077466130257e-03
2.586631849408149719e-02,-9.088516235351562500e-04,1.973011065274477005e-03
2.613650262355804443e-02,-1.200675964355468750e-03,2.261393703520298004e-03
2.618347108364105225e-02,-1.443862915039062500e-03,2.534587867558002472e-03
2.598584629595279694e-02,-1.585483551025390625e-03,2.796356566250324249e-03
2.579450979828834534e-02,-1.617431640625000000e-03,3.062090603634715080e-03
2.580749988555908203e-02,-1.571655273437500000e-03,3.339452436193823814e-03
2.592706494033336639e-02,-1.523494720458984375e-03,3.604446072131395340e-03
2.604038454592227936e-02,-1.513957977294921875e-03,3.842226462438702583e-03
2.611526288092136383e-02,-1.530647277832031250e-03,4.048075061291456223e-03
2.612142823636531830e-02,-1.536369323730468750e-03,4.217446781694889069e-03
2.612757310271263123e-02,-1.482963562011718750e-03,4.365588538348674774e-03
2.611268498003482819e-02,-1.391887664794921875e-03,4.486297722905874252e-03
2.611516043543815613e-02,-1.241207122802734375e-03,4.591254051774740219e-03
2.633620426058769226e-02,-9.813308715820312500e-04,4.674525465816259384e-03
2.661599591374397278e-02,-7.100105285644531250e-04,4.725479520857334137e-03
2.656912803649902344e-02,-5.283355712890625000e-04,4.741103388369083405e-03
2.629484049975872040e-02,-3.771781921386718750e-04,4.743764176964759827e-03
2.605726569890975952e-02,-1.730918884277343750e-04,4.768729209899902344e-03
2.600044943392276764e-02,1.000925622065551579e-04,4.832402337342500687e-03
2.614121511578559875e-02,4.112999886274337769e-04,4.929466173052787781e-03
2.643208205699920654e-02,7.130518788471817970e-04,5.043099634349346161e-03
2.671607211232185364e-02,9.570630500093102455e-04,5.155601073056459427e-03
2.692547440528869629e-02,1.162370434030890465e-03,5.268550477921962738e-03
3.508048132061958313e-02,3.890525549650192261e-02,-7.319927215576171875e-03
8.327351510524749756e-02,3.876285627484321594e-02,-1.977825164794921875e-02
1.315424144268035889e-01,4.944196343421936035e-02,-2.295207977294921875e-02
1.792070567607879639e-01,7.557481527328491211e-02,-2.772140502929687500e-02
2.076947838068008423e-01,1.166784241795539856e-01,-3.320598602294921875e-02
2.148438543081283569e-01,1.665356755256652832e-01,-3.200054168701171875e-02
1.938500553369522095e-01,2.138743549585342407e-01,-3.220176696777343750e-02
1.559766083955764771e-01,2.524750530719757080e-01,-3.370475769042968750e-02
1.191773042082786560e-01,2.839717566967010498e-01,-2.649736404418945312e-02
1.087362542748451233e-01,3.171165287494659424e-01,-1.803159713745117188e-02
1.138859987258911133e-01,3.461532890796661377e-01,-1.151275634765625000e-02
1.258907914161682129e-01,3.687843680381774902e-01,-4.726409912109375000e-03
1.426391899585723877e-01,3.867624998092651367e-01,2.550374483689665794e-03
1.609607040882110596e-01,4.006797075271606445e-01,8.706690743565559387e-03
1.784919500350952148e-01,4.103219509124755859e-01,1.274448446929454803e-02
1.942455023527145386e-01,4.158965051174163818e-01,1.391445286571979523e-02
2.096865326166152954e-01,4.169139266014099121e-01,1.134086400270462036e-02
2.238509207963943481e-01,4.109813868999481201e-01,3.767285263165831566e-03
2.300883233547210693e-01,3.956739008426666260e-01,-8.514404296875000000e-03
2.245937734842300415e-01,3.729130625724792480e-01,-2.110719680786132812e-02
2.077122181653976440e-01,3.430821001529693604e-01,-2.975559234619140625e-02
1.814576089382171631e-01,3.100374042987823486e-01,-3.105497360229492188e-02
1.535396426916122437e-01,2.737450003623962402e-01,-2.669715881347656250e-02
1.292051523923873901e-01,2.315851300954818726e-01,-2.142047882080078125e-02
1.108662411570549011e-01,1.840615719556808472e-01,-1.920270919799804688e-02
9.578701853752136230e-02,1.362901777029037476e-01,-2.078580856323242188e-02
7.676708698272705078e-02,9.341128915548324585e-02,-2.227210998535156250e-02
5.709614604711532593e-02,6.034393236041069031e-02,-1.971054077148437500e-02
4.309517145156860352e-02,3.895864635705947876e-02,-1.399421691894531250e-02
3.288326039910316467e-02,2.686474658548831940e-02,-8.444309234619140625e-03
2.550900168716907501e-02,1.929186843335628510e-02,-5.246639251708984375e-03
2.153929695487022400e-02,1.305400580167770386e-02,-3.889083862304687500e-03
2.011832408607006073e-02,8.293684571981430054e-03,-3.111362457275390625e-03
2.132446877658367157e-02,5.582736805081367493e-03,-2.378940582275390625e-03
2.473509684205055237e-02,4.550011362880468369e-03,-1.683235168457031250e-03
2.919894643127918243e-02,4.862499888986349106e-03,-7.972717285156250000e-04
3.508653864264488220e-02,5.810554139316082001e-03,4.963006940670311451e-04
4.306756705045700073e-02,6.799576338380575180e-03,2.273296471685171127e-03
5.187175050377845764e-02,7.598103489726781845e-03,4.447258543223142624e-03
5.930601060390472412e-02,7.897695526480674744e-03,6.881346460431814194e-03
6.377749145030975342e-02,7.532393559813499451e-03,9.337784722447395325e-03
6.474952399730682373e-02,6.643939763307571411e-03,1.149863842874765396e-02
6.235126778483390808e-02,5.609135143458843231e-03,1.299830526113510132e-02
5.731974542140960693e-02,4.844016861170530319e-03,1.352981198579072952e-02
5.071941390633583069e-02,4.496317822486162186e-03,1.298329420387744904e-02
4.334288835525512695e-02,4.359694663435220718e-03,1.142059080302715302e-02
3.581982478499412537e-02,4.254579544067382812e-03,9.013325907289981842e-03
2.874281816184520721e-02,4.259750247001647949e-03,6.025416310876607895e-03
2.272515557706356049e-02,4.667821805924177170e-03,2.833732636645436287e-03
1.815108209848403931e-02,5.706006195396184921e-03,-1.573562622070312500e-04
1.532018091529607773e-02,7.179935462772846222e-03,-2.665996551513671875e-03
1.473051495850086212e-02,8.566756732761859894e-03,-4.601955413818359375e-03
1.673397980630397797e-02,9.581418707966804504e-03,-5.974769592285156250e-03
2.084019035100936890e-02,1.029132306575775146e-02,-6.797790527343750000e-03
2.594378776848316193e-02,1.093402318656444550e-02,-7.098674774169921875e-03
3.090018406510353088e-02,1.176398526877164841e-02,-6.916046142578125000e-03
3.473174571990966797e-02,1.297598239034414291e-02,-6.285667419433593750e-03
3.711396828293800354e-02,1.461926288902759552e-02,-5.241394042968750000e-03
3.847692161798477173e-02,1.651882752776145935e-02,-3.880500793457031250e-03
3.931181877851486206e-02,1.847252063453197479e-02,-2.319812774658203125e-03
4.001520946621894836e-02,2.030271477997303009e-02,-6.699562072753906250e-04
4.097238928079605103e-02,2.188554406166076660e-02,1.016501453705132008e-03
4.227200895547866821e-02,2.318934909999370575e-02,2.748339669778943062e-03
4.366851598024368286e-02,2.427178248763084412e-02,4.518167581409215927e-03
4.499382898211479187e-02,2.520127780735492706e-02,6.328764371573925018e-03
4.629374668002128601e-02,2.586384490132331848e-02,8.183379657566547394e-03
4.795141890645027161e-02,2.594053000211715698e-02,1.004993170499801636e-02
5.001608654856681824e-02,2.541274577379226685e-02,1.187991909682750702e-02
5.183840170502662659e-02,2.453660219907760620e-02,1.356516126543283463e-02
5.274618044495582581e-02,2.348825521767139435e-02,1.498500164598226547e-02
5.258612707257270813e-02,2.235122397541999817e-02,1.609093509614467621e-02
5.160722136497497559e-02,2.106774598360061646e-02,1.690955273807048798e-02
5.016282573342323303e-02,1.956329308450222015e-02,1.748768426477909088e-02
4.857346415519714355e-02,1.788399554789066315e-02,1.789357885718345642e-02
4.697583615779876709e-02,1.612620800733566284e-02,1.818265579640865326e-02
4.539380967617034912e-02,1.440676394850015640e-02,1.839206740260124207e-02
4.373800382018089294e-02,1.290576998144388199e-02,1.854835078120231628e-02
4.187601432204246521e-02,1.160164549946784973e-02,1.863656006753444672e-02
3.981797024607658386e-02,1.035481132566928864e-02,1.861117593944072723e-02
4.442167282104492188e-02,-1.464414596557617188e-02,-6.958007812500000000e-03
2.750115527305752039e-04,-6.151199340820312500e-04,-1.769065856933593750e-03
-6.220006942749023438e-02,3.939108550548553467e-02,1.502566039562225342e-03
-5.405759811401367188e-02,6.467485427856445312e-02,1.108844950795173645e-02
-3.029584884643554688e-02,9.755454212427139282e-02,1.725943945348262787e-02
2.033023349940776825e-02,1.395543366670608521e-01,2.275803498923778534e-02
8.490443974733352661e-02,1.550426483154296875e-01,1.205646805465221405e-02
1.258933544158935547e-01,1.592105031013488770e-01,5.196321755647659302e-03
1.491798907518386841e-01,1.492101699113845825e-01,-1.721382141113281250e-03
1.476466208696365356e-01,1.344096511602401733e-01,-1.324844360351562500e-02
1.310957223176956177e-01,1.185458004474639893e-01,-2.367162704467773438e-02
1.086944267153739929e-01,1.036413460969924927e-01,-3.228998184204101562e-02
7.677643746137619019e-02,9.122680127620697021e-02,-3.535938262939453125e-02
4.988036304712295532e-02,7.728048413991928101e-02,-3.521347045898437500e-02
3.442693501710891724e-02,6.071577593684196472e-02,-3.211688995361328125e-02
3.125607222318649292e-02,4.592504352331161499e-02,-2.669000625610351562e-02
2.927055396139621735e-02,3.603666648268699646e-02,-1.980257034301757812e-02
2.195674367249011993e-02,3.394586220383644104e-02,-1.227378845214843750e-02
1.364136021584272385e-02,3.662003576755523682e-02,-6.648540496826171875e-03
1.007406134158372879e-02,3.716073930263519287e-02,-4.534721374511718750e-03
1.153594534844160080e-02,3.362250700592994690e-02,-5.070209503173828125e-03
1.692461781203746796e-02,2.771763876080513000e-02,-7.283687591552734375e-03
2.173795551061630249e-02,2.159697748720645905e-02,-1.016855239868164062e-02
2.420063130557537079e-02,1.642757840454578400e-02,-1.301288604736328125e-02
2.490632049739360809e-02,1.279935427010059357e-02,-1.565456390380859375e-02
2.450392208993434906e-02,1.123979035764932632e-02,-1.793718338012695312e-02
2.362073585391044617e-02,1.158958021551370621e-02,-1.978158950805664062e-02
2.303142845630645752e-02,1.311496179550886154e-02,-2.120637893676757812e-02
2.358925528824329376e-02,1.493105757981538773e-02,-2.226591110229492188e-02
2.526687644422054291e-02,1.642725430428981781e-02,-2.304220199584960938e-02
2.765716798603534698e-02,1.734435930848121643e-02,-2.360343933105468750e-02
3.002766147255897522e-02,1.780608855187892914e-02,-2.398538589477539062e-02
3.171136602759361267e-02,1.810896955430507660e-02,-2.421522140502929688e-02
3.253149241209030151e-02,1.845869235694408417e-02,-2.433013916015625000e-02
3.275059163570404053e-02,1.882594637572765350e-02,-2.436113357543945312e-02
3.262423351407051086e-02,1.905731111764907837e-02,-2.433490753173828125e-02
3.229532763361930847e-02,1.905931904911994934e-02,-2.427673339843750000e-02
3.180342540144920349e-02,1.886203326284885406e-02,-2.420139312744140625e-02
3.117120265960693359e-02,1.849260367453098297e-02,-2.413702011108398438e-02
3.055485896766185760e-02,1.796904765069484711e-02,-2.408933639526367188e-02
3.006008267402648926e-02,1.731405407190322876e-02,-2.406358718872070312e-02
2.961132489144802094e-02,1.659014262259006500e-02,-2.406406402587890625e-02
2.917446009814739227e-02,1.584226265549659729e-02,-2.409362792968750000e-02
2.890278398990631104e-02,1.504078507423400879e-02,-2.413845062255859375e-02
2.882501669228076935e-02,1.415380463004112244e-02,-2.419328689575195312e-02
2.882342785596847534e-02,1.318497676402330399e-02,-2.425527572631835938e-02
2.876119315624237061e-02,1.216545607894659042e-02,-2.431392669677734375e-02
2.856083586812019348e-02,1.114173047244548798e-02,-2.435922622680664062e-02
2.819765172898769379e-02,1.009669154882431030e-02,-2.439212799072265625e-02
2.773247845470905304e-02,9.058857336640357971e-03,-2.438449859619140625e-02
2.716195397078990936e-02,8.071509189903736115e-03,-2.432918548583984375e-02
2.654490061104297638e-02,7.080324925482273102e-03,-2.424764633178710938e-02
2.597801759839057922e-02,6.145884748548269272e-03,-2.411270141601562500e-02
2.542315050959587097e-02,5.374541971832513809e-03,-2.391338348388671875e-02
2.488189563155174255e-02,4.690975416451692581e-03,-2.368307113647460938e-02
2.430802397429943085e-02,4.070130176842212677e-03,-2.343940734863281250e-02
2.370685525238513947e-02,3.568748943507671356e-03,-2.319526672363281250e-02
2.334700897336006165e-02,3.227489767596125603e-03,-2.296972274780273438e-02
2.305914275348186493e-02,3.024576697498559952e-03,-2.281475067138671875e-02
2.261585183441638947e-02,2.920834580436348915e-03,-2.274703979492187500e-02
2.197790518403053284e-02,2.892314689233899117e-03,-2.275323867797851562e-02
2.128491364419460297e-02,2.928182948380708694e-03,-2.281713485717773438e-02
2.069365978240966797e-02,3.008863888680934906e-03,-2.292537689208984375e-02
2.030357718467712402e-02,3.155496437102556229e-03,-2.306985855102539062e-02
2.011881023645401001e-02,3.415327053517103195e-03,-2.324533462524414062e-02
2.006386592984199524e-02,3.786643501371145248e-03,-2.344131469726562500e-02
2.011242136359214783e-02,4.243712406605482101e-03,-2.365064620971679688e-02
2.026011608541011810e-02,4.736567847430706024e-03,-2.387857437133789062e-02
2.055365219712257385e-02,5.265258252620697021e-03,-2.410411834716796875e-02
2.096396312117576599e-02,5.833036266267299652e-03,-2.431201934814453125e-02
2.155163884162902832e-02,6.481953430920839310e-03,-2.448320388793945312e-02
2.234054729342460632e-02,7.218460086733102798e-03,-2.460861206054687500e-02
2.323040738701820374e-02,7.982420735061168671e-03,-2.469301223754882812e-02
2.400304190814495087e-02,8.708568289875984192e-03,-2.474880218505859375e-02
2.454401552677154541e-02,9.366121143102645874e-03,-2.475357055664062500e-02
2.500926703214645386e-02,9.967565536499023438e-03,-2.468299865722656250e-02
2.553287707269191742e-02,1.059213746339082718e-02,-2.452850341796875000e-02
2.613737434148788452e-02,1.127764116972684860e-02,-2.430534362792968750e-02
2.679909579455852509e-02,1.201165560632944107e-02,-2.403926849365234375e-02
3.270784392952919006e-02,4.616327583789825439e-02,-1.426172256469726562e-02
6.428343057632446289e-02,8.087439090013504028e-02,-3.237676620483398438e-02
7.289298623800277710e-02,1.121237874031066895e-01,-4.796838760375976562e-02
5.155580118298530579e-02,1.484135389328002930e-01,-5.587577819824218750e-02
4.371438175439834595e-02,1.772833913564682007e-01,-5.505132675170898438e-02
6.231709197163581848e-02,1.919766813516616821e-01,-5.068922042846679688e-02
9.546574950218200684e-02,1.899773180484771729e-01,-4.533529281616210938e-02
1.298953145742416382e-01,1.766838431358337402e-01,-3.868389129638671875e-02
1.522983312606811523e-01,1.589195728302001953e-01,-3.053140640258789062e-02
1.580233871936798096e-01,1.414245218038558960e-01,-2.068138122558593750e-02
1.495073288679122925e-01,1.225921139121055603e-01,-1.194906234741210938e-02
1.279757320880889893e-01,1.037292480468750000e-01,-6.464004516601562500e-03
1.035210341215133667e-01,8.625577390193939209e-02,-4.829883575439453125e-03
8.295014500617980957e-02,7.171563059091567993e-02,-5.410671234130859375e-03
6.598397344350814819e-02,6.242282688617706299e-02,-6.148338317871093750e-03
5.182656645774841309e-02,5.580871552228927612e-02,-6.469726562500000000e-03
4.574390873312950134e-02,4.857229813933372498e-02,-6.419658660888671875e-03
4.875210672616958618e-02,4.030672460794448853e-02,-6.496906280517578125e-03
5.746529251337051392e-02,3.162529319524765015e-02,-7.129669189453125000e-03
6.394272297620773315e-02,2.475884370505809784e-02,-7.566928863525390625e-03
6.357865035533905029e-02,2.054572477936744690e-02,-6.916999816894531250e-03
5.790740996599197388e-02,1.806962676346302032e-02,-5.502223968505859375e-03
4.984964057803153992e-02,1.608959026634693146e-02,-4.021644592285156250e-03
4.188705980777740479e-02,1.425707899034023285e-02,-2.833843231201171875e-03
3.604032471776008606e-02,1.263282541185617447e-02,-2.094268798828125000e-03
3.334359079599380493e-02,1.115195360034704208e-02,-1.913547515869140625e-03
3.357418626546859741e-02,9.720130823552608490e-03,-2.339839935302734375e-03
3.564533218741416931e-02,8.458067663013935089e-03,-3.248691558837890625e-03
3.795800358057022095e-02,7.502962369471788406e-03,-4.363536834716796875e-03
3.959817066788673401e-02,6.890347227454185486e-03,-5.365848541259765625e-03
4.087987914681434631e-02,6.310595199465751648e-03,-6.019592285156250000e-03
4.256711155176162720e-02,5.401871632784605026e-03,-6.216526031494140625e-03
4.450251907110214233e-02,4.098056815564632416e-03,-5.994796752929687500e-03
4.572007432579994202e-02,2.524401061236858368e-03,-5.506992340087890625e-03
4.571159556508064270e-02,8.863602415658533573e-04,-4.880428314208984375e-03
4.458869993686676025e-02,-5.912780761718750000e-04,-4.172801971435546875e-03
4.293899238109588623e-02,-1.873016357421875000e-03,-3.453254699707031250e-03
4.126371443271636963e-02,-3.045082092285156250e-03,-2.778530120849609375e-03
3.956251963973045349e-02,-4.123687744140625000e-03,-2.192497253417968750e-03
3.764314204454421997e-02,-5.141258239746093750e-03,-1.729011535644531250e-03
3.551039844751358032e-02,-6.151676177978515625e-03,-1.375675201416015625e-03
3.345442935824394226e-02,-7.068157196044921875e-03,-1.093387603759765625e-03
3.191760554909706116e-02,-7.699966430664062500e-03,-8.444786071777343750e-04
3.112472407519817352e-02,-7.960796356201171875e-03,-6.117820739746093750e-04
3.105951845645904541e-02,-7.881641387939453125e-03,-4.014968872070312500e-04
3.162218257784843445e-02,-7.546424865722656250e-03,-2.350807189941406250e-04
3.254175558686256409e-02,-7.042407989501953125e-03,-1.401901245117187500e-04
3.356446698307991028e-02,-6.437301635742187500e-03,-1.330375671386718750e-04
3.462075442075729370e-02,-5.785465240478515625e-03,-2.021789550781250000e-04
3.558304905891418457e-02,-5.116939544677734375e-03,-3.404617309570312500e-04
3.637947887182235718e-02,-4.458904266357421875e-03,-5.264282226562500000e-04
3.705896809697151184e-02,-3.713607788085937500e-03,-7.247924804687500000e-04
3.758853673934936523e-02,-2.939224243164062500e-03,-9.245872497558593750e-04
3.792307898402214050e-02,-2.259254455566406250e-03,-1.122951507568359375e-03
3.795085102319717407e-02,-1.698493957519531250e-03,-1.273632049560546875e-03
3.775250911712646484e-02,-1.164913177490234375e-03,-1.329421997070312500e-03
3.756482154130935669e-02,-5.888938903808593750e-04,-1.258850097656250000e-03
3.755335509777069092e-02,2.093028524541296065e-05,-1.078605651855468750e-03
3.784568980336189270e-02,6.620613276027143002e-04,-8.158683776855468750e-04
3.834681585431098938e-02,1.282071229070425034e-03,-4.997253417968750000e-04
3.893868997693061829e-02,1.851737964898347855e-03,-1.573562622070312500e-04
3.955629467964172363e-02,2.387641929090023041e-03,1.924135431181639433e-04
4.015750065445899963e-02,2.893079072237014771e-03,5.418726359494030476e-04
4.073463007807731628e-02,3.352640662342309952e-03,8.896513609215617180e-04
4.128582403063774109e-02,3.748464863747358322e-03,1.239691278897225857e-03
4.182150214910507202e-02,4.045792389661073685e-03,1.589778345078229904e-03
4.231438785791397095e-02,4.234812688082456589e-03,1.937896246090531349e-03
4.273211583495140076e-02,4.330274183303117752e-03,2.278553321957588196e-03
4.301974177360534668e-02,4.336413927376270294e-03,2.606093650683760643e-03
4.309951141476631165e-02,4.219470545649528503e-03,2.905841218307614326e-03
4.299235716462135315e-02,3.969959914684295654e-03,3.181173931807279587e-03
4.273524880409240723e-02,3.612533444538712502e-03,3.438418498262763023e-03
4.235262051224708557e-02,3.154240548610687256e-03,3.677237080410122871e-03
4.184848442673683167e-02,2.629907336086034775e-03,3.895268775522708893e-03
4.122404009103775024e-02,2.060654107481241226e-03,4.090677015483379364e-03
4.050075635313987732e-02,1.441919594071805477e-03,4.261787980794906616e-03
3.971679508686065674e-02,7.717970875091850758e-04,4.408298525959253311e-03
3.892827406525611877e-02,6.922963802935555577e-05,4.530091769993305206e-03
3.816727548837661743e-02,-6.427764892578125000e-04,4.626214969903230667e-03
5.026112124323844910e-02,4.914348199963569641e-02,2.147071436047554016e-02
1.157111525535583496e-01,6.618779152631759644e-02,2.097819931805133820e-02
1.942464709281921387e-01,9.067390859127044678e-02,1.798136532306671143e-02
2.630881071090698242e-01,1.191562935709953308e-01,5.435433238744735718e-03
2.879289686679840088e-01,1.448768079280853271e-01,-6.262779235839843750e-03
2.669954597949981689e-01,1.616070717573165894e-01,-1.469612121582031250e-02
2.196905165910720825e-01,1.737378090620040894e-01,-2.407026290893554688e-02
1.704045087099075317e-01,1.850166022777557373e-01,-3.301239013671875000e-02
1.305573433637619019e-01,1.933467835187911987e-01,-3.663349151611328125e-02
1.064758077263832092e-01,1.952901333570480347e-01,-3.528213500976562500e-02
9.405710548162460327e-02,1.897663474082946777e-01,-3.082704544067382812e-02
8.690567314624786377e-02,1.753562390804290771e-01,-2.649259567260742188e-02
8.128082752227783203e-02,1.536787152290344238e-01,-2.352046966552734375e-02
7.483503967523574829e-02,1.341378986835479736e-01,-2.053642272949218750e-02
6.745674461126327515e-02,1.209108158946037292e-01,-1.718997955322265625e-02
6.256568431854248047e-02,1.082545071840286255e-01,-1.475954055786132812e-02
5.575707554817199707e-02,9.105426073074340820e-02,-1.367664337158203125e-02
4.781430959701538086e-02,7.053522020578384399e-02,-1.325893402099609375e-02
4.104332998394966125e-02,5.051347613334655762e-02,-1.260280609130859375e-02
3.885206207633018494e-02,3.659336268901824951e-02,-1.166391372680664062e-02
3.938302770256996155e-02,3.044593147933483124e-02,-1.091337203979492188e-02
3.990301117300987244e-02,3.021248430013656616e-02,-1.085042953491210938e-02
3.884142637252807617e-02,3.228951618075370789e-02,-1.165962219238281250e-02
3.608614578843116760e-02,3.374660015106201172e-02,-1.315832138061523438e-02
3.333259373903274536e-02,3.371825814247131348e-02,-1.486206054687500000e-02
3.217812255024909973e-02,3.270372375845909119e-02,-1.627445220947265625e-02
3.270691260695457458e-02,3.143432363867759705e-02,-1.713562011718750000e-02
3.430214524269104004e-02,3.033234551548957825e-02,-1.741313934326171875e-02
3.590625524520874023e-02,2.953384257853031158e-02,-1.725101470947265625e-02
3.661060705780982971e-02,2.902631834149360657e-02,-1.688957214355468750e-02
3.629771247506141663e-02,2.867608517408370972e-02,-1.655626296997070312e-02
3.541245311498641968e-02,2.838283590972423553e-02,-1.641941070556640625e-02
3.446842730045318604e-02,2.814022824168205261e-02,-1.658010482788085938e-02
3.368313238024711609e-02,2.787184156477451324e-02,-1.705312728881835938e-02
3.297628089785575867e-02,2.742218971252441406e-02,-1.778125762939453125e-02
3.219181671738624573e-02,2.668390050530433655e-02,-1.866626739501953125e-02
3.113082796335220337e-02,2.568748220801353455e-02,-1.957416534423828125e-02
2.975396625697612762e-02,2.450392395257949829e-02,-2.039241790771484375e-02
2.828187681734561920e-02,2.319604344666004181e-02,-2.105760574340820312e-02
2.698746882379055023e-02,2.189628593623638153e-02,-2.152633666992187500e-02
2.599631063640117645e-02,2.070262283086776733e-02,-2.183437347412109375e-02
2.520096674561500549e-02,1.958806999027729034e-02,-2.208185195922851562e-02
2.431729063391685486e-02,1.849876716732978821e-02,-2.234268188476562500e-02
2.318076416850090027e-02,1.745922677218914032e-02,-2.265691757202148438e-02
2.187572605907917023e-02,1.651844568550586700e-02,-2.305603027343750000e-02
2.072180993854999542e-02,1.562517881393432617e-02,-2.352333068847656250e-02
1.978349126875400543e-02,1.478756219148635864e-02,-2.403497695922851562e-02
1.869496330618858337e-02,1.407764572650194168e-02,-2.463483810424804688e-02
1.760155148804187775e-02,1.351524796336889267e-02,-2.532196044921875000e-02
1.703164353966712952e-02,1.311149727553129196e-02,-2.603435516357421875e-02
1.715902611613273621e-02,1.289701741188764572e-02,-2.670860290527343750e-02
1.773903705179691315e-02,1.285136770457029343e-02,-2.730131149291992188e-02
1.837501488626003265e-02,1.291441824287176132e-02,-2.779722213745117188e-02
