-3.115177154541015625e-03,7.012031855992972851e-04,-8.273601531982421875e-03
-8.067607879638671875e-03,1.420987187884747982e-03,-1.743936538696289062e-02
-6.480693817138671875e-03,5.950483027845621109e-04,-2.590751647949218750e-02
-1.120042800903320312e-02,1.956373453140258789e-04,-3.510999679565429688e-02
-2.560949325561523438e-02,-9.007453918457031250e-04,-4.557800292968750000e-02
-4.928350448608398438e-02,-4.636764526367187500e-03,-5.546617507934570312e-02
-7.994413375854492188e-02,-1.423835754394531250e-02,-6.320476531982421875e-02
-1.108055114746093750e-01,-2.812910079956054688e-02,-6.746101379394531250e-02
-1.333050727844238281e-01,-4.340791702270507812e-02,-6.755733489990234375e-02
-1.385521888732910156e-01,-5.771112442016601562e-02,-6.369638442993164062e-02
-1.184821128845214844e-01,-7.137775421142578125e-02,-5.636787414550781250e-02
-7.404184341430664062e-02,-8.671140670776367188e-02,-4.716205596923828125e-02
-1.868677139282226562e-02,-1.046342849731445312e-01,-3.829193115234375000e-02
2.956535108387470245e-02,-1.226568222045898438e-01,-3.105592727661132812e-02
5.875696614384651184e-02,-1.374635696411132812e-01,-2.580738067626953125e-02
6.375107169151306152e-02,-1.489949226379394531e-01,-2.329063415527343750e-02
4.555406048893928528e-02,-1.585817337036132812e-01,-2.348089218139648438e-02
1.268402207642793655e-02,-1.682467460632324219e-01,-2.570343017578125000e-02
-2.259445190429687500e-02,-1.788091659545898438e-01,-3.031921386718750000e-02
-5.348634719848632812e-02,-1.929397583007812500e-01,-3.719615936279296875e-02
-7.562303543090820312e-02,-2.106699943542480469e-01,-4.436492919921875000e-02
-8.782625198364257812e-02,-2.282619476318359375e-01,-5.091762542724609375e-02
-9.128570556640625000e-02,-2.418193817138671875e-01,-5.658864974975585938e-02
-8.711051940917968750e-02,-2.485976219177246094e-01,-6.140470504760742188e-02
-7.606506347656250000e-02,-2.484860420227050781e-01,-6.548547744750976562e-02
-5.957937240600585938e-02,-2.437558174133300781e-01,-6.895780563354492188e-02
-4.135370254516601562e-02,-2.371196746826171875e-01,-7.224130630493164062e-02
-2.640151977539062500e-02,-2.302803993225097656e-01,-7.572460174560546875e-02
-1.813936233520507812e-02,-2.240309715270996094e-01,-7.918787002563476562e-02
-1.700639724731445312e-02,-2.188243865966796875e-01,-8.204555511474609375e-02
-2.114486694335937500e-02,-2.150368690490722656e-01,-8.380842208862304688e-02
-2.754831314086914062e-02,-2.128801345825195312e-01,-8.425807952880859375e-02
-3.331232070922851562e-02,-2.122111320495605469e-01,-8.356857299804687500e-02
-3.622817993164062500e-02,-2.125387191772460938e-01,-8.219337463378906250e-02
-3.534984588623046875e-02,-2.132039070129394531e-01,-8.062362670898437500e-02
-3.093051910400390625e-02,-2.134804725646972656e-01,-7.928228378295898438e-02
-2.411937713623046875e-02,-2.126545906066894531e-01,-7.847261428833007812e-02
-1.650094985961914062e-02,-2.101974487304687500e-01,-7.834482192993164062e-02
-9.655952453613281250e-03,-2.059574127197265625e-01,-7.886791229248046875e-02
-4.705905914306640625e-03,-2.003564834594726562e-01,-7.979631423950195312e-02
-1.873016357421875000e-03,-1.943650245666503906e-01,-8.071804046630859375e-02
-6.766319274902343750e-04,-1.891942024230957031e-01,-8.121871948242187500e-02
-2.899169921875000000e-04,-1.859235763549804688e-01,-8.104038238525390625e-02
1.593672932358458638e-04,-1.851525306701660156e-01,-8.017826080322265625e-02
1.318977214395999908e-03,-1.867971420288085938e-01,-7.884550094604492188e-02
3.358213463798165321e-03,-1.901416778564453125e-01,-7.743644714355468750e-02
6.209270097315311432e-03,-1.941266059875488281e-01,-7.634401321411132812e-02
9.719412773847579956e-03,-1.978735923767089844e-01,-7.583284378051757812e-02
1.356472540646791458e-02,-2.009401321411132812e-01,-7.599973678588867188e-02
1.723387464880943298e-02,-2.032761573791503906e-01,-7.676410675048828125e-02
2.012537047266960144e-02,-2.051115036010742188e-01,-7.791137695312500000e-02
2.168855257332324982e-02,-2.068233489990234375e-01,-7.915401458740234375e-02
2.164020016789436340e-02,-2.087912559509277344e-01,-8.022022247314453125e-02
2.005588263273239136e-02,-2.112598419189453125e-01,-8.092069625854492188e-02
1.738720946013927460e-02,-2.142877578735351562e-01,-8.119583129882812500e-02
1.432221755385398865e-02,-2.177081108093261719e-01,-8.112812042236328125e-02
1.156710833311080933e-02,-2.211999893188476562e-01,-8.090400695800781250e-02
9.690644219517707825e-03,-2.243919372558593750e-01,-8.074760437011718750e-02
8.882708847522735596e-03,-2.269597053527832031e-01,-8.087110519409179688e-02
8.964698761701583862e-03,-2.286362648010253906e-01,-8.135414123535156250e-02
9.607608430087566376e-03,-2.293467521667480469e-01,-8.211565017700195312e-02
1.023505255579948425e-02,-2.292652130126953125e-01,-8.305025100708007812e-02
1.021474879235029221e-02,-2.286176681518554688e-01,-8.404016494750976562e-02
9.243679232895374298e-03,-2.276935577392578125e-01,-8.493566513061523438e-02
7.403963711112737656e-03,-2.267923355102539062e-01,-8.564901351928710938e-02
5.123110953718423843e-03,-2.260994911193847656e-01,-8.617305755615234375e-02
2.941515762358903885e-03,-2.257008552551269531e-01,-8.663415908813476562e-02
1.305109122768044472e-03,-2.254791259765625000e-01,-8.721780776977539062e-02
5.021688994020223618e-04,-2.252135276794433594e-01,-8.806657791137695312e-02
6.232106243260204792e-04,-2.246813774108886719e-01,-8.924055099487304688e-02
1.392843434587121010e-03,-2.237682342529296875e-01,-9.075641632080078125e-02
2.309299539774656296e-03,-2.223653793334960938e-01,-9.253311157226562500e-02
3.011660184711217880e-03,-2.204813957214355469e-01,-9.439134597778320312e-02
3.230721224099397659e-03,-2.182660102844238281e-01,-9.614849090576171875e-02
2.938892459496855736e-03,-2.158503532409667969e-01,-9.761667251586914062e-02
2.476843539625406265e-03,-2.133870124816894531e-01,-9.865140914916992188e-02
2.267441246658563614e-03,-2.110466957092285156e-01,-9.921884536743164062e-02
2.722759963944554329e-03,-2.088918685913085938e-01,-9.934949874877929688e-02
4.177324939519166946e-03,-2.069153785705566406e-01,-9.912157058715820312e-02
6.627512630075216293e-03,-2.050499916076660156e-01,-9.867382049560546875e-02
9.800949133932590485e-03,-2.031459808349609375e-01,-9.812688827514648438e-02
1.329678297042846680e-02,-2.010998725891113281e-01,-9.755086898803710938e-02
1.668656803667545319e-02,-1.989107131958007812e-01,-9.696769714355468750e-02
1.961882598698139191e-02,-1.966967582702636719e-01,-9.636306762695312500e-02
2.188533172011375427e-02,-1.946606636047363281e-01,-9.571599960327148438e-02
2.345955371856689453e-02,-1.930232048034667969e-01,-9.501886367797851562e-02
2.442942373454570770e-02,-1.919550895690917969e-01,-9.429264068603515625e-02
2.498323842883110046e-02,-1.915035247802734375e-01,-9.356689453125000000e-02
2.529907971620559692e-02,-1.915993690490722656e-01,-9.288597106933593750e-02
2.554217353463172913e-02,-1.920638084411621094e-01,-9.228372573852539062e-02
2.585912309587001801e-02,-1.927032470703125000e-01,-9.176826477050781250e-02
2.630422450602054596e-02,-1.933426856994628906e-01,-9.132766723632812500e-02
2.687897719442844391e-02,-1.938824653625488281e-01,-9.095954895019531250e-02
2.753709442913532257e-02,-1.943459510803222656e-01,-9.068393707275390625e-02
2.827422879636287689e-02,-1.948170661926269531e-01,-9.049701690673828125e-02
2.903267182409763336e-02,-1.954307556152343750e-01,-9.040594100952148438e-02
2.928777225315570831e-02,-1.968717575073242188e-01,-9.027624130249023438e-02
2.892456948757171631e-02,-1.988987922668457031e-01,-9.041023254394531250e-02
2.836937271058559418e-02,-2.007598876953125000e-01,-9.074211120605468750e-02
2.813200093805789948e-02,-2.019982337951660156e-01,-9.099674224853515625e-02
2.842810750007629395e-02,-2.025966644287109375e-01,-9.098482131958007812e-02
2.927433885633945465e-02,-2.029066085815429688e-01,-9.066724777221679688e-02
3.038193844258785248e-02,-2.033810615539550781e-01,-9.014797210693359375e-02
3.121989034116268158e-02,-2.042622566223144531e-01,-8.959341049194335938e-02
3.131784871220588684e-02,-2.055516242980957031e-01,-8.915138244628906250e-02
3.046999312937259674e-02,-2.070832252502441406e-01,-8.892154693603515625e-02
2.882501110434532166e-02,-2.086505889892578125e-01,-8.892869949340820312e-02
2.666269615292549133e-02,-2.101693153381347656e-01,-8.915567398071289062e-02
2.433559112250804901e-02,-2.115993499755859375e-01,-8.951807022094726562e-02
2.216137386858463287e-02,-2.129468917846679688e-01,-8.990097045898437500e-02
2.031272090971469879e-02,-2.142291069030761719e-01,-9.021425247192382812e-02
1.880924403667449951e-02,-2.154269218444824219e-01,-9.041452407836914062e-02
1.751093007624149323e-02,-2.164754867553710938e-01,-9.051227569580078125e-02
1.627672277390956879e-02,-2.172975540161132812e-01,-9.053707122802734375e-02
1.500248815864324570e-02,-2.178573608398437500e-01,-9.052133560180664062e-02
1.363682001829147339e-02,-2.181549072265625000e-01,-9.049415588378906250e-02
1.217114739120006561e-02,-2.182283401489257812e-01,-9.048986434936523438e-02
1.070964056998491287e-02,-2.180891036987304688e-01,-9.052705764770507812e-02
9.468710049986839294e-03,-2.177095413208007812e-01,-9.059906005859375000e-02
8.688144385814666748e-03,-2.170381546020507812e-01,-9.067630767822265625e-02
8.524689823389053345e-03,-2.160987854003906250e-01,-9.069442749023437500e-02
9.054900147020816803e-03,-2.149605751037597656e-01,-9.065580368041992188e-02
1.027829665690660477e-02,-2.136421203613281250e-01,-9.059047698974609375e-02
1.210138667374849319e-02,-2.121300697326660156e-01,-9.053564071655273438e-02
1.431459933519363403e-02,-2.104139328002929688e-01,-9.051942825317382812e-02
1.671938225626945496e-02,-2.085099220275878906e-01,-9.053039550781250000e-02
1.911739818751811981e-02,-2.065277099609375000e-01,-9.056997299194335938e-02
2.125813439488410950e-02,-2.046189308166503906e-01,-9.066343307495117188e-02
2.290876582264900208e-02,-2.029223442077636719e-01,-9.084033966064453125e-02
2.382312528789043427e-02,-2.015638351440429688e-01,-9.114742279052734375e-02
2.385998703539371490e-02,-2.005538940429687500e-01,-9.159183502197265625e-02
2.317412197589874268e-02,-1.998610496520996094e-01,-9.212923049926757812e-02
2.205569110810756683e-02,-1.994514465332031250e-01,-9.271860122680664062e-02
2.088496275246143341e-02,-1.992282867431640625e-01,-9.328889846801757812e-02
2.007734961807727814e-02,-1.990947723388671875e-01,-9.377050399780273438e-02
1.992887631058692932e-02,-1.989789009094238281e-01,-9.416866302490234375e-02
2.055958099663257599e-02,-1.988306045532226562e-01,-9.453868865966796875e-02
2.192974649369716644e-02,-1.986289024353027344e-01,-9.492778778076171875e-02
2.375488542020320892e-02,-1.984891891479492188e-01,-9.531259536743164062e-02
2.508431486785411835e-02,-1.991457939147949219e-01,-9.568834304809570312e-02
2.594597451388835907e-02,-1.997165679931640625e-01,-9.647178649902343750e-02
2.673728577792644501e-02,-1.997132301330566406e-01,-9.732007980346679688e-02
2.770094387233257294e-02,-1.989140510559082031e-01,-9.784793853759765625e-02
2.877696603536605835e-02,-1.976904869079589844e-01,-9.791755676269531250e-02
2.984115481376647949e-02,-1.967077255249023438e-01,-9.756231307983398438e-02
3.074083477258682251e-02,-1.965060234069824219e-01,-9.691572189331054688e-02
3.128309920430183411e-02,-1.972136497497558594e-01,-9.615755081176757812e-02
3.130573406815528870e-02,-1.986021995544433594e-01,-9.547472000122070312e-02
3.078959882259368896e-02,-2.003026008605957031e-01,-9.500694274902343750e-02
2.988215535879135132e-02,-2.019796371459960938e-01,-9.481382369995117188e-02
2.887059934437274933e-02,-2.034597396850585938e-01,-9.484291076660156250e-02
2.792563103139400482e-02,-2.047891616821289062e-01,-9.501361846923828125e-02
2.702551148831844330e-02,-2.060599327087402344e-01,-9.520864486694335938e-02
2.610049024224281311e-02,-2.073359489440917969e-01,-9.529972076416015625e-02
2.499765157699584961e-02,-2.086715698242187500e-01,-9.521770477294921875e-02
2.357510663568973541e-02,-2.100739479064941406e-01,-9.495544433593750000e-02
2.181455120444297791e-02,-2.115030288696289062e-01,-9.454441070556640625e-02
1.980430074036121368e-02,-2.128872871398925781e-01,-9.403753280639648438e-02
1.773060299456119537e-02,-2.141566276550292969e-01,-9.350395202636718750e-02
1.580382138490676880e-02,-2.152328491210937500e-01,-9.301519393920898438e-02
1.424742676317691803e-02,-2.160196304321289062e-01,-9.262847900390625000e-02
1.326340250670909882e-02,-2.163891792297363281e-01,-9.235858917236328125e-02
1.294009760022163391e-02,-2.162704467773437500e-01,-9.215021133422851562e-02
1.318000629544258118e-02,-2.157554626464843750e-01,-9.193468093872070312e-02
1.384458504617214203e-02,-2.149567604064941406e-01,-9.167480468750000000e-02
1.488225813955068588e-02,-2.139511108398437500e-01,-9.134292602539062500e-02
1.620071567595005035e-02,-2.128033638000488281e-01,-9.096193313598632812e-02
1.765759848058223724e-02,-2.115292549133300781e-01,-9.057712554931640625e-02
1.912277191877365112e-02,-2.101483345031738281e-01,-9.024810791015625000e-02
2.048515155911445618e-02,-2.087244987487792969e-01,-9.003305435180664062e-02
2.165539748966693878e-02,-2.073636054992675781e-01,-8.998060226440429688e-02
2.253161370754241943e-02,-2.061724662780761719e-01,-9.013366699218750000e-02
2.299534529447555542e-02,-2.052040100097656250e-01,-9.051609039306640625e-02
2.299855835735797882e-02,-2.044477462768554688e-01,-9.111261367797851562e-02
2.252806350588798523e-02,-2.038893699645996094e-01,-9.191179275512695312e-02
2.164276689291000366e-02,-2.034473419189453125e-01,-9.284210205078125000e-02
2.064328826963901520e-02,-2.030582427978515625e-01,-9.377527236938476562e-02
1.982460916042327881e-02,-2.027034759521484375e-01,-9.465885162353515625e-02
1.940946280956268311e-02,-2.023496627807617188e-01,-9.549760818481445312e-02
1.958983018994331360e-02,-2.019987106323242188e-01,-9.629869461059570312e-02
2.040407620370388031e-02,-2.016563415527343750e-01,-9.707593917846679688e-02
2.144253067672252655e-02,-2.017621994018554688e-01,-9.773588180541992188e-02
2.218749746680259705e-02,-2.023901939392089844e-01,-9.850072860717773438e-02
2.283138968050479889e-02,-2.026562690734863281e-01,-9.947204589843750000e-02
2.374209463596343994e-02,-2.020916938781738281e-01,-1.003217697143554688e-01
2.506093680858612061e-02,-2.006831169128417969e-01,-1.007742881774902344e-01
2.664433792233467102e-02,-1.989169120788574219e-01,-1.007690429687500000e-01
2.825215831398963928e-02,-1.974406242370605469e-01,-1.003837585449218750e-01
2.960693463683128357e-02,-1.967191696166992188e-01,-9.977531433105468750e-02
3.044188953936100006e-02,-1.968674659729003906e-01,-9.912395477294921875e-02
3.064154088497161865e-02,-1.977047920227050781e-01,-9.858369827270507812e-02
3.024839609861373901e-02,-1.989107131958007812e-01,-9.825944900512695312e-02
2.942513301968574524e-02,-2.002072334289550781e-01,-9.817647933959960938e-02
2.842929773032665253e-02,-2.014746665954589844e-01,-9.827852249145507812e-02
2.747365832328796387e-02,-2.027177810668945312e-01,-9.846448898315429688e-02
2.659314870834350586e-02,-2.039933204650878906e-01,-9.862756729125976562e-02
2.566762827336788177e-02,-2.053375244140625000e-01,-9.868621826171875000e-02
2.452225238084793091e-02,-2.067313194274902344e-01,-9.860181808471679688e-02
2.303658425807952881e-02,-2.081408500671386719e-01,-9.836912155151367188e-02
2.123559452593326569e-02,-2.095303535461425781e-01,-9.800481796264648438e-02
1.926663517951965332e-02,-2.108516693115234375e-01,-9.754133224487304688e-02
1.732865162193775177e-02,-2.120642662048339844e-01,-9.703207015991210938e-02
1.562853716313838959e-02,-2.131123542785644531e-01,-9.653759002685546875e-02
1.436988729983568192e-02,-2.138819694519042969e-01,-9.609794616699218750e-02
1.371970493346452713e-02,-2.142391204833984375e-01,-9.571218490600585938e-02
1.368627604097127914e-02,-2.141609191894531250e-01,-9.530115127563476562e-02
1.419890858232975006e-02,-2.137308120727539062e-01,-9.481334686279296875e-02
1.514692604541778564e-02,-2.130632400512695312e-01,-9.424257278442382812e-02
1.641953736543655396e-02,-2.122392654418945312e-01,-9.360504150390625000e-02
1.790097728371620178e-02,-2.112874984741210938e-01,-9.293031692504882812e-02
1.946498453617095947e-02,-2.102394104003906250e-01,-9.227561950683593750e-02
2.099016495048999786e-02,-2.091460227966308594e-01,-9.171104431152343750e-02
2.236595563590526581e-02,-2.080750465393066406e-01,-9.131669998168945312e-02
2.346620894968509674e-02,-2.071089744567871094e-01,-9.115886688232421875e-02
2.414145506918430328e-02,-2.063088417053222656e-01,-9.128093719482421875e-02
2.427642419934272766e-02,-2.057018280029296875e-01,-9.169530868530273438e-02
2.382567711174488068e-02,-2.052755355834960938e-01,-9.238862991333007812e-02
2.286589704453945160e-02,-2.049684524536132812e-01,-9.330368041992187500e-02
2.159011177718639374e-02,-2.047104835510253906e-01,-9.433031082153320312e-02
2.033404447138309479e-02,-2.044620513916015625e-01,-9.534788131713867188e-02
1.941099390387535095e-02,-2.042570114135742188e-01,-9.632158279418945312e-02
1.902652718126773834e-02,-2.040915489196777344e-01,-9.726667404174804688e-02
1.929482445120811462e-02,-2.039241790771484375e-01,-9.819412231445312500e-02
2.017512358725070953e-02,-2.036957740783691406e-01,-9.911680221557617188e-02
2.088768593966960907e-02,-2.041711807250976562e-01,-9.986352920532226562e-02
2.138321846723556519e-02,-2.046856880187988281e-01,-1.008429527282714844e-01
2.187152951955795288e-02,-2.045431137084960938e-01,-1.018629074096679688e-01
2.269473299384117126e-02,-2.033991813659667969e-01,-1.026067733764648438e-01
2.397489733994007111e-02,-2.015185356140136719e-01,-1.028852462768554688e-01
2.557773143053054810e-02,-1.995615959167480469e-01,-1.027197837829589844e-01
2.724611572921276093e-02,-1.981487274169921875e-01,-1.022400856018066406e-01
2.864864468574523926e-02,-1.975970268249511719e-01,-1.016268730163574219e-01
2.953191846609115601e-02,-1.978688240051269531e-01,-1.010618209838867188e-01
2.976371534168720245e-02,-1.986823081970214844e-01,-1.006932258605957031e-01
2.936802431941032410e-02,-1.997103691101074219e-01,-1.005945205688476562e-01
2.855452336370944977e-02,-2.007584571838378906e-01,-1.007380485534667969e-01
2.758627943694591522e-02,-2.017989158630371094e-01,-1.010317802429199219e-01
2.668923698365688324e-02,-2.028555870056152344e-01,-1.013326644897460938e-01
2.585506998002529144e-02,-2.040295600891113281e-01,-1.015477180480957031e-01
2.493630908429622650e-02,-2.053403854370117188e-01,-1.016240119934082031e-01
2.375394478440284729e-02,-2.067255973815917969e-01,-1.015467643737792969e-01
2.224283665418624878e-02,-2.081160545349121094e-01,-1.013283729553222656e-01
2.046699263155460358e-02,-2.094416618347167969e-01,-1.009945869445800781e-01
1.859157532453536987e-02,-2.106504440307617188e-01,-1.005859375000000000e-01
1.681881956756114960e-02,-2.117004394531250000e-01,-1.001501083374023438e-01
1.535942126065492630e-02,-2.125244140625000000e-01,-9.972763061523437500e-02
1.441325992345809937e-02,-2.130174636840820312e-01,-9.933090209960937500e-02
1.410580053925514221e-02,-2.130985260009765625e-01,-9.891939163208007812e-02
1.442553754895925522e-02,-2.128186225891113281e-01,-9.841680526733398438e-02
1.528796926140785217e-02,-2.122788429260253906e-01,-9.780788421630859375e-02
1.655258610844612122e-02,-2.115564346313476562e-01,-9.711217880249023438e-02
1.806139945983886719e-02,-2.106957435607910156e-01,-9.636402130126953125e-02
1.966731622815132141e-02,-2.097263336181640625e-01,-9.560251235961914062e-02
2.125727199018001556e-02,-2.086901664733886719e-01,-9.487962722778320312e-02
2.272005937993526459e-02,-2.076601982116699219e-01,-9.427595138549804688e-02
2.394631132483482361e-02,-2.067203521728515625e-01,-9.387016296386718750e-02
2.480147033929824829e-02,-2.059454917907714844e-01,-9.372997283935546875e-02
2.521314285695552826e-02,-2.053442001342773438e-01,-9.387350082397460938e-02
2.515426650643348694e-02,-2.049207687377929688e-01,-9.429407119750976562e-02
2.459924109280109406e-02,-2.046427726745605469e-01,-9.498214721679687500e-02
2.363030798733234406e-02,-2.044596672058105469e-01,-9.586477279663085938e-02
2.244638651609420776e-02,-2.043323516845703125e-01,-9.683322906494140625e-02
2.132579125463962555e-02,-2.042407989501953125e-01,-9.781074523925781250e-02
2.053686231374740601e-02,-2.041611671447753906e-01,-9.877490997314453125e-02
2.027886547148227692e-02,-2.040719985961914062e-01,-9.972524642944335938e-02
2.063201367855072021e-02,-2.039585113525390625e-01,-1.006650924682617188e-01
2.133012004196643829e-02,-2.041153907775878906e-01,-1.014952659606933594e-01
2.175998874008655548e-02,-2.048277854919433594e-01,-1.023826599121093750e-01
2.205240912735462189e-02,-2.051811218261718750e-01,-1.035137176513671875e-01
2.268173918128013611e-02,-2.046794891357421875e-01,-1.045331954956054688e-01
2.385341748595237732e-02,-2.032361030578613281e-01,-1.051335334777832031e-01
2.544442005455493927e-02,-2.012958526611328125e-01,-1.052417755126953125e-01
2.717335708439350128e-02,-1.995415687561035156e-01,-1.049547195434570312e-01
2.864809148013591766e-02,-1.984786987304687500e-01,-1.044497489929199219e-01
2.958030998706817627e-02,-1.982750892639160156e-01,-1.039052009582519531e-01
2.981729246675968170e-02,-1.987705230712890625e-01,-1.034798622131347656e-01
2.936976030468940735e-02,-1.996788978576660156e-01,-1.032814979553222656e-01
2.844444289803504944e-02,-2.007360458374023438e-01,-1.033263206481933594e-01
2.738266810774803162e-02,-2.018098831176757812e-01,-1.035480499267578125e-01
2.645584195852279663e-02,-2.028956413269042969e-01,-1.038494110107421875e-01
2.570040337741374969e-02,-2.040295600891113281e-01,-1.041374206542968750e-01
2.503342740237712860e-02,-2.051968574523925781e-01,-1.043105125427246094e-01
2.421965263783931732e-02,-2.064113616943359375e-01,-1.043400764465332031e-01
2.303020097315311432e-02,-2.076392173767089844e-01,-1.042270660400390625e-01
2.142656594514846802e-02,-2.088260650634765625e-01,-1.039767265319824219e-01
1.951161026954650879e-02,-2.099528312683105469e-01,-1.036143302917480469e-01
1.749365404248237610e-02,-2.109961509704589844e-01,-1.031761169433593750e-01
1.563009060919284821e-02,-2.119121551513671875e-01,-1.027083396911621094e-01
1.419294346123933792e-02,-2.126083374023437500e-01,-1.022505760192871094e-01
1.341537293046712875e-02,-2.129507064819335938e-01,-1.018123626708984375e-01
1.337597146630287170e-02,-2.128829956054687500e-01,-1.013393402099609375e-01
1.402103900909423828e-02,-2.124648094177246094e-01,-1.007838249206542969e-01
1.522758044302463531e-02,-2.117967605590820312e-01,-1.001410484313964844e-01
1.690959744155406952e-02,-2.109303474426269531e-01,-9.940576553344726562e-02
1.887728832662105560e-02,-2.099332809448242188e-01,-9.861993789672851562e-02
2.086630463600158691e-02,-2.088470458984375000e-01,-9.784603118896484375e-02
2.272741310298442841e-02,-2.077193260192871094e-01,-9.713697433471679688e-02
2.429843880236148834e-02,-2.066669464111328125e-01,-9.658288955688476562e-02
2.537317201495170593e-02,-2.057733535766601562e-01,-9.627866744995117188e-02
2.589130215346813202e-02,-2.050714492797851562e-01,-9.625196456909179688e-02
2.582596428692340851e-02,-2.046074867248535156e-01,-9.652853012084960938e-02
2.512512914836406708e-02,-2.043533325195312500e-01,-9.711885452270507812e-02
2.388958260416984558e-02,-2.042469978332519531e-01,-9.796810150146484375e-02
2.236568182706832886e-02,-2.042279243469238281e-01,-9.896039962768554688e-02
2.089398726820945740e-02,-2.042479515075683594e-01,-9.997749328613281250e-02
1.979134976863861084e-02,-2.042560577392578125e-01,-1.009583473205566406e-01
1.928839646279811859e-02,-2.042193412780761719e-01,-1.018924713134765625e-01
1.948518492281436920e-02,-2.041234970092773438e-01,-1.027832031250000000e-01
2.034017629921436310e-02,-2.039508819580078125e-01,-1.036400794982910156e-01
2.113498933613300323e-02,-2.044167518615722656e-01,-1.043233871459960938e-01
2.163429930806159973e-02,-2.050247192382812500e-01,-1.052241325378417969e-01
2.204117365181446075e-02,-2.050185203552246094e-01,-1.062130928039550781e-01
2.275661937892436981e-02,-2.040405273437500000e-01,-1.069583892822265625e-01
2.395763993263244629e-02,-2.023038864135742188e-01,-1.072449684143066406e-01
2.554326318204402924e-02,-2.004337310791015625e-01,-1.070833206176757812e-01
2.724556066095829010e-02,-1.990714073181152344e-01,-1.066122055053710938e-01
2.870384231209754944e-02,-1.985440254211425781e-01,-1.060214042663574219e-01
2.958594635128974915e-02,-1.988239288330078125e-01,-1.055011749267578125e-01
2.972889691591262817e-02,-1.996307373046875000e-01,-1.051969528198242188e-01
2.924105897545814514e-02,-2.006483078002929688e-01,-1.051588058471679688e-01
2.835121378302574158e-02,-2.017083168029785156e-01,-1.053709983825683594e-01
2.730548381805419922e-02,-2.027559280395507812e-01,-1.057505607604980469e-01
2.627477608621120453e-02,-2.038307189941406250e-01,-1.061658859252929688e-01
2.526214160025119781e-02,-2.049875259399414062e-01,-1.065058708190917969e-01
2.421661466360092163e-02,-2.062010765075683594e-01,-1.066722869873046875e-01
2.299889177083969116e-02,-2.074699401855468750e-01,-1.066517829895019531e-01
2.151068300008773804e-02,-2.087488174438476562e-01,-1.064682006835937500e-01
1.980452612042427063e-02,-2.099666595458984375e-01,-1.061468124389648438e-01
1.799237355589866638e-02,-2.110676765441894531e-01,-1.057314872741699219e-01
1.624806225299835205e-02,-2.120060920715332031e-01,-1.052761077880859375e-01
1.477447710931301117e-02,-2.127318382263183594e-01,-1.048259735107421875e-01
1.377778779715299606e-02,-2.131404876708984375e-01,-1.044001579284667969e-01
1.341240853071212769e-02,-2.131404876708984375e-01,-1.039805412292480469e-01
1.367803663015365601e-02,-2.127776145935058594e-01,-1.034865379333496094e-01
1.449981890618801117e-02,-2.121610641479492188e-01,-1.028861999511718750e-01
1.584795676171779633e-02,-2.113723754882812500e-01,-1.021690368652343750e-01
1.761136949062347412e-02,-2.105035781860351562e-01,-1.013846397399902344e-01
1.958173885941505432e-02,-2.095575332641601562e-01,-1.006026268005371094e-01
2.160873264074325562e-02,-2.085275650024414062e-01,-9.987974166870117188e-02
2.348305284976959229e-02,-2.074532508850097656e-01,-9.930610656738281250e-02
2.499637380242347717e-02,-2.063813209533691406e-01,-9.894990921020507812e-02
2.597288601100444794e-02,-2.054324150085449219e-01,-9.886360168457031250e-02
2.623646333813667297e-02,-2.046914100646972656e-01,-9.908437728881835938e-02
2.573024667799472809e-02,-2.041997909545898438e-01,-9.960174560546875000e-02
2.453685924410820007e-02,-2.039475440979003906e-01,-1.003756523132324219e-01
2.290166355669498444e-02,-2.038850784301757812e-01,-1.013159751892089844e-01
2.119921892881393433e-02,-2.039422988891601562e-01,-1.022992134094238281e-01
1.980386301875114441e-02,-2.040314674377441406e-01,-1.032404899597167969e-01
1.901825517416000366e-02,-2.040777206420898438e-01,-1.041135787963867188e-01
1.900562830269336700e-02,-2.040271759033203125e-01,-1.049275398254394531e-01
1.975117996335029602e-02,-2.038431167602539062e-01,-1.057081222534179688e-01
2.095306664705276489e-02,-2.037296295166015625e-01,-1.064105033874511719e-01
2.180957049131393433e-02,-2.042474746704101562e-01,-1.070933341979980469e-01
2.246786281466484070e-02,-2.044806480407714844e-01,-1.080532073974609375e-01
2.332799695432186127e-02,-2.039866447448730469e-01,-1.089687347412109375e-01
2.459345757961273193e-02,-2.026209831237792969e-01,-1.095108985900878906e-01
2.618006244301795959e-02,-2.007889747619628906e-01,-1.095800399780273438e-01
2.784775383770465851e-02,-1.991734504699707031e-01,-1.092662811279296875e-01
2.924573421478271484e-02,-1.982917785644531250e-01,-1.087503433227539062e-01
3.004566766321659088e-02,-1.982979774475097656e-01,-1.082282066345214844e-01
3.008762933313846588e-02,-1.990003585815429688e-01,-1.078548431396484375e-01
2.948965691030025482e-02,-2.000737190246582031e-01,-1.077117919921875000e-01
2.850363403558731079e-02,-2.012729644775390625e-01,-1.078310012817382812e-01
2.741196565330028534e-02,-2.024445533752441406e-01,-1.081609725952148438e-01
2.647317573428153992e-02,-2.035641670227050781e-01,-1.085896492004394531e-01
2.572060748934745789e-02,-2.046766281127929688e-01,-1.090040206909179688e-01
2.506615780293941498e-02,-2.057728767395019531e-01,-1.092896461486816406e-01
2.424994111061096191e-02,-2.069001197814941406e-01,-1.093969345092773438e-01
2.303368784487247467e-02,-2.080330848693847656e-01,-1.093173027038574219e-01
2.137381769716739655e-02,-2.091417312622070312e-01,-1.090502738952636719e-01
1.939129643142223358e-02,-2.102198600769042969e-01,-1.086249351501464844e-01
1.731735467910766602e-02,-2.112445831298828125e-01,-1.080884933471679688e-01
1.542184781283140182e-02,-2.121682167053222656e-01,-1.075077056884765625e-01
1.397459954023361206e-02,-2.129015922546386719e-01,-1.069474220275878906e-01
1.320345606654882431e-02,-2.133064270019531250e-01,-1.064414978027343750e-01
1.320052240043878555e-02,-2.132830619812011719e-01,-1.059670448303222656e-01
1.389440335333347321e-02,-2.128682136535644531e-01,-1.054615974426269531e-01
1.512808632105588913e-02,-2.121624946594238281e-01,-1.048994064331054688e-01
1.679491065442562103e-02,-2.112488746643066406e-01,-1.042532920837402344e-01
1.871118694543838501e-02,-2.102270126342773438e-01,-1.035561561584472656e-01
2.062530070543289185e-02,-2.091426849365234375e-01,-1.028656959533691406e-01
2.233545482158660889e-02,-2.080373764038085938e-01,-1.022434234619140625e-01
2.369117736816406250e-02,-2.069897651672363281e-01,-1.017665863037109375e-01
2.461310476064682007e-02,-2.060666084289550781e-01,-1.014966964721679688e-01
2.508349530398845673e-02,-2.053365707397460938e-01,-1.014795303344726562e-01
2.508140355348587036e-02,-2.048254013061523438e-01,-1.017446517944335938e-01
2.459416538476943970e-02,-2.045125961303710938e-01,-1.022915840148925781e-01
2.367350272834300995e-02,-2.043371200561523438e-01,-1.030807495117187500e-01
2.248240076005458832e-02,-2.042303085327148438e-01,-1.040124893188476562e-01
2.126704528927803040e-02,-2.041311264038085938e-01,-1.049685478210449219e-01
2.029329724609851837e-02,-2.040028572082519531e-01,-1.058769226074218750e-01
1.978892274200916290e-02,-2.038402557373046875e-01,-1.067199707031250000e-01
1.989178545773029327e-02,-2.036485671997070312e-01,-1.075100898742675781e-01
2.060532756149768829e-02,-2.034201622009277344e-01,-1.082715988159179688e-01
2.141460776329040527e-02,-2.036652565002441406e-01,-1.088886260986328125e-01
2.190870977938175201e-02,-2.043051719665527344e-01,-1.096529960632324219e-01
2.230290137231349945e-02,-2.045030593872070312e-01,-1.105914115905761719e-01
2.302383445203304291e-02,-2.038297653198242188e-01,-1.113767623901367188e-01
2.426652796566486359e-02,-2.023520469665527344e-01,-1.117625236511230469e-01
2.589364536106586456e-02,-2.005829811096191406e-01,-1.117172241210937500e-01
2.766723185777664185e-02,-1.991553306579589844e-01,-1.113381385803222656e-01
2.921106293797492981e-02,-1.984992027282714844e-01,-1.108121871948242188e-01
3.013019822537899017e-02,-1.986527442932128906e-01,-1.103324890136718750e-01
3.022839315235614777e-02,-1.993880271911621094e-01,-1.100411415100097656e-01
2.956471033394336700e-02,-2.004199028015136719e-01,-1.100025177001953125e-01
2.839627675712108612e-02,-2.015428543090820312e-01,-1.101989746093750000e-01
2.713781036436557770e-02,-2.026476860046386719e-01,-1.105256080627441406e-01
2.604505792260169983e-02,-2.037820816040039062e-01,-1.108794212341308594e-01
2.514199167490005493e-02,-2.049908638000488281e-01,-1.111688613891601562e-01
2.429625019431114197e-02,-2.062540054321289062e-01,-1.113271713256835938e-01
2.327928133308887482e-02,-2.075238227844238281e-01,-1.113281250000000000e-01
2.202234789729118347e-02,-2.087163925170898438e-01,-1.111564636230468750e-01
2.058097720146179199e-02,-2.098183631896972656e-01,-1.108260154724121094e-01
1.906728744506835938e-02,-2.108349800109863281e-01,-1.103816032409667969e-01
1.761558093130588531e-02,-2.117424011230468750e-01,-1.098785400390625000e-01
1.636330597102642059e-02,-2.124967575073242188e-01,-1.093802452087402344e-01
1.545784622430801392e-02,-2.130060195922851562e-01,-1.089305877685546875e-01
1.504236739128828049e-02,-2.131462097167968750e-01,-1.085281372070312500e-01
1.515791844576597214e-02,-2.129054069519042969e-01,-1.081042289733886719e-01
3.543056373018771410e-04,7.026110542938113213e-04,3.677019383758306503e-03
7.268990390002727509e-03,2.576892264187335968e-03,6.371281109750270844e-03
5.737027153372764587e-03,6.020912434905767441e-03,6.051257252693176270e-03
-5.140304565429687500e-04,-4.601478576660156250e-04,7.972649298608303070e-03
-3.522872924804687500e-03,-1.960754394531250000e-02,1.563660614192485809e-02
-1.840019226074218750e-02,-4.122161865234375000e-02,2.186954952776432037e-02
-5.311870574951171875e-02,-5.537319183349609375e-02,2.214954234659671783e-02
-9.429216384887695312e-02,-6.383895874023437500e-02,1.838533766567707062e-02
-1.215658187866210938e-01,-7.113218307495117188e-02,1.570594310760498047e-02
-1.212162971496582031e-01,-8.012914657592773438e-02,1.699298620223999023e-02
-8.990669250488281250e-02,-9.178447723388671875e-02,2.178263664245605469e-02
-3.602457046508789062e-02,-1.048016548156738281e-01,2.786327339708805084e-02
2.555882185697555542e-02,-1.173377037048339844e-01,3.329752758145332336e-02
8.203117549419403076e-02,-1.292920112609863281e-01,3.755945339798927307e-02
1.234996989369392395e-01,-1.416835784912109375e-01,4.133488610386848450e-02
1.413742005825042725e-01,-1.541471481323242188e-01,4.538838937878608704e-02
1.324501931667327881e-01,-1.659574508666992188e-01,5.006310343742370605e-02
1.025960892438888550e-01,-1.772580146789550781e-01,5.653977394104003906e-02
6.278952956199645996e-02,-1.883349418640136719e-01,6.714291870594024658e-02
2.394110336899757385e-02,-2.006702423095703125e-01,8.187605440616607666e-02
-6.309032440185546875e-03,-2.138671875000000000e-01,9.743356704711914062e-02
-2.434778213500976562e-02,-2.251029014587402344e-01,1.106517314910888672e-01
-2.934551239013671875e-02,-2.324566841125488281e-01,1.206762269139289856e-01
-2.264785766601562500e-02,-2.360396385192871094e-01,1.282895803451538086e-01
-7.878303527832031250e-03,-2.364964485168457031e-01,1.342425048351287842e-01
9.951313026249408722e-03,-2.341117858886718750e-01,1.390352100133895874e-01
2.593042142689228058e-02,-2.290010452270507812e-01,1.431186199188232422e-01
3.626926243305206299e-02,-2.218103408813476562e-01,1.471110135316848755e-01
3.902570530772209167e-02,-2.139520645141601562e-01,1.517764478921890259e-01
3.431409224867820740e-02,-2.071366310119628906e-01,1.577862352132797241e-01
2.402884885668754578e-02,-2.026553153991699219e-01,1.655169278383255005e-01
1.121014077216386795e-02,-2.009243965148925781e-01,1.750240325927734375e-01
-9.236335754394531250e-04,-2.014579772949218750e-01,1.860370039939880371e-01
-9.617328643798828125e-03,-2.032890319824218750e-01,1.980909407138824463e-01
-1.314163208007812500e-02,-2.052974700927734375e-01,2.106025665998458862e-01
-1.123857498168945312e-02,-2.064776420593261719e-01,2.228185683488845825e-01
-5.311012268066406250e-03,-2.060699462890625000e-01,2.340416312217712402e-01
1.862859120592474937e-03,-2.036132812500000000e-01,2.438514977693557739e-01
7.488159928470849991e-03,-1.991577148437500000e-01,2.521789073944091797e-01
9.711635299026966095e-03,-1.933593750000000000e-01,2.592484056949615479e-01
7.966983132064342499e-03,-1.873707771301269531e-01,2.654990553855895996e-01
2.938409801572561264e-03,-1.824936866760253906e-01,2.714133858680725098e-01
-3.870487213134765625e-03,-1.797413825988769531e-01,2.773679196834564209e-01
-1.082563400268554688e-02,-1.794762611389160156e-01,2.835451662540435791e-01
-1.667404174804687500e-02,-1.813378334045410156e-01,2.899076640605926514e-01
-2.059745788574218750e-02,-1.844477653503417969e-01,2.961657941341400146e-01
-2.214336395263671875e-02,-1.878247261047363281e-01,3.018447160720825195e-01
-2.136707305908203125e-02,-1.907081604003906250e-01,3.064764440059661865e-01
-1.899290084838867188e-02,-1.927371025085449219e-01,3.098736107349395752e-01
-1.616191864013671875e-02,-1.939697265625000000e-01,3.122096955776214600e-01
-1.403903961181640625e-02,-1.947178840637207031e-01,3.138183951377868652e-01
-1.348495483398437500e-02,-1.954417228698730469e-01,3.150762915611267090e-01
-1.480388641357421875e-02,-1.966319084167480469e-01,3.163052797317504883e-01
-1.779508590698242188e-02,-1.986336708068847656e-01,3.176406025886535645e-01
-2.185964584350585938e-02,-2.015814781188964844e-01,3.190020620822906494e-01
-2.618503570556640625e-02,-2.053651809692382812e-01,3.201362490653991699e-01
-2.999734878540039062e-02,-2.096786499023437500e-01,3.206859529018402100e-01
-3.275966644287109375e-02,-2.141842842102050781e-01,3.203616440296173096e-01
-3.415536880493164062e-02,-2.187080383300781250e-01,3.190723061561584473e-01
-3.422832489013671875e-02,-2.231407165527343750e-01,3.168545961380004883e-01
-3.345537185668945312e-02,-2.274365425109863281e-01,3.139035403728485107e-01
-3.256511688232421875e-02,-2.315640449523925781e-01,3.104707002639770508e-01
-3.245687484741210938e-02,-2.354359626770019531e-01,3.067561089992523193e-01
-3.399038314819335938e-02,-2.390298843383789062e-01,3.029284477233886719e-01
-3.762626647949218750e-02,-2.424125671386718750e-01,2.990772128105163574e-01
-4.324436187744140625e-02,-2.456898689270019531e-01,2.952148914337158203e-01
-5.010604858398437500e-02,-2.489900588989257812e-01,2.913073301315307617e-01
-5.700588226318359375e-02,-2.524075508117675781e-01,2.872720658779144287e-01
-6.267833709716796875e-02,-2.559247016906738281e-01,2.829696536064147949e-01
-6.619548797607421875e-02,-2.592959403991699219e-01,2.782600224018096924e-01
-6.728029251098632812e-02,-2.621326446533203125e-01,2.730398774147033691e-01
-6.631374359130859375e-02,-2.640447616577148438e-01,2.672822177410125732e-01
-6.424808502197265625e-02,-2.647380828857421875e-01,2.611200809478759766e-01
-6.221580505371093750e-02,-2.641634941101074219e-01,2.548210620880126953e-01
-6.109142303466796875e-02,-2.624793052673339844e-01,2.486821711063385010e-01
-6.121826171875000000e-02,-2.600092887878417969e-01,2.429385930299758911e-01
-6.233167648315429688e-02,-2.571005821228027344e-01,2.377444505691528320e-01
-6.362581253051757812e-02,-2.540249824523925781e-01,2.331671267747879028e-01
-6.410932540893554688e-02,-2.509441375732421875e-01,2.291727364063262939e-01
-6.288576126098632812e-02,-2.478728294372558594e-01,2.256486862897872925e-01
-5.946826934814453125e-02,-2.446498870849609375e-01,2.224513739347457886e-01
-5.393886566162109375e-02,-2.410683631896972656e-01,2.194763869047164917e-01
-4.691696166992187500e-02,-2.369899749755859375e-01,2.166904956102371216e-01
-3.943109512329101562e-02,-2.323493957519531250e-01,2.141193747520446777e-01
-3.259325027465820312e-02,-2.272324562072753906e-01,2.118634581565856934e-01
-2.719497680664062500e-02,-2.219185829162597656e-01,2.100680023431777954e-01
-2.347326278686523438e-02,-2.168102264404296875e-01,2.088553011417388916e-01
-2.108383178710937500e-02,-2.123742103576660156e-01,2.082918286323547363e-01
-1.929664611816406250e-02,-2.089834213256835938e-01,2.083679139614105225e-01
-1.735782623291015625e-02,-2.067198753356933594e-01,2.089867144823074341e-01
-1.475477218627929688e-02,-2.053647041320800781e-01,2.099811583757400513e-01
-1.161527633666992188e-02,-2.049713134765625000e-01,2.112684994935989380e-01
-8.305549621582031250e-03,-2.051444053649902344e-01,2.124064564704895020e-01
-4.931926727294921875e-03,-2.048172950744628906e-01,2.130494564771652222e-01
-1.698017120361328125e-03,-2.033414840698242188e-01,2.132681012153625488e-01
1.214884454384446144e-03,-2.006325721740722656e-01,2.132991254329681396e-01
3.724223235622048378e-03,-1.972622871398925781e-01,2.134134769439697266e-01
5.901044234633445740e-03,-1.940793991088867188e-01,2.138783484697341919e-01
7.732156664133071899e-03,-1.917872428894042969e-01,2.148956060409545898e-01
9.091909974813461304e-03,-1.908288002014160156e-01,2.165082991123199463e-01
9.829089976847171783e-03,-1.912975311279296875e-01,2.185739129781723022e-01
9.751511737704277039e-03,-1.928763389587402344e-01,2.208350896835327148e-01
8.821084164083003998e-03,-1.949849128723144531e-01,2.230153083801269531e-01
7.359265349805355072e-03,-1.970558166503906250e-01,2.249261438846588135e-01
5.910472013056278229e-03,-1.987104415893554688e-01,2.264929413795471191e-01
4.904308822005987167e-03,-1.998982429504394531e-01,2.277299165725708008e-01
4.602097906172275543e-03,-2.008371353149414062e-01,2.287324219942092896e-01
5.001985002309083939e-03,-2.018461227416992188e-01,2.296448945999145508e-01
5.796418990939855576e-03,-2.031989097595214844e-01,2.305894047021865845e-01
6.487139035016298294e-03,-2.050375938415527344e-01,2.316195964813232422e-01
6.555322557687759399e-03,-2.073526382446289062e-01,2.327295690774917603e-01
5.651784129440784454e-03,-2.100391387939453125e-01,2.338746786117553711e-01
3.631188301369547844e-03,-2.129402160644531250e-01,2.349911928176879883e-01
5.678787128999829292e-04,-2.159104347229003906e-01,2.360177934169769287e-01
-3.268718719482421875e-03,-2.188405990600585938e-01,2.369056940078735352e-01
-7.475852966308593750e-03,-2.216114997863769531e-01,2.376362383365631104e-01
-1.157045364379882812e-02,-2.241387367248535156e-01,2.382513433694839478e-01
-1.524162292480468750e-02,-2.264604568481445312e-01,2.388514429330825806e-01
-1.833868026733398438e-02,-2.285742759704589844e-01,2.394129633903503418e-01
-2.072095870971679688e-02,-2.303738594055175781e-01,2.398674637079238892e-01
-2.235126495361328125e-02,-2.317214012145996094e-01,2.401613146066665649e-01
-2.333974838256835938e-02,-2.324881553649902344e-01,2.402801960706710815e-01
-2.377605438232421875e-02,-2.326550483703613281e-01,2.402516007423400879e-01
-2.384853363037109375e-02,-2.323732376098632812e-01,2.401105612516403198e-01
-2.383852005004882812e-02,-2.318410873413085938e-01,2.398970276117324829e-01
-2.394056320190429688e-02,-2.312626838684082031e-01,2.396479547023773193e-01
-2.423000335693359375e-02,-2.307910919189453125e-01,2.393713742494583130e-01
-2.468538284301757812e-02,-2.304825782775878906e-01,2.390737682580947876e-01
-2.522182464599609375e-02,-2.302918434143066406e-01,2.387754321098327637e-01
-2.572250366210937500e-02,-2.301244735717773438e-01,2.384649366140365601e-01
-2.607011795043945312e-02,-2.298779487609863281e-01,2.380962222814559937e-01
-2.612781524658203125e-02,-2.294840812683105469e-01,2.376147955656051636e-01
-2.579832077026367188e-02,-2.289223670959472656e-01,2.369735389947891235e-01
-2.510309219360351562e-02,-2.283630371093750000e-01,2.362023442983627319e-01
-2.444839477539062500e-02,-2.283415794372558594e-01,2.352929413318634033e-01
-2.360391616821289062e-02,-2.281718254089355469e-01,2.339080572128295898e-01
-2.243995666503906250e-02,-2.274041175842285156e-01,2.322368323802947998e-01
-2.097558975219726562e-02,-2.257542610168457031e-01,2.305650413036346436e-01
-1.943206787109375000e-02,-2.234072685241699219e-01,2.290770560503005981e-01
-1.801729202270507812e-02,-2.207870483398437500e-01,2.279043644666671753e-01
-1.680183410644531250e-02,-2.182884216308593750e-01,2.271607369184494019e-01
-1.584768295288085938e-02,-2.162232398986816406e-01,2.268615365028381348e-01
-1.519060134887695312e-02,-2.147355079650878906e-01,2.268934547901153564e-01
-1.472234725952148438e-02,-2.137813568115234375e-01,2.270735949277877808e-01
-1.423072814941406250e-02,-2.131996154785156250e-01,2.272001206874847412e-01
-1.344966888427734375e-02,-2.127237319946289062e-01,2.271250635385513306e-01
-1.214599609375000000e-02,-2.121014595031738281e-01,2.267863154411315918e-01
-1.021337509155273438e-02,-2.111916542053222656e-01,2.261955738067626953e-01
-7.833957672119140625e-03,-2.100496292114257812e-01,2.254060655832290649e-01
-5.428314208984375000e-03,-2.088108062744140625e-01,2.245040237903594971e-01
-3.483295440673828125e-03,-2.076840400695800781e-01,2.235986143350601196e-01
-2.365589141845703125e-03,-2.068877220153808594e-01,2.227917611598968506e-01
-2.219676971435546875e-03,-2.065944671630859375e-01,2.221548259258270264e-01
-2.925395965576171875e-03,-2.069053649902343750e-01,2.217213660478591919e-01
-4.180431365966796875e-03,-2.078185081481933594e-01,2.214738130569458008e-01
-5.655765533447265625e-03,-2.092242240905761719e-01,2.213514596223831177e-01
-7.056713104248046875e-03,-2.109141349792480469e-01,2.212519049644470215e-01
-8.192539215087890625e-03,-2.125592231750488281e-01,2.210807055234909058e-01
-8.955955505371093750e-03,-2.138319015502929688e-01,2.208158373832702637e-01
-9.392261505126953125e-03,-2.146301269531250000e-01,2.205641418695449829e-01
-9.686470031738281250e-03,-2.150578498840332031e-01,2.204119712114334106e-01
-1.000499725341796875e-02,-2.152585983276367188e-01,2.203814685344696045e-01
-1.039218902587890625e-02,-2.153296470642089844e-01,2.205051630735397339e-01
-1.076078414916992188e-02,-2.153339385986328125e-01,2.208179682493209839e-01
-1.095390319824218750e-02,-2.153501510620117188e-01,2.213287502527236938e-01
-1.083278656005859375e-02,-2.154397964477539062e-01,2.220098078250885010e-01
-1.036024093627929688e-02,-2.156457901000976562e-01,2.228193879127502441e-01
-9.582996368408203125e-03,-2.159905433654785156e-01,2.237040698528289795e-01
-8.709430694580078125e-03,-2.164363861083984375e-01,2.246018201112747192e-01
-8.002758026123046875e-03,-2.168903350830078125e-01,2.254659086465835571e-01
-7.704257965087890625e-03,-2.172942161560058594e-01,2.262648791074752808e-01
-8.025169372558593750e-03,-2.175912857055664062e-01,2.269972115755081177e-01
-9.011268615722656250e-03,-2.178096771240234375e-01,2.276529669761657715e-01
-1.047134399414062500e-02,-2.180647850036621094e-01,2.282032072544097900e-01
-1.201772689819335938e-02,-2.184739112854003906e-01,2.286163419485092163e-01
-1.333045959472656250e-02,-2.193155288696289062e-01,2.289389073848724365e-01
-1.433229446411132812e-02,-2.209272384643554688e-01,2.290815263986587524e-01
-1.458072662353515625e-02,-2.225251197814941406e-01,2.287608236074447632e-01
-1.396369934082031250e-02,-2.234821319580078125e-01,2.280952036380767822e-01
-1.268386840820312500e-02,-2.234120368957519531e-01,2.272664755582809448e-01
-1.120233535766601562e-02,-2.223658561706542969e-01,2.264304161071777344e-01
-9.988784790039062500e-03,-2.206830978393554688e-01,2.257720977067947388e-01
-9.363651275634765625e-03,-2.188320159912109375e-01,2.254718691110610962e-01
-9.456157684326171875e-03,-2.172679901123046875e-01,2.256333380937576294e-01
-1.024770736694335938e-02,-2.163333892822265625e-01,2.262146323919296265e-01
-1.148176193237304688e-02,-2.161359786987304688e-01,2.270555049180984497e-01
-1.273822784423828125e-02,-2.165718078613281250e-01,2.279282361268997192e-01
-1.352310180664062500e-02,-2.173113822937011719e-01,2.286108732223510742e-01
-1.343679428100585938e-02,-2.179398536682128906e-01,2.289386540651321411e-01
-1.233386993408203125e-02,-2.181196212768554688e-01,2.288251072168350220e-01
-1.041364669799804688e-02,-2.177028656005859375e-01,2.282709479331970215e-01
-8.162498474121093750e-03,-2.167658805847167969e-01,2.273739129304885864e-01
-6.200790405273437500e-03,-2.155442237854003906e-01,2.262877076864242554e-01
-5.111694335937500000e-03,-2.143659591674804688e-01,2.251790612936019897e-01
-5.225658416748046875e-03,-2.135591506958007812e-01,2.241973727941513062e-01
-6.489753723144531250e-03,-2.133531570434570312e-01,2.234432250261306763e-01
-8.507728576660156250e-03,-2.138481140136718750e-01,2.229470759630203247e-01
-1.080703735351562500e-02,-2.149906158447265625e-01,2.226440012454986572e-01
-1.293373107910156250e-02,-2.165331840515136719e-01,2.224026322364807129e-01
-1.450920104980468750e-02,-2.180981636047363281e-01,2.220976352691650391e-01
-1.532936096191406250e-02,-2.192955017089843750e-01,2.216482758522033691e-01
-1.545524597167968750e-02,-2.198662757873535156e-01,2.210830450057983398e-01
-1.518154144287109375e-02,-2.198166847229003906e-01,2.205277085304260254e-01
-1.481533050537109375e-02,-2.192907333374023438e-01,2.200315296649932861e-01
-1.456928253173828125e-02,-2.184538841247558594e-01,2.196512669324874878e-01
-1.445055007934570312e-02,-2.174615859985351562e-01,2.194634974002838135e-01
-1.432895660400390625e-02,-2.164916992187500000e-01,2.195024192333221436e-01
-1.404714584350585938e-02,-2.156872749328613281e-01,2.197505384683609009e-01
-1.345300674438476562e-02,-2.151474952697753906e-01,2.201654464006423950e-01
-1.249504089355468750e-02,-2.149133682250976562e-01,2.206834256649017334e-01
-1.129341125488281250e-02,-2.149143218994140625e-01,2.212433367967605591e-01
-1.009416580200195312e-02,-2.150230407714843750e-01,2.217834591865539551e-01
-9.193420410156250000e-03,-2.150983810424804688e-01,2.222668677568435669e-01
-8.821010589599609375e-03,-2.150502204895019531e-01,2.227122336626052856e-01
-9.082794189453125000e-03,-2.148666381835937500e-01,2.231477499008178711e-01
-9.885311126708984375e-03,-2.146606445312500000e-01,2.235637009143829346e-01
-1.091957092285156250e-02,-2.146039009094238281e-01,2.239311784505844116e-01
-1.181554794311523438e-02,-2.149620056152343750e-01,2.242594212293624878e-01
-1.258277893066406250e-02,-2.163023948669433594e-01,2.245344221591949463e-01
-1.270103454589843750e-02,-2.178673744201660156e-01,2.243555784225463867e-01
-1.191759109497070312e-02,-2.190108299255371094e-01,2.238219529390335083e-01
-1.038599014282226562e-02,-2.192049026489257812e-01,2.231060266494750977e-01
-8.546829223632812500e-03,-2.183961868286132812e-01,2.223526537418365479e-01
-6.865978240966796875e-03,-2.169094085693359375e-01,2.217312455177307129e-01
-5.719661712646484375e-03,-2.152028083801269531e-01,2.214254438877105713e-01
-5.341053009033203125e-03,-2.137250900268554688e-01,2.215680629014968872e-01
-5.805969238281250000e-03,-2.128405570983886719e-01,2.221672236919403076e-01
-6.957054138183593750e-03,-2.127590179443359375e-01,2.230919450521469116e-01
-8.434772491455078125e-03,-2.134156227111816406e-01,2.241338491439819336e-01
-9.745597839355468750e-03,-2.145137786865234375e-01,2.250706851482391357e-01
-1.038980484008789062e-02,-2.156443595886230469e-01,2.257264554500579834e-01
-1.005744934082031250e-02,-2.164525985717773438e-01,2.259846031665802002e-01
-8.771896362304687500e-03,-2.167210578918457031e-01,2.258099168539047241e-01
-6.885528564453125000e-03,-2.164273262023925781e-01,2.252666056156158447e-01
-4.939556121826171875e-03,-2.157316207885742188e-01,2.244926542043685913e-01
-3.583431243896484375e-03,-2.149443626403808594e-01,2.236378490924835205e-01
-3.345489501953125000e-03,-2.143688201904296875e-01,2.228384315967559814e-01
-4.400253295898437500e-03,-2.142453193664550781e-01,2.222116589546203613e-01
-6.537914276123046875e-03,-2.147369384765625000e-01,2.218129038810729980e-01
-9.309768676757812500e-03,-2.158465385437011719e-01,2.216237932443618774e-01
-1.219129562377929688e-02,-2.174191474914550781e-01,2.215475738048553467e-01
-1.469135284423828125e-02,-2.191686630249023438e-01,2.214572727680206299e-01
-1.644229888916015625e-02,-2.207179069519042969e-01,2.212438434362411499e-01
-1.723623275756835938e-02,-2.217206954956054688e-01,2.208968549966812134e-01
-1.722812652587890625e-02,-2.221274375915527344e-01,2.205265760421752930e-01
-1.677989959716796875e-02,-2.219905853271484375e-01,2.201535403728485107e-01
-1.627016067504882812e-02,-2.214045524597167969e-01,2.197928130626678467e-01
-1.593732833862304688e-02,-2.204623222351074219e-01,2.195132523775100708e-01
-1.583003997802734375e-02,-2.193174362182617188e-01,2.193797528743743896e-01
-1.585626602172851562e-02,-2.181911468505859375e-01,2.194353640079498291e-01
-1.579999923706054688e-02,-2.172966003417968750e-01,2.196766138076782227e-01
-1.544618606567382812e-02,-2.167706489562988281e-01,2.200747132301330566e-01
-1.463699340820312500e-02,-2.166461944580078125e-01,2.205850780010223389e-01
-1.341199874877929688e-02,-2.168264389038085938e-01,2.211283892393112183e-01
-1.207542419433593750e-02,-2.170710563659667969e-01,2.216117680072784424e-01
-1.099061965942382812e-02,-2.171392440795898438e-01,2.220078408718109131e-01
-1.050615310668945312e-02,-2.168993949890136719e-01,2.223288267850875854e-01
-1.079082489013671875e-02,-2.164082527160644531e-01,2.225780934095382690e-01
-1.169013977050781250e-02,-2.158603668212890625e-01,2.227500975131988525e-01
-1.278018951416015625e-02,-2.155160903930664062e-01,2.228489816188812256e-01
-1.392984390258789062e-02,-2.162036895751953125e-01,2.230330854654312134e-01
-1.460361480712890625e-02,-2.175574302673339844e-01,2.229133695363998413e-01
-1.443672180175781250e-02,-2.188520431518554688e-01,2.224643677473068237e-01
-1.335096359252929688e-02,-2.194304466247558594e-01,2.218092978000640869e-01
-1.159286499023437500e-02,-2.190427780151367188e-01,2.210795432329177856e-01
-9.562969207763671875e-03,-2.178106307983398438e-01,2.204173356294631958e-01
-7.666587829589843750e-03,-2.160654067993164062e-01,2.199955731630325317e-01
-6.280422210693359375e-03,-2.142395973205566406e-01,2.199573367834091187e-01
-5.670547485351562500e-03,-2.127513885498046875e-01,2.203429192304611206e-01
-5.920410156250000000e-03,-2.119445800781250000e-01,2.210664302110671997e-01
-6.874561309814453125e-03,-2.119345664978027344e-01,2.219556868076324463e-01
-8.157253265380859375e-03,-2.125759124755859375e-01,2.228104770183563232e-01
-9.256362915039062500e-03,-2.135348320007324219e-01,2.234635502099990845e-01
-9.692192077636718750e-03,-2.144575119018554688e-01,2.237982898950576782e-01
-9.204387664794921875e-03,-2.150688171386718750e-01,2.237547487020492554e-01
-7.855892181396484375e-03,-2.152400016784667969e-01,2.233516871929168701e-01
-5.997180938720703125e-03,-2.149991989135742188e-01,2.226805239915847778e-01
-4.217147827148437500e-03,-2.145290374755859375e-01,2.218594104051589966e-01
-3.175258636474609375e-03,-2.140593528747558594e-01,2.210079133510589600e-01
-3.284931182861328125e-03,-2.138214111328125000e-01,2.202459424734115601e-01
-4.617214202880859375e-03,-2.139968872070312500e-01,2.196627259254455566e-01
-6.875038146972656250e-03,-2.146959304809570312e-01,2.193021923303604126e-01
-9.607791900634765625e-03,-2.159247398376464844e-01,2.191249281167984009e-01
-1.235914230346679688e-02,-2.175211906433105469e-01,2.190247923135757446e-01
-1.464986801147460938e-02,-2.191433906555175781e-01,2.188996672630310059e-01
-1.615333557128906250e-02,-2.204627990722656250e-01,2.186952382326126099e-01
-1.687145233154296875e-02,-2.213125228881835938e-01,2.184673696756362915e-01
-1.697826385498046875e-02,-2.216567993164062500e-01,2.182355374097824097e-01
-1.673364639282226562e-02,-2.215242385864257812e-01,2.179901450872421265e-01
-1.635694503784179688e-02,-2.209486961364746094e-01,2.177612483501434326e-01
-1.596260070800781250e-02,-2.200188636779785156e-01,2.176167368888854980e-01
-1.559400558471679688e-02,-2.189183235168457031e-01,2.176101654767990112e-01
-1.520967483520507812e-02,-2.178869247436523438e-01,2.177692502737045288e-01
-1.472139358520507812e-02,-2.171244621276855469e-01,2.180903255939483643e-01
-1.407909393310546875e-02,-2.167429924011230469e-01,2.185428142547607422e-01
-1.332044601440429688e-02,-2.167372703552246094e-01,2.190592139959335327e-01
-1.258087158203125000e-02,-2.169556617736816406e-01,2.195666283369064331e-01
-1.203298568725585938e-02,-2.172002792358398438e-01,2.200373262166976929e-01
-1.181077957153320312e-02,-2.173085212707519531e-01,2.204749733209609985e-01
-1.198577880859375000e-02,-2.172136306762695312e-01,2.208696901798248291e-01
-1.245594024658203125e-02,-2.169790267944335938e-01,2.211990803480148315e-01
-1.296997070312500000e-02,-2.167739868164062500e-01,2.214250117540359497e-01
-1.350736618041992188e-02,-2.171225547790527344e-01,2.216062098741531372e-01
-1.401424407958984375e-02,-2.181782722473144531e-01,2.215314507484436035e-01
-1.406717300415039062e-02,-2.192201614379882812e-01,2.210398912429809570e-01
-1.345539093017578125e-02,-2.197055816650390625e-01,2.202863693237304688e-01
-1.227569580078125000e-02,-2.193446159362792969e-01,2.194626331329345703e-01
-1.081562042236328125e-02,-2.182374000549316406e-01,2.187317758798599243e-01
-9.385585784912109375e-03,-2.167105674743652344e-01,2.182497382164001465e-01
-8.270740509033203125e-03,-2.151412963867187500e-01,2.181484252214431763e-01
-7.637500762939453125e-03,-2.138423919677734375e-01,2.185027450323104858e-01
-7.562637329101562500e-03,-2.130813598632812500e-01,2.192345857620239258e-01
-8.019447326660156250e-03,-2.129459381103515625e-01,2.201521694660186768e-01
-8.764743804931640625e-03,-2.133183479309082031e-01,2.210387736558914185e-01
-9.402751922607421875e-03,-2.139468193054199219e-01,2.217169106006622314e-01
-9.556770324707031250e-03,-2.145333290100097656e-01,2.220668643712997437e-01
-9.024620056152343750e-03,-2.148513793945312500e-01,2.220398187637329102e-01
-7.854461669921875000e-03,-2.148227691650390625e-01,2.216536551713943481e-01
-6.350994110107421875e-03,-2.145042419433593750e-01,2.209945172071456909e-01
-4.968166351318359375e-03,-2.140445709228515625e-01,2.201865166425704956e-01
-4.194736480712890625e-03,-2.136516571044921875e-01,2.193536013364791870e-01
-4.334926605224609375e-03,-2.135281562805175781e-01,2.186024039983749390e-01
-5.423069000244140625e-03,-2.138123512268066406e-01,2.180058509111404419e-01
-7.224082946777343750e-03,-2.145619392395019531e-01,2.175966948270797729e-01
-9.400367736816406250e-03,-2.157659530639648438e-01,2.173373550176620483e-01
-1.163721084594726562e-02,-2.172656059265136719e-01,2.171329706907272339e-01
-1.364040374755859375e-02,-2.187590599060058594e-01,2.168852388858795166e-01
-1.515913009643554688e-02,-2.199301719665527344e-01,2.165506929159164429e-01
-1.610994338989257812e-02,-2.206277847290039062e-01,2.161951363086700439e-01
-1.662111282348632812e-02,-2.208924293518066406e-01,2.159074544906616211e-01
-1.680803298950195312e-02,-2.207994461059570312e-01,2.156957089900970459e-01
-1.676273345947265625e-02,-2.204298973083496094e-01,2.155601978302001953e-01
-1.654863357543945312e-02,-2.198147773742675781e-01,2.155132293701171875e-01
-1.618909835815429688e-02,-2.190251350402832031e-01,2.155754864215850830e-01
-1.565694808959960938e-02,-2.181982994079589844e-01,2.157491892576217651e-01
-1.492786407470703125e-02,-2.174677848815917969e-01,2.160266637802124023e-01
-1.403999328613281250e-02,-2.169518470764160156e-01,2.163903117179870605e-01
-1.309919357299804688e-02,-2.167000770568847656e-01,2.168064713478088379e-01
-1.227903366088867188e-02,-2.166619300842285156e-01,2.172290682792663574e-01
-1.177024841308593750e-02,-2.167229652404785156e-01,2.176292091608047485e-01
-1.168441772460937500e-02,-2.167668342590332031e-01,2.180223762989044189e-01
-1.206016540527343750e-02,-2.167320251464843750e-01,2.184190005064010620e-01
-1.278686523437500000e-02,-2.166657447814941406e-01,2.187910228967666626e-01
-1.355981826782226562e-02,-2.166538238525390625e-01,2.190945148468017578e-01
-1.408720016479492188e-02,-2.168827056884765625e-01,2.193237692117691040e-01
-1.453351974487304688e-02,-2.179789543151855469e-01,2.194838970899581909e-01
-1.442956924438476562e-02,-2.192006111145019531e-01,2.191732376813888550e-01
-1.353311538696289062e-02,-2.199568748474121094e-01,2.185278832912445068e-01
-1.197528839111328125e-02,-2.197837829589843750e-01,2.177361398935317993e-01
-1.019906997680664062e-02,-2.186822891235351562e-01,2.169505804777145386e-01
-8.581638336181640625e-03,-2.169895172119140625e-01,2.163445651531219482e-01
-7.429599761962890625e-03,-2.151780128479003906e-01,2.160750329494476318e-01
-6.971836090087890625e-03,-2.136678695678710938e-01,2.162431329488754272e-01
-7.266998291015625000e-03,-2.127614021301269531e-01,2.168351262807846069e-01
-8.172988891601562500e-03,-2.125959396362304688e-01,2.177133858203887939e-01
-9.363651275634765625e-03,-2.131013870239257812e-01,2.186609357595443726e-01
-1.037883758544921875e-02,-2.139973640441894531e-01,2.194568365812301636e-01
-1.076221466064453125e-02,-2.149019241333007812e-01,2.199500799179077148e-01
-1.020431518554687500e-02,-2.154774665832519531e-01,2.200581282377243042e-01
-8.739948272705078125e-03,-2.155723571777343750e-01,2.197638452053070068e-01
-6.781578063964843750e-03,-2.152009010314941406e-01,2.191205173730850220e-01
-4.935264587402343750e-03,-2.145071029663085938e-01,2.182615995407104492e-01
-3.775596618652343750e-03,-2.137556076049804688e-01,2.173473834991455078e-01
-3.710269927978515625e-03,-2.132310867309570312e-01,2.165193110704421997e-01
-4.847049713134765625e-03,-2.131891250610351562e-01,2.158827930688858032e-01
-6.909370422363281250e-03,-2.137713432312011719e-01,2.154922634363174438e-01
-9.436607360839843750e-03,-2.149643898010253906e-01,2.153131961822509766e-01
-1.197242736816406250e-02,-2.165904045104980469e-01,2.152429968118667603e-01
-1.412343978881835938e-02,-2.183508872985839844e-01,2.151481062173843384e-01
-1.558732986450195312e-02,-2.198443412780761719e-01,2.149411737918853760e-01
-1.625251770019531250e-02,-2.207880020141601562e-01,2.146168798208236694e-01
-1.632452011108398438e-02,-2.211523056030273438e-01,2.142841070890426636e-01
-1.612186431884765625e-02,-2.210140228271484375e-01,2.139747440814971924e-01
-1.587581634521484375e-02,-2.204928398132324219e-01,2.137181162834167480e-01
-1.572370529174804688e-02,-2.197189331054687500e-01,2.135671526193618774e-01
-1.569175720214843750e-02,-2.188210487365722656e-01,2.135490179061889648e-01
-1.567649841308593750e-02,-2.179498672485351562e-01,2.136798650026321411e-01
-1.551389694213867188e-02,-2.172636985778808594e-01,2.139547169208526611e-01
-1.506900787353515625e-02,-2.168803215026855469e-01,2.143369466066360474e-01
-1.432418823242187500e-02,-2.167997360229492188e-01,2.147830128669738770e-01
-1.338815689086914062e-02,-2.169246673583984375e-01,2.152423113584518433e-01
-1.244783401489257812e-02,-2.170906066894531250e-01,2.156759798526763916e-01
-1.172637939453125000e-02,-2.171626091003417969e-01,2.160857021808624268e-01
-1.146936416625976562e-02,-2.170362472534179688e-01,2.164717763662338257e-01
-1.179313659667968750e-02,-2.167410850524902344e-01,2.168166935443878174e-01
-1.255559921264648438e-02,-2.164158821105957031e-01,2.170919775962829590e-01
-1.340818405151367188e-02,-2.162532806396484375e-01,2.172737121582031250e-01
-1.436519622802734375e-02,-2.170400619506835938e-01,2.174931764602661133e-01
-1.498603820800781250e-02,-2.183585166931152344e-01,2.173635065555572510e-01
-1.489496231079101562e-02,-2.195191383361816406e-01,2.168796509504318237e-01
-1.398277282714843750e-02,-2.199125289916992188e-01,2.161904871463775635e-01
-1.244354248046875000e-02,-2.193646430969238281e-01,2.154607474803924561e-01
-1.058149337768554688e-02,-2.180585861206054688e-01,2.148487120866775513e-01
-8.772373199462890625e-03,-2.163772583007812500e-01,2.145006507635116577e-01
-7.418632507324218750e-03,-2.147102355957031250e-01,2.145330011844635010e-01
-6.802082061767578125e-03,-2.134065628051757812e-01,2.149776071310043335e-01
-6.990909576416015625e-03,-2.127151489257812500e-01,2.157399952411651611e-01
-7.850170135498046875e-03,-2.127175331115722656e-01,2.166284918785095215e-01
-8.998870849609375000e-03,-2.132639884948730469e-01,2.174466997385025024e-01
-9.905815124511718750e-03,-2.140717506408691406e-01,2.180359214544296265e-01
-1.011276245117187500e-02,-2.148118019104003906e-01,2.182918190956115723e-01
-9.424686431884765625e-03,-2.152643203735351562e-01,2.181674838066101074e-01
-8.022308349609375000e-03,-2.153320312500000000e-01,2.176744937896728516e-01
-6.349086761474609375e-03,-2.150235176086425781e-01,2.169100940227508545e-01
-4.949092864990234375e-03,-2.145004272460937500e-01,2.160038203001022339e-01
-4.344463348388671875e-03,-2.139983177185058594e-01,2.150930315256118774e-01
-4.808425903320312500e-03,-2.137537002563476562e-01,2.143047749996185303e-01
-6.275177001953125000e-03,-2.139673233032226562e-01,2.137255370616912842e-01
-8.468627929687500000e-03,-2.147364616394042969e-01,2.133714556694030762e-01
-1.096200942993164062e-02,-2.159991264343261719e-01,2.131928056478500366e-01
-1.332759857177734375e-02,-2.175650596618652344e-01,2.130879014730453491e-01
-1.523399353027343750e-02,-2.191123962402343750e-01,2.129466086626052856e-01
-1.640462875366210938e-02,-2.202744483947753906e-01,2.127255201339721680e-01
-1.685047149658203125e-02,-2.209367752075195312e-01,2.124989032745361328e-01
-1.680183410644531250e-02,-2.211136817932128906e-01,2.122835516929626465e-01
-1.654195785522460938e-02,-2.208614349365234375e-01,2.120752632617950439e-01
-1.621198654174804688e-02,-2.202382087707519531e-01,2.119060605764389038e-01
-1.588058471679687500e-02,-2.193474769592285156e-01,2.118273675441741943e-01
-1.554107666015625000e-02,-2.183470726013183594e-01,2.118753045797348022e-01
4.992681089788675308e-03,-3.369331359863281250e-03,-8.479118347167968750e-03
6.200849544256925583e-03,-1.016616821289062500e-03,-1.687240600585937500e-02
1.799685065634548664e-03,-2.480506896972656250e-03,-1.935958862304687500e-02
-4.599571228027343750e-03,-7.314682006835937500e-03,-2.064704895019531250e-02
-1.169443130493164062e-02,-1.655578613281250000e-02,-2.515125274658203125e-02
-1.872444152832031250e-02,-2.957296371459960938e-02,-3.313207626342773438e-02
-2.439260482788085938e-02,-4.571771621704101562e-02,-4.399299621582031250e-02
-2.613735198974609375e-02,-6.273889541625976562e-02,-5.599355697631835938e-02
-2.449512481689453125e-02,-7.575941085815429688e-02,-6.890916824340820312e-02
-2.242231369018554688e-02,-8.233594894409179688e-02,-8.209323883056640625e-02
-1.995563507080078125e-02,-8.316421508789062500e-02,-9.445762634277343750e-02
-1.519775390625000000e-02,-8.127927780151367188e-02,-1.047463417053222656e-01
-6.541252136230468750e-03,-8.008766174316406250e-02,-1.120138168334960938e-01
5.123676266521215439e-03,-8.156967163085937500e-02,-1.162080764770507812e-01
1.674417778849601746e-02,-8.635997772216796875e-02,-1.180081367492675781e-01
2.422565594315528870e-02,-9.460544586181640625e-02,-1.181154251098632812e-01
2.401543967425823212e-02,-1.058588027954101562e-01,-1.168622970581054688e-01
1.483975164592266083e-02,-1.193313598632812500e-01,-1.142120361328125000e-01
-1.769065856933593750e-03,-1.343302726745605469e-01,-1.100511550903320312e-01
-2.266263961791992188e-02,-1.499104499816894531e-01,-1.045536994934082031e-01
-4.275083541870117188e-02,-1.641798019409179688e-01,-9.847116470336914062e-02
-5.551290512084960938e-02,-1.746201515197753906e-01,-9.298229217529296875e-02
-5.588912963867187500e-02,-1.849107742309570312e-01,-8.917999267578125000e-02
-4.554176330566406250e-02,-1.963591575622558594e-01,-8.779287338256835938e-02
-2.814483642578125000e-02,-2.077064514160156250e-01,-8.809471130371093750e-02
-7.838726043701171875e-03,-2.174305915832519531e-01,-8.863449096679687500e-02
8.715472184121608734e-03,-2.241239547729492188e-01,-8.861303329467773438e-02
1.620996743440628052e-02,-2.271976470947265625e-01,-8.815860748291015625e-02
1.399631984531879425e-02,-2.277326583862304688e-01,-8.743429183959960938e-02
5.448164884001016617e-03,-2.276873588562011719e-01,-8.609914779663085938e-02
-5.063056945800781250e-03,-2.279219627380371094e-01,-8.385419845581054688e-02
-1.428747177124023438e-02,-2.279853820800781250e-01,-8.097457885742187500e-02
-2.029228210449218750e-02,-2.273058891296386719e-01,-7.793092727661132812e-02
-2.222871780395507812e-02,-2.257652282714843750e-01,-7.527971267700195312e-02
-2.059078216552734375e-02,-2.238502502441406250e-01,-7.317399978637695312e-02
-1.706409454345703125e-02,-2.216453552246093750e-01,-7.137632369995117188e-02
-1.331806182861328125e-02,-2.190294265747070312e-01,-6.965351104736328125e-02
-1.077079772949218750e-02,-2.158241271972656250e-01,-6.784057617187500000e-02
-1.036119461059570312e-02,-2.118473052978515625e-01,-6.585454940795898438e-02
-1.216459274291992188e-02,-2.070946693420410156e-01,-6.363296508789062500e-02
-1.533031463623046875e-02,-2.018241882324218750e-01,-6.105518341064453125e-02
-1.835393905639648438e-02,-1.965146064758300781e-01,-5.796670913696289062e-02
-1.966714859008789062e-02,-1.916508674621582031e-01,-5.425882339477539062e-02
-1.824378967285156250e-02,-1.875252723693847656e-01,-4.995679855346679688e-02
-1.391649246215820312e-02,-1.842103004455566406e-01,-4.523324966430664062e-02
-7.359504699707031250e-03,-1.816191673278808594e-01,-4.035615921020507812e-02
2.117350522894412279e-04,-1.795997619628906250e-01,-3.562879562377929688e-02
7.402278482913970947e-03,-1.780223846435546875e-01,-3.133583068847656250e-02
1.305073313415050507e-02,-1.768536567687988281e-01,-2.769708633422851562e-02
1.658814959228038788e-02,-1.762533187866210938e-01,-2.482843399047851562e-02
1.802292093634605408e-02,-1.765170097351074219e-01,-2.273941040039062500e-02
1.778556592762470245e-02,-1.779279708862304688e-01,-2.137231826782226562e-02
1.652765832841396332e-02,-1.806278228759765625e-01,-2.065038681030273438e-02
1.486963406205177307e-02,-1.845288276672363281e-01,-2.049827575683593750e-02
1.325127854943275452e-02,-1.893324851989746094e-01,-2.084636688232421875e-02
1.191568374633789062e-02,-1.946063041687011719e-01,-2.161693572998046875e-02
1.099237240850925446e-02,-1.999235153198242188e-01,-2.268981933593750000e-02
1.051981747150421143e-02,-2.049727439880371094e-01,-2.390956878662109375e-02
1.032106857746839523e-02,-2.096090316772460938e-01,-2.510309219360351562e-02
1.015808060765266418e-02,-2.138738632202148438e-01,-2.612447738647460938e-02
9.765162132680416107e-03,-2.179183959960937500e-01,-2.687835693359375000e-02
8.903079666197299957e-03,-2.219228744506835938e-01,-2.734136581420898438e-02
7.434448227286338806e-03,-2.260255813598632812e-01,-2.756977081298828125e-02
5.347526166588068008e-03,-2.302408218383789062e-01,-2.770423889160156250e-02
2.742933575063943863e-03,-2.344098091125488281e-01,-2.796030044555664062e-02
-1.935958862304687500e-04,-2.382678985595703125e-01,-2.857923507690429688e-02
-3.260135650634765625e-03,-2.415480613708496094e-01,-2.977943420410156250e-02
-6.294727325439453125e-03,-2.440228462219238281e-01,-3.172111511230468750e-02
-9.239196777343750000e-03,-2.456245422363281250e-01,-3.451490402221679688e-02
-1.212787628173828125e-02,-2.463693618774414062e-01,-3.813982009887695312e-02
-1.495742797851562500e-02,-2.463603019714355469e-01,-4.246234893798828125e-02
-1.765966415405273438e-02,-2.457604408264160156e-01,-4.729890823364257812e-02
-2.004814147949218750e-02,-2.446899414062500000e-01,-5.242967605590820312e-02
-2.187490463256835938e-02,-2.431726455688476562e-01,-5.767345428466796875e-02
-2.287292480468750000e-02,-2.411623001098632812e-01,-6.290674209594726562e-02
-2.287960052490234375e-02,-2.385377883911132812e-01,-6.804609298706054688e-02
-2.188158035278320312e-02,-2.351708412170410156e-01,-7.300567626953125000e-02
-1.994800567626953125e-02,-2.310338020324707031e-01,-7.765340805053710938e-02
-1.719379425048828125e-02,-2.262706756591796875e-01,-8.182954788208007812e-02
-1.376152038574218750e-02,-2.211294174194335938e-01,-8.541727066040039062e-02
-9.812355041503906250e-03,-2.158246040344238281e-01,-8.838891983032226562e-02
-5.497932434082031250e-03,-2.105393409729003906e-01,-9.077835083007812500e-02
-9.498596191406250000e-04,-2.054076194763183594e-01,-9.265565872192382812e-02
3.680125577375292778e-03,-2.004928588867187500e-01,-9.408998489379882812e-02
8.221875876188278198e-03,-1.958560943603515625e-01,-9.514951705932617188e-02
1.250209193676710129e-02,-1.915822029113769531e-01,-9.590101242065429688e-02
1.635321229696273804e-02,-1.877455711364746094e-01,-9.640169143676757812e-02
1.963971368968486786e-02,-1.844315528869628906e-01,-9.669303894042968750e-02
2.230730652809143066e-02,-1.817116737365722656e-01,-9.679794311523437500e-02
2.440673112869262695e-02,-1.795911788940429688e-01,-9.671831130981445312e-02
2.604780159890651703e-02,-1.780209541320800781e-01,-9.646368026733398438e-02
2.747322060167789459e-02,-1.769442558288574219e-01,-9.603834152221679688e-02
2.897811308503150940e-02,-1.763191223144531250e-01,-9.543180465698242188e-02
3.078787773847579956e-02,-1.761064529418945312e-01,-9.468078613281250000e-02
3.294029086828231812e-02,-1.762313842773437500e-01,-9.388589859008789062e-02
3.530351072549819946e-02,-1.766090393066406250e-01,-9.316158294677734375e-02
3.727397695183753967e-02,-1.777601242065429688e-01,-9.243917465209960938e-02
3.849691152572631836e-02,-1.794776916503906250e-01,-9.205150604248046875e-02
3.900679200887680054e-02,-1.811132431030273438e-01,-9.203624725341796875e-02
3.891596943140029907e-02,-1.823067665100097656e-01,-9.207391738891601562e-02
3.841160237789154053e-02,-1.830863952636718750e-01,-9.181261062622070312e-02
3.773493692278862000e-02,-1.838612556457519531e-01,-9.105825424194335938e-02
3.718553856015205383e-02,-1.851420402526855469e-01,-8.973979949951171875e-02
3.695039078593254089e-02,-1.872563362121582031e-01,-8.789348602294921875e-02
3.697435185313224792e-02,-1.902132034301757812e-01,-8.565044403076171875e-02
3.696943819522857666e-02,-1.937012672424316406e-01,-8.318614959716796875e-02
3.657603263854980469e-02,-1.972861289978027344e-01,-8.066368103027343750e-02
3.552969917654991150e-02,-2.006001472473144531e-01,-7.819414138793945312e-02
3.372212499380111694e-02,-2.034573554992675781e-01,-7.582092285156250000e-02
3.125610575079917908e-02,-2.059273719787597656e-01,-7.351970672607421875e-02
2.839857712388038635e-02,-2.082481384277343750e-01,-7.122850418090820312e-02
2.543950267136096954e-02,-2.106623649597167969e-01,-6.890916824340820312e-02
2.258702553808689117e-02,-2.133002281188964844e-01,-6.657457351684570312e-02
1.994155906140804291e-02,-2.161149978637695312e-01,-6.429338455200195312e-02
1.753061264753341675e-02,-2.189311981201171875e-01,-6.218385696411132812e-02
1.527348533272743225e-02,-2.214851379394531250e-01,-6.037712097167968750e-02
1.301591563969850540e-02,-2.235083580017089844e-01,-5.897521972656250000e-02
1.067755091935396194e-02,-2.248272895812988281e-01,-5.801963806152343750e-02
8.139467798173427582e-03,-2.254624366760253906e-01,-5.753755569458007812e-02
5.366224795579910278e-03,-2.254772186279296875e-01,-5.750513076782226562e-02
2.532967831939458847e-03,-2.249140739440917969e-01,-5.782747268676757812e-02
-5.531311035156250000e-05,-2.238655090332031250e-01,-5.835866928100585938e-02
-2.010822296142578125e-03,-2.225379943847656250e-01,-5.893039703369140625e-02
-2.928256988525390625e-03,-2.210812568664550781e-01,-5.951547622680664062e-02
-2.541542053222656250e-03,-2.195005416870117188e-01,-6.018781661987304688e-02
-8.873939514160156250e-04,-2.176885604858398438e-01,-6.104135513305664062e-02
1.734241843223571777e-03,-2.155008316040039062e-01,-6.212663650512695312e-02
4.859057255089282990e-03,-2.128806114196777344e-01,-6.343364715576171875e-02
7.865943014621734619e-03,-2.099514007568359375e-01,-6.492996215820312500e-02
1.023681461811065674e-02,-2.069153785705566406e-01,-6.654500961303710938e-02
1.170758064836263657e-02,-2.040200233459472656e-01,-6.818199157714843750e-02
1.229500770568847656e-02,-2.014713287353515625e-01,-6.975460052490234375e-02
1.232596393674612045e-02,-1.993646621704101562e-01,-7.121372222900390625e-02
1.232040114700794220e-02,-1.976852416992187500e-01,-7.252788543701171875e-02
1.281925570219755173e-02,-1.963586807250976562e-01,-7.368898391723632812e-02
1.423825044184923172e-02,-1.952872276306152344e-01,-7.473945617675781250e-02
1.675679720938205719e-02,-1.943278312683105469e-01,-7.575511932373046875e-02
2.010126970708370209e-02,-1.935629844665527344e-01,-7.677316665649414062e-02
2.344042249023914337e-02,-1.934676170349121094e-01,-7.790660858154296875e-02
2.661388553678989410e-02,-1.932058334350585938e-01,-7.953405380249023438e-02
2.934172004461288452e-02,-1.923289299011230469e-01,-8.147096633911132812e-02
3.139951080083847046e-02,-1.906232833862304688e-01,-8.339977264404296875e-02
3.273386508226394653e-02,-1.883978843688964844e-01,-8.504343032836914062e-02
3.355291858315467834e-02,-1.862964630126953125e-01,-8.620738983154296875e-02
3.414889797568321228e-02,-1.849441528320312500e-01,-8.680915832519531250e-02
3.476258367300033569e-02,-1.847348213195800781e-01,-8.689546585083007812e-02
3.543637320399284363e-02,-1.856889724731445312e-01,-8.661842346191406250e-02
3.599261119961738586e-02,-1.875009536743164062e-01,-8.618545532226562500e-02
3.612443059682846069e-02,-1.896719932556152344e-01,-8.577728271484375000e-02
3.563513606786727905e-02,-1.917357444763183594e-01,-8.549261093139648438e-02
3.441556915640830994e-02,-1.934223175048828125e-01,-8.535385131835937500e-02
3.255846351385116577e-02,-1.947455406188964844e-01,-8.529233932495117188e-02
3.035748936235904694e-02,-1.959347724914550781e-01,-8.516693115234375000e-02
2.808652073144912720e-02,-1.973104476928710938e-01,-8.485984802246093750e-02
2.598635666072368622e-02,-1.990933418273925781e-01,-8.430194854736328125e-02
2.421062253415584564e-02,-2.012991905212402344e-01,-8.347892761230468750e-02
2.269649691879749298e-02,-2.038121223449707031e-01,-8.246231079101562500e-02
2.133853174746036530e-02,-2.064237594604492188e-01,-8.136224746704101562e-02
2.001778036355972290e-02,-2.088971138000488281e-01,-8.027601242065429688e-02
1.859118789434432983e-02,-2.110400199890136719e-01,-7.927799224853515625e-02
1.700781285762786865e-02,-2.127642631530761719e-01,-7.840967178344726562e-02
1.528588682413101196e-02,-2.140374183654785156e-01,-7.767105102539062500e-02
1.356440689414739609e-02,-2.148551940917968750e-01,-7.702159881591796875e-02
