-1.609014719724655151e-01,9.164195060729980469e-01,-1.822160005569458008e+00,1.769213229417800903e-01,8.485569953918457031e-01,-1.787842035293579102e+00,-5.679190531373023987e-02,1.113224864006042480e+00,-1.627575755119323730e+00,-2.038949914276599884e-02,1.110482215881347656e+00,-1.576610803604125977e+00
-1.671424657106399536e-01,9.318742752075195312e-01,-1.846093654632568359e+00,1.857063323259353638e-01,8.730453252792358398e-01,-1.830616712570190430e+00,-1.459660194814205170e-02,1.116159200668334961e+00,-1.549703359603881836e+00,-7.300712913274765015e-02,1.074682712554931641e+00,-1.472049117088317871e+00
-1.691530495882034302e-01,8.580203056335449219e-01,-1.808096766471862793e+00,1.867550760507583618e-01,8.023208379745483398e-01,-1.763513445854187012e+00,-3.878144174814224243e-02,1.180367708206176758e+00,-1.537124872207641602e+00,-4.471977800130844116e-02,1.150436401367187500e+00,-1.489425420761108398e+00
-1.731978803873062134e-01,8.693082332611083984e-01,-1.791086912155151367e+00,1.955530494451522827e-01,8.034446239471435547e-01,-1.774981498718261719e+00,-1.009738421998918056e-03,1.253867149353027344e+00,-1.396770358085632324e+00,-6.782048195600509644e-02,1.177364230155944824e+00,-1.401157975196838379e+00
-1.638765037059783936e-01,8.789779543876647949e-01,-1.766309261322021484e+00,1.899351775646209717e-01,7.935000658035278320e-01,-1.749290704727172852e+00,3.443107753992080688e-02,1.350770473480224609e+00,-1.261735439300537109e+00,-7.654731720685958862e-02,1.244441032409667969e+00,-1.367136240005493164e+00
-1.482619643211364746e-01,9.171267151832580566e-01,-1.744399189949035645e+00,1.584295332431793213e-01,8.158647418022155762e-01,-1.726503610610961914e+00,5.424899607896804810e-02,1.356094241142272949e+00,-1.139621257781982422e+00,-6.767909973859786987e-02,1.248742818832397461e+00,-1.345496892929077148e+00
-1.350789815187454224e-01,9.233868718147277832e-01,-1.709709525108337402e+00,1.345613002777099609e-01,8.139136433601379395e-01,-1.698583841323852539e+00,4.746749252080917358e-02,1.350937843322753906e+00,-1.061310529708862305e+00,-4.233019798994064331e-02,1.241182088851928711e+00,-1.334002256393432617e+00
-1.298869848251342773e-01,9.086318612098693848e-01,-1.661332249641418457e+00,1.244392395019531250e-01,8.036103844642639160e-01,-1.645671844482421875e+00,3.819920867681503296e-02,1.332370281219482422e+00,-1.014703512191772461e+00,-1.963979192078113556e-02,1.227702379226684570e+00,-1.315194725990295410e+00
-1.333387345075607300e-01,8.615823984146118164e-01,-1.600174069404602051e+00,1.221968382596969604e-01,7.780225276947021484e-01,-1.580407142639160156e+00,1.705741323530673981e-02,1.284160017967224121e+00,-1.021206974983215332e+00,4.891163203865289688e-03,1.192163944244384766e+00,-1.302247285842895508e+00
-1.395693570375442505e-01,8.081161379814147949e-01,-1.547217369079589844e+00,1.265848278999328613e-01,7.593632340431213379e-01,-1.523642182350158691e+00,-3.300911281257867813e-03,1.221057891845703125e+00,-1.061574339866638184e+00,2.066102437674999237e-02,1.153311729431152344e+00,-1.287664651870727539e+00
-1.441599279642105103e-01,7.563270926475524902e-01,-1.497361779212951660e+00,1.323558092117309570e-01,7.416320443153381348e-01,-1.471834659576416016e+00,-1.754617504775524139e-02,1.159759640693664551e+00,-1.118429899215698242e+00,2.779819630086421967e-02,1.111686944961547852e+00,-1.275976061820983887e+00
-1.481053680181503296e-01,7.166131138801574707e-01,-1.455027699470520020e+00,1.352874338626861572e-01,7.231274247169494629e-01,-1.429255962371826172e+00,-1.943322084844112396e-02,1.108264088630676270e+00,-1.180109024047851562e+00,2.044302783906459808e-02,1.079908728599548340e+00,-1.279476165771484375e+00
-1.436121463775634766e-01,6.821249723434448242e-01,-1.405561447143554688e+00,1.320695579051971436e-01,6.976254582405090332e-01,-1.379109859466552734e+00,-1.917303167283535004e-02,1.056476354598999023e+00,-1.234071612358093262e+00,9.394897148013114929e-03,1.044515967369079590e+00,-1.284134864807128906e+00
-1.266068369150161743e-01,6.483981609344482422e-01,-1.345068931579589844e+00,1.144789755344390869e-01,6.672982573509216309e-01,-1.311800122261047363e+00,-2.361197583377361298e-02,9.912468791007995605e-01,-1.273985981941223145e+00,1.726096845231950283e-03,1.002060174942016602e+00,-1.272167682647705078e+00
-9.617766737937927246e-02,6.419368982315063477e-01,-1.271131873130798340e+00,7.999347895383834839e-02,6.492889523506164551e-01,-1.235071182250976562e+00,-3.262744843959808350e-02,9.212762713432312012e-01,-1.276334285736083984e+00,6.396010285243391991e-04,9.502887129783630371e-01,-1.243760347366333008e+00
-6.309297680854797363e-02,6.674484014511108398e-01,-1.199043512344360352e+00,4.998926818370819092e-02,6.666198372840881348e-01,-1.167378067970275879e+00,-5.184519290924072266e-02,8.573619723320007324e-01,-1.236861348152160645e+00,1.909415237605571747e-02,8.832120299339294434e-01,-1.212829589843750000e+00
-4.026374965906143188e-02,6.935780048370361328e-01,-1.145002007484436035e+00,3.560854494571685791e-02,6.860466003417968750e-01,-1.123939752578735352e+00,-6.248313188552856445e-02,8.182072043418884277e-01,-1.214436292648315430e+00,3.283760696649551392e-02,8.368234038352966309e-01,-1.202709078788757324e+00
-2.752154879271984100e-02,7.157354950904846191e-01,-1.117799401283264160e+00,2.803368680179119110e-02,7.066916227340698242e-01,-1.088822245597839355e+00,-6.695102155208587646e-02,7.941930294036865234e-01,-1.203704476356506348e+00,3.055282495915889740e-02,8.121519088745117188e-01,-1.190007328987121582e+00
-2.157082967460155487e-02,7.220562100410461426e-01,-1.110099911689758301e+00,2.471386454999446869e-02,7.168661952018737793e-01,-1.065698385238647461e+00,-6.950724124908447266e-02,7.738596796989440918e-01,-1.207702279090881348e+00,2.084890566766262054e-02,7.873556017875671387e-01,-1.189468622207641602e+00
-1.914109848439693451e-02,7.181268334388732910e-01,-1.101593255996704102e+00,1.816882751882076263e-02,7.206364274024963379e-01,-1.057157278060913086e+00,-7.143742591142654419e-02,7.574322223663330078e-01,-1.219440340995788574e+00,1.505107246339321136e-02,7.652704119682312012e-01,-1.200725317001342773e+00
-1.573730073869228363e-02,7.173965573310852051e-01,-1.100154638290405273e+00,9.001573547720909119e-03,7.241892218589782715e-01,-1.060431599617004395e+00,-6.986550986766815186e-02,7.471118569374084473e-01,-1.227866888046264648e+00,1.395915262401103973e-02,7.559345364570617676e-01,-1.210386633872985840e+00
-1.014789007604122162e-02,7.184889316558837891e-01,-1.106940507888793945e+00,-3.245040716137737036e-04,7.264403104782104492e-01,-1.071708321571350098e+00,-6.560872495174407959e-02,7.388882040977478027e-01,-1.234887361526489258e+00,1.609059236943721771e-02,7.515069842338562012e-01,-1.219000577926635742e+00
-6.035773549228906631e-03,7.201681733131408691e-01,-1.114274621009826660e+00,-7.771851029247045517e-03,7.255952954292297363e-01,-1.081438183784484863e+00,-6.113103777170181274e-02,7.349289059638977051e-01,-1.241178512573242188e+00,1.960908435285091400e-02,7.489020228385925293e-01,-1.225137591361999512e+00
2.211624290794134140e-03,7.284643650054931641e-01,-1.125080704689025879e+00,-1.382171548902988434e-02,7.337571978569030762e-01,-1.088892936706542969e+00,-5.879137292504310608e-02,7.326662540435791016e-01,-1.240214347839355469e+00,1.940209977328777313e-02,7.499635815620422363e-01,-1.222510099411010742e+00
1.322125829756259918e-02,7.404603958129882812e-01,-1.140637755393981934e+00,-2.358789928257465363e-02,7.417742013931274414e-01,-1.099144935607910156e+00,-5.305198580026626587e-02,7.291796207427978516e-01,-1.238216638565063477e+00,1.830659620463848114e-02,7.493581175804138184e-01,-1.217701435089111328e+00
2.295461483299732208e-02,7.474185824394226074e-01,-1.152246356010437012e+00,-3.156746178865432739e-02,7.430334687232971191e-01,-1.105171322822570801e+00,-4.795435816049575806e-02,7.258246541023254395e-01,-1.239098191261291504e+00,1.826326362788677216e-02,7.480387091636657715e-01,-1.217887639999389648e+00
3.090805746614933014e-02,7.493698000907897949e-01,-1.158168554306030273e+00,-3.864271193742752075e-02,7.420186996459960938e-01,-1.113797783851623535e+00,-4.093137010931968689e-02,7.225009799003601074e-01,-1.240336775779724121e+00,2.156796120107173920e-02,7.457685470581054688e-01,-1.222664356231689453e+00
4.017540067434310913e-02,7.483417987823486328e-01,-1.162016510963439941e+00,-4.448860138654708862e-02,7.386292219161987305e-01,-1.118950843811035156e+00,-3.519707173109054565e-02,7.185858488082885742e-01,-1.241588115692138672e+00,2.514946274459362030e-02,7.446212768554687500e-01,-1.227442741394042969e+00
4.957401007413864136e-02,7.494847178459167480e-01,-1.164745092391967773e+00,-5.139342695474624634e-02,7.372514009475708008e-01,-1.122224330902099609e+00,-3.022464178502559662e-02,7.158284187316894531e-01,-1.240756988525390625e+00,2.869522385299205780e-02,7.444912791252136230e-01,-1.228281021118164062e+00
6.026636809110641479e-02,7.547537088394165039e-01,-1.166821479797363281e+00,-5.876920372247695923e-02,7.419989705085754395e-01,-1.127390861511230469e+00,-2.444296143949031830e-02,7.143104076385498047e-01,-1.234784007072448730e+00,3.377434611320495605e-02,7.467783689498901367e-01,-1.224392771720886230e+00
6.820233911275863647e-02,7.622463703155517578e-01,-1.168390750885009766e+00,-6.610164791345596313e-02,7.468011379241943359e-01,-1.128911972045898438e+00,-2.018929086625576019e-02,7.153834700584411621e-01,-1.229509115219116211e+00,3.686617314815521240e-02,7.487326860427856445e-01,-1.218767762184143066e+00
7.313489168882369995e-02,7.683159112930297852e-01,-1.168254375457763672e+00,-7.169238477945327759e-02,7.516973018646240234e-01,-1.130593061447143555e+00,-1.675212942063808441e-02,7.166333794593811035e-01,-1.223260641098022461e+00,3.953268751502037048e-02,7.505189180374145508e-01,-1.213406324386596680e+00
7.720021158456802368e-02,7.728125452995300293e-01,-1.167211174964904785e+00,-7.744111865758895874e-02,7.549015879631042480e-01,-1.131173849105834961e+00,-1.415773294866085052e-02,7.174422144889831543e-01,-1.217655062675476074e+00,4.164239019155502319e-02,7.514178156852722168e-01,-1.208129525184631348e+00
8.204635232686996460e-02,7.803941965103149414e-01,-1.168517708778381348e+00,-8.332613855600357056e-02,7.611041665077209473e-01,-1.132040619850158691e+00,-1.210819743573665619e-02,7.190797924995422363e-01,-1.209939837455749512e+00,4.423774778842926025e-02,7.538073062896728516e-01,-1.199168562889099121e+00
8.680350333452224731e-02,7.863747477531433105e-01,-1.166679620742797852e+00,-8.829542249441146851e-02,7.691180109977722168e-01,-1.137742042541503906e+00,-7.572448346763849258e-03,7.192311882972717285e-01,-1.199699640274047852e+00,4.922229051589965820e-02,7.561926245689392090e-01,-1.192482590675354004e+00
9.233664721250534058e-02,7.902938127517700195e-01,-1.169851183891296387e+00,-8.977659791707992554e-02,7.723445892333984375e-01,-1.137218475341796875e+00,-6.498983595520257950e-03,7.186328768730163574e-01,-1.194569587707519531e+00,5.095267668366432190e-02,7.583427429199218750e-01,-1.186014175415039062e+00
9.389048069715499878e-02,7.868572473526000977e-01,-1.172410011291503906e+00,-8.762546628713607788e-02,7.673642635345458984e-01,-1.132592201232910156e+00,-8.186927065253257751e-03,7.170581221580505371e-01,-1.197478532791137695e+00,4.949522018432617188e-02,7.575856447219848633e-01,-1.186117291450500488e+00
9.673988074064254761e-02,7.839290499687194824e-01,-1.173523426055908203e+00,-8.521235734224319458e-02,7.651942372322082520e-01,-1.131283640861511230e+00,-8.644497022032737732e-03,7.159886956214904785e-01,-1.198998093605041504e+00,5.029182881116867065e-02,7.591064572334289551e-01,-1.187298774719238281e+00
9.944763034582138062e-02,7.883177995681762695e-01,-1.176849722862243652e+00,-8.612582832574844360e-02,7.682673931121826172e-01,-1.129740357398986816e+00,-9.328549727797508240e-03,7.175539135932922363e-01,-1.197494029998779297e+00,5.046099796891212463e-02,7.617485523223876953e-01,-1.182525992393493652e+00
9.934487193822860718e-02,7.914044260978698730e-01,-1.175063729286193848e+00,-8.832437545061111450e-02,7.720091938972473145e-01,-1.131913900375366211e+00,-7.663986179977655411e-03,7.185052633285522461e-01,-1.193533539772033691e+00,5.155720189213752747e-02,7.618403434753417969e-01,-1.179899334907531738e+00
9.620942920446395874e-02,7.886855602264404297e-01,-1.168532848358154297e+00,-8.974225074052810669e-02,7.716229557991027832e-01,-1.136388421058654785e+00,-5.085638258606195450e-03,7.175042033195495605e-01,-1.192296385765075684e+00,5.322753265500068665e-02,7.589790821075439453e-01,-1.184503912925720215e+00
9.501930326223373413e-02,7.897931933403015137e-01,-1.165235519409179688e+00,-9.168959408998489380e-02,7.739521265029907227e-01,-1.140158057212829590e+00,-3.017103765159845352e-03,7.180734872817993164e-01,-1.190243005752563477e+00,5.519450083374977112e-02,7.584160566329956055e-01,-1.185553669929504395e+00
9.551637619733810425e-02,7.913607358932495117e-01,-1.164025425910949707e+00,-9.200126677751541138e-02,7.762664556503295898e-01,-1.142189025878906250e+00,-1.572599983774125576e-03,7.186216711997985840e-01,-1.187923669815063477e+00,5.677424371242523193e-02,7.592927813529968262e-01,-1.185151100158691406e+00
9.615782648324966431e-02,7.891807556152343750e-01,-1.164653062820434570e+00,-8.878225833177566528e-02,7.742286920547485352e-01,-1.141011714935302734e+00,-1.853784895502030849e-03,7.181657552719116211e-01,-1.189654946327209473e+00,5.673290789127349854e-02,7.602662444114685059e-01,-1.187235832214355469e+00
9.638360887765884399e-02,7.884733080863952637e-01,-1.165282726287841797e+00,-8.646935969591140747e-02,7.734184265136718750e-01,-1.140223622322082520e+00,-2.089074347168207169e-03,7.186934351921081543e-01,-1.191179275512695312e+00,5.680059641599655151e-02,7.615635991096496582e-01,-1.188507318496704102e+00
9.675198048353195190e-02,7.888091802597045898e-01,-1.166604399681091309e+00,-8.460951596498489380e-02,7.732880115509033203e-01,-1.139181494712829590e+00,-2.531832549721002579e-03,7.196960449218750000e-01,-1.192215204238891602e+00,5.673340708017349243e-02,7.630335688591003418e-01,-1.188623666763305664e+00
9.552387148141860962e-02,7.881088852882385254e-01,-1.166802644729614258e+00,-8.248073607683181763e-02,7.720628976821899414e-01,-1.137897968292236328e+00,-3.247132990509271622e-03,7.207213044166564941e-01,-1.194266915321350098e+00,5.610295012593269348e-02,7.636642456054687500e-01,-1.190182328224182129e+00
9.361165016889572144e-02,7.879877090454101562e-01,-1.166150808334350586e+00,-8.168336004018783569e-02,7.715685367584228516e-01,-1.137753844261169434e+00,-3.437718842178583145e-03,7.220754027366638184e-01,-1.195714950561523438e+00,5.585944280028343201e-02,7.635853290557861328e-01,-1.191575765609741211e+00
9.189549833536148071e-02,7.882127165794372559e-01,-1.165299415588378906e+00,-8.141540735960006714e-02,7.716687917709350586e-01,-1.138216376304626465e+00,-3.332397434860467911e-03,7.232528924942016602e-01,-1.196407318115234375e+00,5.582490190863609314e-02,7.634447813034057617e-01,-1.192659854888916016e+00
8.910571783781051636e-02,7.881416678428649902e-01,-1.162478923797607422e+00,-8.163634687662124634e-02,7.720976471900939941e-01,-1.139951229095458984e+00,-2.532190177589654922e-03,7.243731021881103516e-01,-1.196576714515686035e+00,5.619542300701141357e-02,7.627273201942443848e-01,-1.194660186767578125e+00
8.833145350217819214e-02,7.884569764137268066e-01,-1.162449598312377930e+00,-8.036360889673233032e-02,7.723005414009094238e-01,-1.140113115310668945e+00,-2.478411886841058731e-03,7.254898548126220703e-01,-1.197200417518615723e+00,5.650225281715393066e-02,7.635398507118225098e-01,-1.195551276206970215e+00
8.803600817918777466e-02,7.872948646545410156e-01,-1.164143562316894531e+00,-7.743219286203384399e-02,7.701928615570068359e-01,-1.137726187705993652e+00,-3.735116217285394669e-03,7.260841727256774902e-01,-1.199698925018310547e+00,5.553707480430603027e-02,7.644453644752502441e-01,-1.196701765060424805e+00
8.692517131567001343e-02,7.865179777145385742e-01,-1.164425134658813477e+00,-7.572618871927261353e-02,7.689546942710876465e-01,-1.136584877967834473e+00,-4.466360900551080704e-03,7.270051836967468262e-01,-1.201634526252746582e+00,5.496241897344589233e-02,7.647669911384582520e-01,-1.197999954223632812e+00
8.572577685117721558e-02,7.861829996109008789e-01,-1.165081143379211426e+00,-7.439251989126205444e-02,7.678743600845336914e-01,-1.135400414466857910e+00,-5.314534995704889297e-03,7.279378771781921387e-01,-1.203411340713500977e+00,5.424789339303970337e-02,7.650003433227539062e-01,-1.198848009109497070e+00
8.372982591390609741e-02,7.856836915016174316e-01,-1.164168357849121094e+00,-7.388926297426223755e-02,7.672748565673828125e-01,-1.135511040687561035e+00,-5.542656872421503067e-03,7.286237478256225586e-01,-1.204611063003540039e+00,5.375016853213310242e-02,7.644501924514770508e-01,-1.200254082679748535e+00
8.286283165216445923e-02,7.856689691543579102e-01,-1.164545536041259766e+00,-7.324672490358352661e-02,7.667403817176818848e-01,-1.134891748428344727e+00,-6.026855204254388809e-03,7.291989922523498535e-01,-1.205429077148437500e+00,5.330419540405273438e-02,7.645021677017211914e-01,-1.200660109519958496e+00
8.179690688848495483e-02,7.862028479576110840e-01,-1.164421319961547852e+00,-7.286740094423294067e-02,7.669915556907653809e-01,-1.134869694709777832e+00,-6.218260619789361954e-03,7.301188111305236816e-01,-1.205909132957458496e+00,5.311818048357963562e-02,7.646360993385314941e-01,-1.200876235961914062e+00
8.007945865392684937e-02,7.857659459114074707e-01,-1.163895845413208008e+00,-7.252252846956253052e-02,7.662786245346069336e-01,-1.134750127792358398e+00,-6.520292256027460098e-03,7.305574417114257812e-01,-1.206872344017028809e+00,5.257774144411087036e-02,7.640457749366760254e-01,-1.201866149902343750e+00
7.938333600759506226e-02,7.855043411254882812e-01,-1.164211511611938477e+00,-7.207757979631423950e-02,7.657085061073303223e-01,-1.134372234344482422e+00,-6.928330752998590469e-03,7.307992577552795410e-01,-1.207671523094177246e+00,5.216484516859054565e-02,7.638807892799377441e-01,-1.202317476272583008e+00
7.907939702272415161e-02,7.864005565643310547e-01,-1.164876341819763184e+00,-7.212986797094345093e-02,7.662400603294372559e-01,-1.134102106094360352e+00,-7.356813643127679825e-03,7.313725352287292480e-01,-1.207705020904541016e+00,5.182016640901565552e-02,7.641733884811401367e-01,-1.201602458953857422e+00
7.922749966382980347e-02,7.854698896408081055e-01,-1.166158914566040039e+00,-7.071093469858169556e-02,7.648036479949951172e-01,-1.132401823997497559e+00,-8.391877636313438416e-03,7.310895323753356934e-01,-1.208931207656860352e+00,5.097662657499313354e-02,7.644805312156677246e-01,-1.201846837997436523e+00
7.912712544202804565e-02,7.849423885345458984e-01,-1.167600154876708984e+00,-7.002950459718704224e-02,7.632150053977966309e-01,-1.130351901054382324e+00,-9.501805528998374939e-03,7.311924695968627930e-01,-1.210534095764160156e+00,4.988795518875122070e-02,7.641255855560302734e-01,-1.201722145080566406e+00
7.807635515928268433e-02,7.854715585708618164e-01,-1.166734576225280762e+00,-7.116410881280899048e-02,7.640476822853088379e-01,-1.131305217742919922e+00,-9.406482800841331482e-03,7.314914464950561523e-01,-1.210313081741333008e+00,4.978231713175773621e-02,7.637238502502441406e-01,-1.201605200767517090e+00
7.673431187868118286e-02,7.854293584823608398e-01,-1.165586471557617188e+00,-7.208155840635299683e-02,7.639035582542419434e-01,-1.131860136985778809e+00,-9.158482775092124939e-03,7.316481471061706543e-01,-1.210419178009033203e+00,4.969083890318870544e-02,7.625917196273803711e-01,-1.202205419540405273e+00
7.705550640821456909e-02,7.854722142219543457e-01,-1.166431427001953125e+00,-7.201511412858963013e-02,7.636623978614807129e-01,-1.131194829940795898e+00,-9.730180725455284119e-03,7.313934564590454102e-01,-1.210657835006713867e+00,4.924183338880538940e-02,7.627189159393310547e-01,-1.201765894889831543e+00
7.795835286378860474e-02,7.868199348449707031e-01,-1.168159723281860352e+00,-7.222271710634231567e-02,7.644029259681701660e-01,-1.130296349525451660e+00,-1.029599271714687347e-02,7.317041754722595215e-01,-1.210188388824462891e+00,4.888061806559562683e-02,7.634181976318359375e-01,-1.199851751327514648e+00
7.805430144071578979e-02,7.857507467269897461e-01,-1.168681621551513672e+00,-7.129075378179550171e-02,7.630321979522705078e-01,-1.129038333892822266e+00,-1.085734926164150238e-02,7.312551140785217285e-01,-1.211095929145812988e+00,4.823331907391548157e-02,7.632371187210083008e-01,-1.200313329696655273e+00
7.746001332998275757e-02,7.860863208770751953e-01,-1.168069720268249512e+00,-7.205470651388168335e-02,7.634426355361938477e-01,-1.129466533660888672e+00,-1.075123809278011322e-02,7.315644025802612305e-01,-1.211052417755126953e+00,4.823042452335357666e-02,7.628667950630187988e-01,-1.200207829475402832e+00
7.633190602064132690e-02,7.862446904182434082e-01,-1.166432261466979980e+00,-7.309458404779434204e-02,7.639779448509216309e-01,-1.130874395370483398e+00,-1.003993116319179535e-02,7.317769527435302734e-01,-1.210626840591430664e+00,4.868582636117935181e-02,7.620605230331420898e-01,-1.200876116752624512e+00
7.717227190732955933e-02,7.856408953666687012e-01,-1.168211817741394043e+00,-7.187613099813461304e-02,7.628471851348876953e-01,-1.129209637641906738e+00,-1.107071898877620697e-02,7.313382625579833984e-01,-1.211512804031372070e+00,4.800478368997573853e-02,7.626807689666748047e-01,-1.200617909431457520e+00
7.731553167104721069e-02,7.856460213661193848e-01,-1.169430255889892578e+00,-7.144794613122940063e-02,7.621185779571533203e-01,-1.127756595611572266e+00,-1.184529624879360199e-02,7.314330339431762695e-01,-1.212353944778442383e+00,4.721891507506370544e-02,7.626562118530273438e-01,-1.200117588043212891e+00
7.643567770719528198e-02,7.862241864204406738e-01,-1.168756127357482910e+00,-7.239901274442672729e-02,7.627695202827453613e-01,-1.128270387649536133e+00,-1.184088550508022308e-02,7.318296432495117188e-01,-1.212158441543579102e+00,4.705828055739402771e-02,7.623102068901062012e-01,-1.199849605560302734e+00
7.588715106248855591e-02,7.862311601638793945e-01,-1.167833685874938965e+00,-7.258198410272598267e-02,7.629263997077941895e-01,-1.128719806671142578e+00,-1.143652759492397308e-02,7.321465015411376953e-01,-1.211848974227905273e+00,4.737323895096778870e-02,7.619764804840087891e-01,-1.200195312500000000e+00
7.558660954236984253e-02,7.863611578941345215e-01,-1.168004512786865234e+00,-7.270092517137527466e-02,7.627761363983154297e-01,-1.128390192985534668e+00,-1.170792244374752045e-02,7.322589755058288574e-01,-1.212124824523925781e+00,4.707511141896247864e-02,7.617852687835693359e-01,-1.200098633766174316e+00
7.662551850080490112e-02,7.868339419364929199e-01,-1.169603824615478516e+00,-7.184664160013198853e-02,7.629062533378601074e-01,-1.127364635467529297e+00,-1.230006478726863861e-02,7.323581576347351074e-01,-1.212094068527221680e+00,4.687602818012237549e-02,7.629176974296569824e-01,-1.199100613594055176e+00
7.627972215414047241e-02,7.857586741447448730e-01,-1.170045256614685059e+00,-7.113210111856460571e-02,7.614091038703918457e-01,-1.126100778579711914e+00,-1.300648413598537445e-02,7.319813370704650879e-01,-1.213460922241210938e+00,4.593573510646820068e-02,7.624198198318481445e-01,-1.199716687202453613e+00
7.480069249868392944e-02,7.857282161712646484e-01,-1.168954491615295410e+00,-7.202275842428207397e-02,7.612921595573425293e-01,-1.126477479934692383e+00,-1.300082169473171234e-02,7.324004173278808594e-01,-1.213848233222961426e+00,4.575166851282119751e-02,7.614797353744506836e-01,-1.200129747390747070e+00
7.433547824621200562e-02,7.866117954254150391e-01,-1.167991399765014648e+00,-7.313547283411026001e-02,7.627657055854797363e-01,-1.128189802169799805e+00,-1.230906508862972260e-02,7.326149940490722656e-01,-1.212701320648193359e+00,4.636757820844650269e-02,7.614328861236572266e-01,-1.199936151504516602e+00
7.584863156080245972e-02,7.865976095199584961e-01,-1.170472025871276855e+00,-7.179573923349380493e-02,7.618736028671264648e-01,-1.126013398170471191e+00,-1.336177252233028412e-02,7.323327064514160156e-01,-1.213314294815063477e+00,4.562002792954444885e-02,7.622996568679809570e-01,-1.198907971382141113e+00
7.563320547342300415e-02,7.854236960411071777e-01,-1.170034050941467285e+00,-7.122013717889785767e-02,7.609092593193054199e-01,-1.125725150108337402e+00,-1.346828602254390717e-02,7.320090532302856445e-01,-1.214035749435424805e+00,4.549764841794967651e-02,7.620738744735717773e-01,-1.199865698814392090e+00
7.521713525056838989e-02,7.862581014633178711e-01,-1.169746160507202148e+00,-7.223079353570938110e-02,7.615347504615783691e-01,-1.126284122467041016e+00,-1.310860179364681244e-02,7.324771285057067871e-01,-1.213703632354736328e+00,4.566191881895065308e-02,7.615178823471069336e-01,-1.199452877044677734e+00
7.459437102079391479e-02,7.869042754173278809e-01,-1.168767452239990234e+00,-7.313475757837295532e-02,7.625545263290405273e-01,-1.127322077751159668e+00,-1.273291371762752533e-02,7.326832413673400879e-01,-1.212930202484130859e+00,4.590425640344619751e-02,7.614141702651977539e-01,-1.199325203895568848e+00
7.595021277666091919e-02,7.859910726547241211e-01,-1.170635461807250977e+00,-7.148868590593338013e-02,7.612169981002807617e-01,-1.125502705574035645e+00,-1.362802647054195404e-02,7.321245670318603516e-01,-1.213768959045410156e+00,4.539508000016212463e-02,7.621372938156127930e-01,-1.199211597442626953e+00
7.574852555990219116e-02,7.866151928901672363e-01,-1.171159625053405762e+00,-7.176890224218368530e-02,7.613535523414611816e-01,-1.124938130378723145e+00,-1.402764581143856049e-02,7.325073480606079102e-01,-1.214106321334838867e+00,4.498897492885589600e-02,7.621700763702392578e-01,-1.198572635650634766e+00
7.507749646902084351e-02,7.864516973495483398e-01,-1.170339584350585938e+00,-7.194102555513381958e-02,7.614336609840393066e-01,-1.125359058380126953e+00,-1.383863948285579681e-02,7.325965762138366699e-01,-1.214000821113586426e+00,4.501080885529518127e-02,7.618405818939208984e-01,-1.198952794075012207e+00
7.455810159444808960e-02,7.882865071296691895e-01,-1.169302105903625488e+00,-7.345358282327651978e-02,7.636089324951171875e-01,-1.127036690711975098e+00,-1.298867724835872650e-02,7.333045005798339844e-01,-1.212303042411804199e+00,4.571076855063438416e-02,7.619981765747070312e-01,-1.197934031486511230e+00
7.470098882913589478e-02,7.873085737228393555e-01,-1.169544339179992676e+00,-7.254273444414138794e-02,7.626825571060180664e-01,-1.126711368560791016e+00,-1.303013227880001068e-02,7.328940033912658691e-01,-1.212706327438354492e+00,4.563475772738456726e-02,7.619295716285705566e-01,-1.198631405830383301e+00
7.491981238126754761e-02,7.869685292243957520e-01,-1.169817686080932617e+00,-7.217470556497573853e-02,7.621710896492004395e-01,-1.126328587532043457e+00,-1.318435929715633392e-02,7.328253984451293945e-01,-1.213300228118896484e+00,4.561609774827957153e-02,7.619279623031616211e-01,-1.199011325836181641e+00
7.490126043558120728e-02,7.865067720413208008e-01,-1.169191718101501465e+00,-7.224246114492416382e-02,7.621805667877197266e-01,-1.127049088478088379e+00,-1.281788013875484467e-02,7.325967550277709961e-01,-1.213202953338623047e+00,4.597894102334976196e-02,7.618761062622070312e-01,-1.199632644653320312e+00
7.597660273313522339e-02,7.871078848838806152e-01,-1.170914649963378906e+00,-7.192955166101455688e-02,7.621582150459289551e-01,-1.125899672508239746e+00,-1.340672932565212250e-02,7.325979471206665039e-01,-1.213232159614562988e+00,4.558749496936798096e-02,7.624240517616271973e-01,-1.198465347290039062e+00
7.472472637891769409e-02,7.868125438690185547e-01,-1.169446468353271484e+00,-7.271193712949752808e-02,7.620176672935485840e-01,-1.126404404640197754e+00,-1.312548480927944183e-02,7.327386140823364258e-01,-1.213454127311706543e+00,4.544442892074584961e-02,7.613567709922790527e-01,-1.199133038520812988e+00
7.457906752824783325e-02,7.865386009216308594e-01,-1.169567942619323730e+00,-7.252944260835647583e-02,7.617399692535400391e-01,-1.126110911369323730e+00,-1.345931552350521088e-02,7.325595021247863770e-01,-1.213589906692504883e+00,4.519584774971008301e-02,7.614495754241943359e-01,-1.199178338050842285e+00
7.553683966398239136e-02,7.875472903251647949e-01,-1.170493841171264648e+00,-7.221814244985580444e-02,7.625757455825805664e-01,-1.125784277915954590e+00,-1.348233781754970551e-02,7.329941987991333008e-01,-1.212936520576477051e+00,4.549900442361831665e-02,7.624264955520629883e-01,-1.197984218597412109e+00
7.577659934759140015e-02,7.871149778366088867e-01,-1.170774698257446289e+00,-7.190711051225662231e-02,7.620351910591125488e-01,-1.125409722328186035e+00,-1.358934305608272552e-02,7.327293753623962402e-01,-1.213283538818359375e+00,4.533980041742324829e-02,7.623186707496643066e-01,-1.198266983032226562e+00
7.438879460096359253e-02,7.862254381179809570e-01,-1.169357776641845703e+00,-7.227449864149093628e-02,7.613860964775085449e-01,-1.125880241394042969e+00,-1.348825357854366302e-02,7.326202988624572754e-01,-1.213985562324523926e+00,4.512261599302291870e-02,7.613076567649841309e-01,-1.199515938758850098e+00
7.393748313188552856e-02,7.858374118804931641e-01,-1.168974876403808594e+00,-7.227598875761032104e-02,7.610949873924255371e-01,-1.126198172569274902e+00,-1.342104934155941010e-02,7.325515151023864746e-01,-1.214249610900878906e+00,4.523870721459388733e-02,7.611064314842224121e-01,-1.200147509574890137e+00
7.475738972425460815e-02,7.865928411483764648e-01,-1.170033097267150879e+00,-7.225096970796585083e-02,7.617912888526916504e-01,-1.126047849655151367e+00,-1.369481347501277924e-02,7.326071858406066895e-01,-1.213834643363952637e+00,4.522950202226638794e-02,7.619042992591857910e-01,-1.199126482009887695e+00
7.535374909639358521e-02,7.861237525939941406e-01,-1.171014308929443359e+00,-7.122356444597244263e-02,7.608274221420288086e-01,-1.124715566635131836e+00,-1.415791176259517670e-02,7.325048446655273438e-01,-1.214607477188110352e+00,4.479977488517761230e-02,7.620304226875305176e-01,-1.199177980422973633e+00
7.440393418073654175e-02,7.858656644821166992e-01,-1.170347094535827637e+00,-7.178919762372970581e-02,7.604066729545593262e-01,-1.124658703804016113e+00,-1.426874659955501556e-02,7.326350212097167969e-01,-1.215047121047973633e+00,4.452116787433624268e-02,7.613041400909423828e-01,-1.199507474899291992e+00
7.338709384202957153e-02,7.865344285964965820e-01,-1.168655276298522949e+00,-7.309263199567794800e-02,7.617956995964050293e-01,-1.126655220985412598e+00,-1.340388320386409760e-02,7.329685688018798828e-01,-1.213990688323974609e+00,4.521156847476959229e-02,7.609294056892395020e-01,-1.199743032455444336e+00
7.473374158143997192e-02,7.862562537193298340e-01,-1.170703887939453125e+00,-7.162246853113174438e-02,7.608692049980163574e-01,-1.124998688697814941e+00,-1.409784518182277679e-02,7.326805591583251953e-01,-1.214602231979370117e+00,4.482774063944816589e-02,7.616522312164306641e-01,-1.199308872222900391e+00
7.477464526891708374e-02,7.867723107337951660e-01,-1.170844078063964844e+00,-7.200976461172103882e-02,7.613709568977355957e-01,-1.125032901763916016e+00,-1.412842236459255219e-02,7.328154444694519043e-01,-1.214239358901977539e+00,4.466198384761810303e-02,7.617889642715454102e-01,-1.198596596717834473e+00
7.498771697282791138e-02,7.864543199539184570e-01,-1.171214342117309570e+00,-7.134357839822769165e-02,7.608707547187805176e-01,-1.124233126640319824e+00,-1.455610059201717377e-02,7.328060269355773926e-01,-1.214789152145385742e+00,4.442900046706199646e-02,7.620403766632080078e-01,-1.198729038238525391e+00
7.373935729265213013e-02,7.866679430007934570e-01,-1.169171094894409180e+00,-7.267745584249496460e-02,7.617387175559997559e-01,-1.126138448715209961e+00,-1.353529654443264008e-02,7.330473661422729492e-01,-1.213990926742553711e+00,4.505532234907150269e-02,7.611872553825378418e-01,-1.199339151382446289e+00
7.436206191778182983e-02,7.869084477424621582e-01,-1.169889211654663086e+00,-7.263090461492538452e-02,7.618116140365600586e-01,-1.125959873199462891e+00,-1.363638602197170258e-02,7.328959703445434570e-01,-1.213823437690734863e+00,4.508687555789947510e-02,7.613689303398132324e-01,-1.198953270912170410e+00
7.487054914236068726e-02,7.870833277702331543e-01,-1.170640826225280762e+00,-7.217422872781753540e-02,7.617639899253845215e-01,-1.125282406806945801e+00,-1.393804512917995453e-02,7.328888177871704102e-01,-1.213843345642089844e+00,4.489133134484291077e-02,7.619066834449768066e-01,-1.198451519012451172e+00
7.512388378381729126e-02,7.863025069236755371e-01,-1.171190857887268066e+00,-7.145715504884719849e-02,7.606834173202514648e-01,-1.124268889427185059e+00,-1.436435244977474213e-02,7.326652407646179199e-01,-1.214599370956420898e+00,4.453062266111373901e-02,7.618153095245361328e-01,-1.198743939399719238e+00
7.450828701257705688e-02,7.860463261604309082e-01,-1.170557856559753418e+00,-7.186008244752883911e-02,7.605837583541870117e-01,-1.124565839767456055e+00,-1.440354250371456146e-02,7.326450347900390625e-01,-1.214905738830566406e+00,4.440084844827651978e-02,7.613668441772460938e-01,-1.199192047119140625e+00
7.381751388311386108e-02,7.865695953369140625e-01,-1.169770002365112305e+00,-7.258082181215286255e-02,7.612589597702026367e-01,-1.125558376312255859e+00,-1.389130018651485443e-02,7.329484820365905762e-01,-1.214472889900207520e+00,4.475101828575134277e-02,7.611124515533447266e-01,-1.199275493621826172e+00
7.459326833486557007e-02,7.869833707809448242e-01,-1.171134710311889648e+00,-7.227934151887893677e-02,7.612279653549194336e-01,-1.124767065048217773e+00,-1.434992812573909760e-02,7.329318523406982422e-01,-1.214511871337890625e+00,4.444880783557891846e-02,7.614360451698303223e-01,-1.198513507843017578e+00
7.460192590951919556e-02,7.875264286994934082e-01,-1.171157240867614746e+00,-7.238116115331649780e-02,7.618398666381835938e-01,-1.124951362609863281e+00,-1.425235532224178314e-02,7.331596612930297852e-01,-1.214070916175842285e+00,4.448668286204338074e-02,7.617459297180175781e-01,-1.197968840599060059e+00
7.444863766431808472e-02,7.864403128623962402e-01,-1.170575022697448730e+00,-7.182518392801284790e-02,7.609169483184814453e-01,-1.124587416648864746e+00,-1.431421004235744476e-02,7.328669428825378418e-01,-1.214612245559692383e+00,4.442086815834045410e-02,7.614368796348571777e-01,-1.198916196823120117e+00
7.380659133195877075e-02,7.865068316459655762e-01,-1.169971466064453125e+00,-7.246939092874526978e-02,7.609883546829223633e-01,-1.124949455261230469e+00,-1.422641240060329437e-02,7.330475449562072754e-01,-1.214735627174377441e+00,4.444737732410430908e-02,7.610595822334289551e-01,-1.199065089225769043e+00
7.359639555215835571e-02,7.860659956932067871e-01,-1.170049309730529785e+00,-7.224801927804946899e-02,7.606374621391296387e-01,-1.125068664550781250e+00,-1.431376300752162933e-02,7.327397465705871582e-01,-1.214983940124511719e+00,4.430245980620384216e-02,7.609500885009765625e-01,-1.199527978897094727e+00
7.454749196767807007e-02,7.860806584358215332e-01,-1.171469688415527344e+00,-7.154411822557449341e-02,7.602022290229797363e-01,-1.123749017715454102e+00,-1.506122015416622162e-02,7.326132655143737793e-01,-1.215418577194213867e+00,4.387537389993667603e-02,7.615286707878112793e-01,-1.198873758316040039e+00
7.435404509305953979e-02,7.858909368515014648e-01,-1.171787738800048828e+00,-7.139196246862411499e-02,7.596983909606933594e-01,-1.123064875602722168e+00,-1.543683372437953949e-02,7.326962947845458984e-01,-1.215954065322875977e+00,4.345804452896118164e-02,7.613723278045654297e-01,-1.198808908462524414e+00
7.354103773832321167e-02,7.875675559043884277e-01,-1.170578718185424805e+00,-7.296244055032730103e-02,7.616762518882751465e-01,-1.124694466590881348e+00,-1.465577445924282074e-02,7.335121035575866699e-01,-1.214657306671142578e+00,4.401431977748870850e-02,7.611905932426452637e-01,-1.198067784309387207e+00
7.319270819425582886e-02,7.871413230895996094e-01,-1.169890165328979492e+00,-7.297227531671524048e-02,7.614389657974243164e-01,-1.125028729438781738e+00,-1.432300172746181488e-02,7.333286404609680176e-01,-1.214387178421020508e+00,4.415411874651908875e-02,7.608200907707214355e-01,-1.198577523231506348e+00
7.392268627882003784e-02,7.866080403327941895e-01,-1.171149969100952148e+00,-7.191766053438186646e-02,7.606039643287658691e-01,-1.123939990997314453e+00,-1.490878127515316010e-02,7.329899072647094727e-01,-1.215033531188964844e+00,4.381381720304489136e-02,7.612890005111694336e-01,-1.198509812355041504e+00
7.429883629083633423e-02,7.858961820602416992e-01,-1.172103285789489746e+00,-7.103668898344039917e-02,7.595155835151672363e-01,-1.122624278068542480e+00,-1.568747870624065399e-02,7.327043414115905762e-01,-1.216121673583984375e+00,4.318140447139739990e-02,7.615461349487304688e-01,-1.198633193969726562e+00
7.313015311956405640e-02,7.870486974716186523e-01,-1.170583724975585938e+00,-7.264479249715805054e-02,7.608808875083923340e-01,-1.123896837234497070e+00,-1.509377919137477875e-02,7.334717512130737305e-01,-1.215171933174133301e+00,4.358867555856704712e-02,7.609993219375610352e-01,-1.198224067687988281e+00
7.296548038721084595e-02,7.866072654724121094e-01,-1.170480966567993164e+00,-7.251983135938644409e-02,7.606128454208374023e-01,-1.124237656593322754e+00,-1.494063995778560638e-02,7.331839203834533691e-01,-1.215300798416137695e+00,4.360680282115936279e-02,7.607293128967285156e-01,-1.198756456375122070e+00
7.329406589269638062e-02,7.866674661636352539e-01,-1.170878767967224121e+00,-7.228124886751174927e-02,7.606018781661987305e-01,-1.124072313308715820e+00,-1.505400799214839935e-02,7.331141233444213867e-01,-1.215351700782775879e+00,4.359650611877441406e-02,7.609978318214416504e-01,-1.198695421218872070e+00
7.423939555883407593e-02,7.869973182678222656e-01,-1.171837329864501953e+00,-7.178392261266708374e-02,7.607452273368835449e-01,-1.123500466346740723e+00,-1.520792208611965179e-02,7.331761121749877930e-01,-1.215143680572509766e+00,4.365820810198783875e-02,7.616201639175415039e-01,-1.197998881340026855e+00
7.416794449090957642e-02,7.872050404548645020e-01,-1.172049999237060547e+00,-7.184628397226333618e-02,7.607480883598327637e-01,-1.123145461082458496e+00,-1.541612111032009125e-02,7.332617044448852539e-01,-1.215261459350585938e+00,4.332381859421730042e-02,7.615764737129211426e-01,-1.197695255279541016e+00
7.286845892667770386e-02,7.864777445793151855e-01,-1.170049786567687988e+00,-7.238320261240005493e-02,7.606572508811950684e-01,-1.124387145042419434e+00,-1.476923190057277679e-02,7.332330942153930664e-01,-1.215207815170288086e+00,4.373900592327117920e-02,7.607880234718322754e-01,-1.199014186859130859e+00
7.328399270772933960e-02,7.864345312118530273e-01,-1.170148372650146484e+00,-7.246059924364089966e-02,7.606914043426513672e-01,-1.124608159065246582e+00,-1.463990472257137299e-02,7.330520749092102051e-01,-1.215075612068176270e+00,4.399783536791801453e-02,7.607821226119995117e-01,-1.199090003967285156e+00
7.366543263196945190e-02,7.867086529731750488e-01,-1.170372724533081055e+00,-7.239624112844467163e-02,7.612406611442565918e-01,-1.125224351882934570e+00,-1.433693431317806244e-02,7.329978346824645996e-01,-1.214599251747131348e+00,4.435074329376220703e-02,7.612342238426208496e-01,-1.198924660682678223e+00
7.481539994478225708e-02,7.876006364822387695e-01,-1.172005176544189453e+00,-7.189407199621200562e-02,7.614738345146179199e-01,-1.124038219451904297e+00,-1.483636163175106049e-02,7.332487702369689941e-01,-1.214535713195800781e+00,4.414190351963043213e-02,7.620660662651062012e-01,-1.197681069374084473e+00
7.439526170492172241e-02,7.871690392494201660e-01,-1.172296404838562012e+00,-7.163960486650466919e-02,7.605501413345336914e-01,-1.122775554656982422e+00,-1.548660360276699066e-02,7.332916855812072754e-01,-1.215268492698669434e+00,4.333554953336715698e-02,7.617196440696716309e-01,-1.197568416595458984e+00
7.265273481607437134e-02,7.876548171043395996e-01,-1.169877171516418457e+00,-7.338307052850723267e-02,7.616974115371704102e-01,-1.124943256378173828e+00,-1.445578597486019135e-02,7.336994409561157227e-01,-1.214551091194152832e+00,4.386232793331146240e-02,7.605155706405639648e-01,-1.198201894760131836e+00
7.376743108034133911e-02,7.868149876594543457e-01,-1.171121597290039062e+00,-7.201353460550308228e-02,7.607961893081665039e-01,-1.124001741409301758e+00,-1.495300792157649994e-02,7.331213951110839844e-01,-1.214885711669921875e+00,4.376547038555145264e-02,7.612887024879455566e-01,-1.198360323905944824e+00
7.360985130071640015e-02,7.863987088203430176e-01,-1.171355128288269043e+00,-7.153499871492385864e-02,7.600993514060974121e-01,-1.123169898986816406e+00,-1.540880464017391205e-02,7.331089377403259277e-01,-1.215801119804382324e+00,4.331382364034652710e-02,7.612942457199096680e-01,-1.198675394058227539e+00
7.426621764898300171e-02,7.871760725975036621e-01,-1.172615289688110352e+00,-7.147046178579330444e-02,7.604219317436218262e-01,-1.122739553451538086e+00,-1.561973057687282562e-02,7.333596348762512207e-01,-1.215655922889709473e+00,4.324550926685333252e-02,7.616731524467468262e-01,-1.197733879089355469e+00
7.279521971940994263e-02,7.865059971809387207e-01,-1.170325517654418945e+00,-7.231300324201583862e-02,7.604658007621765137e-01,-1.124053001403808594e+00,-1.498142443597316742e-02,7.332540154457092285e-01,-1.215457916259765625e+00,4.346907511353492737e-02,7.606840729713439941e-01,-1.198956727981567383e+00
7.260320335626602173e-02,7.862417101860046387e-01,-1.169976949691772461e+00,-7.238201051950454712e-02,7.604143023490905762e-01,-1.124566078186035156e+00,-1.481719873845577240e-02,7.330870032310485840e-01,-1.215481877326965332e+00,4.371719062328338623e-02,7.606216669082641602e-01,-1.199432730674743652e+00
7.314697653055191040e-02,7.865409851074218750e-01,-1.171229839324951172e+00,-7.212410122156143188e-02,7.599346637725830078e-01,-1.123346090316772461e+00,-1.529732905328273773e-02,7.332063913345336914e-01,-1.215950846672058105e+00,4.327867925167083740e-02,7.605866193771362305e-01,-1.198788166046142578e+00
7.346794754266738892e-02,7.868561744689941406e-01,-1.171588301658630371e+00,-7.186699658632278442e-02,7.604077458381652832e-01,-1.123223304748535156e+00,-1.554830931127071381e-02,7.333118319511413574e-01,-1.215691328048706055e+00,4.324241727590560913e-02,7.613066434860229492e-01,-1.198281049728393555e+00
7.342838495969772339e-02,7.856116890907287598e-01,-1.171570062637329102e+00,-7.112822681665420532e-02,7.592318058013916016e-01,-1.122826337814331055e+00,-1.570039056241512299e-02,7.328834533691406250e-01,-1.216548323631286621e+00,4.305391386151313782e-02,7.609891295433044434e-01,-1.199285626411437988e+00
7.265929132699966431e-02,7.873163819313049316e-01,-1.170422315597534180e+00,-7.295451313257217407e-02,7.611923217773437500e-01,-1.124305605888366699e+00,-1.508726738393306732e-02,7.335561513900756836e-01,-1.215220689773559570e+00,4.343409836292266846e-02,7.607944607734680176e-01,-1.198304414749145508e+00
7.269423454999923706e-02,7.869717478752136230e-01,-1.170639872550964355e+00,-7.249379903078079224e-02,7.607287168502807617e-01,-1.124074459075927734e+00,-1.510210894048213959e-02,7.334535121917724609e-01,-1.215451002120971680e+00,4.343731701374053955e-02,7.607526779174804688e-01,-1.198682785034179688e+00
7.345197349786758423e-02,7.868149280548095703e-01,-1.171657562255859375e+00,-7.163793593645095825e-02,7.603648900985717773e-01,-1.123287796974182129e+00,-1.543126069009304047e-02,7.332853674888610840e-01,-1.215610384941101074e+00,4.327762871980667114e-02,7.612787485122680664e-01,-1.198346614837646484e+00
7.309757918119430542e-02,7.862173914909362793e-01,-1.171550750732421875e+00,-7.149154692888259888e-02,7.595686316490173340e-01,-1.122849225997924805e+00,-1.567024551331996918e-02,7.332888245582580566e-01,-1.216461300849914551e+00,4.304327070713043213e-02,7.608854174613952637e-01,-1.198914647102355957e+00
7.228005677461624146e-02,7.869312167167663574e-01,-1.170352458953857422e+00,-7.263538986444473267e-02,7.606977820396423340e-01,-1.124195814132690430e+00,-1.505145989358425140e-02,7.335886955261230469e-01,-1.215504527091979980e+00,4.339346662163734436e-02,7.605413794517517090e-01,-1.198716998100280762e+00
7.283865660429000854e-02,7.869485616683959961e-01,-1.170669674873352051e+00,-7.241380959749221802e-02,7.607885003089904785e-01,-1.124282360076904297e+00,-1.495554111897945404e-02,7.334183454513549805e-01,-1.215280413627624512e+00,4.363783448934555054e-02,7.608041167259216309e-01,-1.198671817779541016e+00
7.443287223577499390e-02,7.873852849006652832e-01,-1.172645092010498047e+00,-7.142073661088943481e-02,7.608464360237121582e-01,-1.123188495635986328e+00,-1.544568501412868500e-02,7.333572506904602051e-01,-1.215268611907958984e+00,4.351316392421722412e-02,7.619816064834594727e-01,-1.197634100914001465e+00
7.418455928564071655e-02,7.869156599044799805e-01,-1.172812700271606445e+00,-7.119936496019363403e-02,7.599960565567016602e-01,-1.122159004211425781e+00,-1.594585739076137543e-02,7.332650423049926758e-01,-1.215953946113586426e+00,4.286628961563110352e-02,7.616120576858520508e-01,-1.197702884674072266e+00
7.284402102231979370e-02,7.872720956802368164e-01,-1.170754909515380859e+00,-7.242841273546218872e-02,7.609653472900390625e-01,-1.123728156089782715e+00,-1.517312787473201752e-02,7.336622476577758789e-01,-1.215163230895996094e+00,4.333709180355072021e-02,7.609931230545043945e-01,-1.198050975799560547e+00
7.324073463678359985e-02,7.881597280502319336e-01,-1.171407938003540039e+00,-7.264528423547744751e-02,7.617818117141723633e-01,-1.124014139175415039e+00,-1.517646573483943939e-02,7.338446974754333496e-01,-1.214660644531250000e+00,4.353810101747512817e-02,7.614785432815551758e-01,-1.197359204292297363e+00
7.288142293691635132e-02,7.872225642204284668e-01,-1.170441269874572754e+00,-7.236165553331375122e-02,7.612206935882568359e-01,-1.124555349349975586e+00,-1.468809507787227631e-02,7.335586547851562500e-01,-1.214891433715820312e+00,4.382995516061782837e-02,7.610054612159729004e-01,-1.198589324951171875e+00
7.405453175306320190e-02,7.863568067550659180e-01,-1.172163367271423340e+00,-7.100293785333633423e-02,7.598682641983032227e-01,-1.122958660125732422e+00,-1.543221436440944672e-02,7.330675721168518066e-01,-1.215785264968872070e+00,4.342119023203849792e-02,7.615237236022949219e-01,-1.198545932769775391e+00
7.362445443868637085e-02,7.874093651771545410e-01,-1.171356439590454102e+00,-7.210094481706619263e-02,7.611462473869323730e-01,-1.123847246170043945e+00,-1.510805450379848480e-02,7.334893941879272461e-01,-1.215088129043579102e+00,4.362054914236068726e-02,7.615136504173278809e-01,-1.197991728782653809e+00
7.222139090299606323e-02,7.871260046958923340e-01,-1.169238090515136719e+00,-7.316132634878158569e-02,7.614375352859497070e-01,-1.125279307365417480e+00,-1.429612003266811371e-02,7.335963845252990723e-01,-1.214549541473388672e+00,4.400755465030670166e-02,7.603978514671325684e-01,-1.198891997337341309e+00
7.339536398649215698e-02,7.870742678642272949e-01,-1.170933485031127930e+00,-7.221988588571548462e-02,7.610077261924743652e-01,-1.124474883079528809e+00,-1.473752222955226898e-02,7.332954406738281250e-01,-1.214905738830566406e+00,4.396264255046844482e-02,7.611271739006042480e-01,-1.198580026626586914e+00
7.434574514627456665e-02,7.873066663742065430e-01,-1.171758294105529785e+00,-7.158455997705459595e-02,7.611046433448791504e-01,-1.123908877372741699e+00,-1.486613415181636810e-02,7.333406805992126465e-01,-1.214820742607116699e+00,4.403525590896606445e-02,7.618557214736938477e-01,-1.198107719421386719e+00
7.416596263647079468e-02,7.869394421577453613e-01,-1.171848535537719727e+00,-7.143688946962356567e-02,7.607764601707458496e-01,-1.123721361160278320e+00,-1.508801244199275970e-02,7.331867814064025879e-01,-1.215116977691650391e+00,4.377292469143867493e-02,7.618556618690490723e-01,-1.198184251785278320e+00
7.324957102537155151e-02,7.857875823974609375e-01,-1.170681476593017578e+00,-7.161868363618850708e-02,7.598304152488708496e-01,-1.123990058898925781e+00,-1.494765840470790863e-02,7.329250574111938477e-01,-1.215931653976440430e+00,4.366932809352874756e-02,7.608029842376708984e-01,-1.199569344520568848e+00
7.325736433267593384e-02,7.872537970542907715e-01,-1.170747756958007812e+00,-7.254428416490554810e-02,7.612302303314208984e-01,-1.124574899673461914e+00,-1.475628279149532318e-02,7.334455251693725586e-01,-1.214902877807617188e+00,4.392109811305999756e-02,7.611019611358642578e-01,-1.198390007019042969e+00
7.335890084505081177e-02,7.874467372894287109e-01,-1.171327829360961914e+00,-7.206697016954421997e-02,7.611054778099060059e-01,-1.123882174491882324e+00,-1.507238112390041351e-02,7.335630655288696289e-01,-1.215008378028869629e+00,4.364275932312011719e-02,7.614317536354064941e-01,-1.198017835617065430e+00
7.422985881567001343e-02,7.867377996444702148e-01,-1.173035502433776855e+00,-7.077649980783462524e-02,7.596878409385681152e-01,-1.121833682060241699e+00,-1.614615879952907562e-02,7.332239747047424316e-01,-1.216280102729797363e+00,4.281535744667053223e-02,7.617791891098022461e-01,-1.197954654693603516e+00
7.313752919435501099e-02,7.869809269905090332e-01,-1.171768188476562500e+00,-7.175881415605545044e-02,7.602062225341796875e-01,-1.122765183448791504e+00,-1.572435162961483002e-02,7.335621714591979980e-01,-1.216016292572021484e+00,4.288217797875404358e-02,7.610628604888916016e-01,-1.198130369186401367e+00
7.153967767953872681e-02,7.864935994148254395e-01,-1.169231653213500977e+00,-7.297667115926742554e-02,7.605104446411132812e-01,-1.124860167503356934e+00,-1.462843082845211029e-02,7.335395216941833496e-01,-1.215557575225830078e+00,4.358093068003654480e-02,7.598267793655395508e-01,-1.199604868888854980e+00
7.267520576715469360e-02,7.862871885299682617e-01,-1.171326279640197754e+00,-7.185951620340347290e-02,7.596077322959899902e-01,-1.123220205307006836e+00,-1.560210995376110077e-02,7.331457734107971191e-01,-1.216284513473510742e+00,4.302447289228439331e-02,7.605832815170288086e-01,-1.199045777320861816e+00
7.330813258886337280e-02,7.864234447479248047e-01,-1.171674609184265137e+00,-7.160771638154983521e-02,7.599850296974182129e-01,-1.123321771621704102e+00,-1.553778164088726044e-02,7.331441044807434082e-01,-1.216028809547424316e+00,4.322414845228195190e-02,7.611178755760192871e-01,-1.198723912239074707e+00
7.384216040372848511e-02,7.873475551605224609e-01,-1.172632098197937012e+00,-7.144460827112197876e-02,7.604218721389770508e-01,-1.122639656066894531e+00,-1.580401323735713959e-02,7.335391640663146973e-01,-1.215803027153015137e+00,4.309719800949096680e-02,7.616564035415649414e-01,-1.197703599929809570e+00
7.222532480955123901e-02,7.859188318252563477e-01,-1.170536041259765625e+00,-7.173004001379013062e-02,7.595739364624023438e-01,-1.123348355293273926e+00,-1.550485752522945404e-02,7.332367300987243652e-01,-1.216353535652160645e+00,4.297670722007751465e-02,7.605498433113098145e-01,-1.199421167373657227e+00
7.231662422418594360e-02,7.865226864814758301e-01,-1.170419454574584961e+00,-7.205004245042800903e-02,7.602329254150390625e-01,-1.123822093009948730e+00,-1.522654853761196136e-02,7.335243821144104004e-01,-1.215853810310363770e+00,4.337612167000770569e-02,7.606770992279052734e-01,-1.199076652526855469e+00
7.360612601041793823e-02,7.866870760917663574e-01,-1.172734498977661133e+00,-7.104221731424331665e-02,7.596054673194885254e-01,-1.122041463851928711e+00,-1.618207059800624847e-02,7.333581447601318359e-01,-1.216475367546081543e+00,4.270618408918380737e-02,7.614521980285644531e-01,-1.198195219039916992e+00
7.331981509923934937e-02,7.870331406593322754e-01,-1.171882390975952148e+00,-7.152456790208816528e-02,7.604250311851501465e-01,-1.123106718063354492e+00,-1.553330384194850922e-02,7.336012125015258789e-01,-1.215757846832275391e+00,4.320485144853591919e-02,7.614423036575317383e-01,-1.198132753372192383e+00
7.230258733034133911e-02,7.862023115158081055e-01,-1.170754909515380859e+00,-7.175321131944656372e-02,7.595614790916442871e-01,-1.122980237007141113e+00,-1.558746956288814545e-02,7.334361076354980469e-01,-1.216353178024291992e+00,4.290868341922760010e-02,7.604745030403137207e-01,-1.199126601219177246e+00
7.207331806421279907e-02,7.876512408256530762e-01,-1.169864654541015625e+00,-7.323556393384933472e-02,7.614688277244567871e-01,-1.124720215797424316e+00,-1.472734473645687103e-02,7.339666485786437988e-01,-1.214876174926757812e+00,4.367567598819732666e-02,7.603818178176879883e-01,-1.198390603065490723e+00
7.278617471456527710e-02,7.868317365646362305e-01,-1.170982241630554199e+00,-7.193944603204727173e-02,7.605835199356079102e-01,-1.124011278152465820e+00,-1.514475606381893158e-02,7.334119677543640137e-01,-1.215405464172363281e+00,4.350768029689788818e-02,7.610353231430053711e-01,-1.198753118515014648e+00
7.355221360921859741e-02,7.860183119773864746e-01,-1.172365427017211914e+00,-7.096079736948013306e-02,7.592947483062744141e-01,-1.122497320175170898e+00,-1.596715115010738373e-02,7.329618334770202637e-01,-1.216596126556396484e+00,4.283002018928527832e-02,7.612024545669555664e-01,-1.198821306228637695e+00
7.308761030435562134e-02,7.869474291801452637e-01,-1.171673655509948730e+00,-7.176388055086135864e-02,7.603524327278137207e-01,-1.123256802558898926e+00,-1.556239835917949677e-02,7.334792017936706543e-01,-1.215910792350769043e+00,4.312056303024291992e-02,7.611529231071472168e-01,-1.198371529579162598e+00
7.248029857873916626e-02,7.872373461723327637e-01,-1.170703291893005371e+00,-7.246557623147964478e-02,7.608186006546020508e-01,-1.123972296714782715e+00,-1.513933204114437103e-02,7.337002158164978027e-01,-1.215454816818237305e+00,4.336156696081161499e-02,7.606724500656127930e-01,-1.198506712913513184e+00
7.302997261285781860e-02,7.876753211021423340e-01,-1.171955585479736328e+00,-7.203454524278640747e-02,7.607542872428894043e-01,-1.123040437698364258e+00,-1.569670997560024261e-02,7.338045239448547363e-01,-1.215672850608825684e+00,4.304241389036178589e-02,7.612473964691162109e-01,-1.197757124900817871e+00
7.312455028295516968e-02,7.872170209884643555e-01,-1.172358632087707520e+00,-7.154589146375656128e-02,7.602145075798034668e-01,-1.122399449348449707e+00,-1.608791016042232513e-02,7.336556315422058105e-01,-1.216135740280151367e+00,4.266143217682838440e-02,7.613537907600402832e-01,-1.197826862335205078e+00
7.356476038694381714e-02,7.873905301094055176e-01,-1.173116922378540039e+00,-7.099548727273941040e-02,7.600160241127014160e-01,-1.121478319168090820e+00,-1.646654866635799408e-02,7.337415814399719238e-01,-1.216239571571350098e+00,4.241554811596870422e-02,7.617794275283813477e-01,-1.197271466255187988e+00
7.262233644723892212e-02,7.876194715499877930e-01,-1.172260522842407227e+00,-7.198252528905868530e-02,7.603496313095092773e-01,-1.122039198875427246e+00,-1.633947156369686127e-02,7.339949607849121094e-01,-1.216217041015625000e+00,4.227671027183532715e-02,7.610955238342285156e-01,-1.197316288948059082e+00
7.183521240949630737e-02,7.874189019203186035e-01,-1.170886993408203125e+00,-7.254008203744888306e-02,7.606224417686462402e-01,-1.123213768005371094e+00,-1.567472331225872040e-02,7.339782118797302246e-01,-1.215738296508789062e+00,4.272620379924774170e-02,7.605308890342712402e-01,-1.198003888130187988e+00
7.207187265157699585e-02,7.862079143524169922e-01,-1.171007990837097168e+00,-7.170496135950088501e-02,7.596815228462219238e-01,-1.123225092887878418e+00,-1.575980149209499359e-02,7.333499193191528320e-01,-1.216395020484924316e+00,4.280126467347145081e-02,7.606311440467834473e-01,-1.199149012565612793e+00
7.316745072603225708e-02,7.864062786102294922e-01,-1.172480344772338867e+00,-7.100968807935714722e-02,7.593293190002441406e-01,-1.122030258178710938e+00,-1.629257760941982269e-02,7.332894206047058105e-01,-1.216822862625122070e+00,4.253022745251655579e-02,7.612121701240539551e-01,-1.198503971099853516e+00
7.341932505369186401e-02,7.873728275299072266e-01,-1.173109292984008789e+00,-7.114093750715255737e-02,7.599828243255615234e-01,-1.121605515480041504e+00,-1.649064384400844574e-02,7.337874770164489746e-01,-1.216419935226440430e+00,4.238127917051315308e-02,7.616271972656250000e-01,-1.197363138198852539e+00
7.216993719339370728e-02,7.879517078399658203e-01,-1.170872211456298828e+00,-7.284391671419143677e-02,7.613354325294494629e-01,-1.123832464218139648e+00,-1.528826914727687836e-02,7.341296672821044922e-01,-1.215215206146240234e+00,4.310274124145507812e-02,7.607489228248596191e-01,-1.197691559791564941e+00
7.229424268007278442e-02,7.866497635841369629e-01,-1.170991182327270508e+00,-7.184612005949020386e-02,7.600263953208923340e-01,-1.123302340507507324e+00,-1.546727679669857025e-02,7.335370182991027832e-01,-1.215940356254577637e+00,4.300692677497863770e-02,7.606260776519775391e-01,-1.198791742324829102e+00
7.270035892724990845e-02,7.859284281730651855e-01,-1.171134352684020996e+00,-7.120028883218765259e-02,7.595326304435729980e-01,-1.123122572898864746e+00,-1.564990542829036713e-02,7.331843972206115723e-01,-1.216404199600219727e+00,4.303778707981109619e-02,7.609466910362243652e-01,-1.199356555938720703e+00
7.389233261346817017e-02,7.872552275657653809e-01,-1.172478675842285156e+00,-7.122655957937240601e-02,7.606030106544494629e-01,-1.122931838035583496e+00,-1.574028097093105316e-02,7.336331605911254883e-01,-1.215722084045410156e+00,4.336036741733551025e-02,7.619857788085937500e-01,-1.197880506515502930e+00
7.279605418443679810e-02,7.867886424064636230e-01,-1.171052336692810059e+00,-7.191140204668045044e-02,7.604015469551086426e-01,-1.123587965965270996e+00,-1.531686447560787201e-02,7.335097789764404297e-01,-1.215704798698425293e+00,4.324881732463836670e-02,7.609695196151733398e-01,-1.198600649833679199e+00
7.220458239316940308e-02,7.864192724227905273e-01,-1.170295834541320801e+00,-7.212657481431961060e-02,7.603353261947631836e-01,-1.124365091323852539e+00,-1.500431261956691742e-02,7.333980798721313477e-01,-1.215795993804931641e+00,4.350864887237548828e-02,7.606231570243835449e-01,-1.199391365051269531e+00
7.314319163560867310e-02,7.874855399131774902e-01,-1.170862793922424316e+00,-7.238689810037612915e-02,7.613844871520996094e-01,-1.124636650085449219e+00,-1.471436582505702972e-02,7.335969209671020508e-01,-1.214715957641601562e+00,4.398174583911895752e-02,7.612355947494506836e-01,-1.198306441307067871e+00
7.371433824300765991e-02,7.866410613059997559e-01,-1.171851396560668945e+00,-7.115954905748367310e-02,7.601993680000305176e-01,-1.123286962509155273e+00,-1.538964174687862396e-02,7.332248687744140625e-01,-1.215771436691284180e+00,4.346769675612449646e-02,7.616018056869506836e-01,-1.198704004287719727e+00
7.319977134466171265e-02,7.854431271553039551e-01,-1.171262264251708984e+00,-7.087109237909317017e-02,7.591031193733215332e-01,-1.122984528541564941e+00,-1.555018685758113861e-02,7.329915165901184082e-01,-1.216649055480957031e+00,4.324489086866378784e-02,7.609916925430297852e-01,-1.199726581573486328e+00
7.241792231798171997e-02,7.850738763809204102e-01,-1.170361757278442383e+00,-7.131922990083694458e-02,7.589352726936340332e-01,-1.123590826988220215e+00,-1.532976888120174408e-02,7.329668998718261719e-01,-1.216880321502685547e+00,4.329277575016021729e-02,7.604135870933532715e-01,-1.200421690940856934e+00
7.275813072919845581e-02,7.869957685470581055e-01,-1.170370697975158691e+00,-7.242662459611892700e-02,7.609881758689880371e-01,-1.124894499778747559e+00,-1.462326012551784515e-02,7.335702180862426758e-01,-1.215348243713378906e+00,4.403673112392425537e-02,7.608175277709960938e-01,-1.199119687080383301e+00
7.416101545095443726e-02,7.870494127273559570e-01,-1.171976923942565918e+00,-7.124001532793045044e-02,7.608443498611450195e-01,-1.123737931251525879e+00,-1.517974399030208588e-02,7.333075404167175293e-01,-1.215214014053344727e+00,4.384423792362213135e-02,7.620555162429809570e-01,-1.198295116424560547e+00
